Date,Region,City,State,Lat,Lon,Forecast_Precip_In,Forecast_UV,Action,Trigger_Reason,Hist_Umbrella_Revenue,Priority_Score,Spend_Share
2026-09-19,US,Chicago,Illinois,41.85003,-87.65005,0.78,0.65,Scale Umbrellas,Forecast rain 0.78 in ≥ 0.20 in,2943.2799999999997,8829.84,0.284588
2026-09-19,US,Miami,Florida,25.77427,-80.19366,2.409,7.15,Scale Umbrellas,Forecast rain 2.41 in ≥ 0.20 in,2709.77,8129.31,0.26201
2026-09-19,US,Wilmington,North Carolina,34.23556,-77.94604,0.807,5.2,Scale Umbrellas,Forecast rain 0.81 in ≥ 0.20 in,591.95,1775.85,0.057236
2026-09-19,US,Madison,Wisconsin,43.07305,-89.40123,2.13,1.1,Scale Umbrellas,Forecast rain 2.13 in ≥ 0.20 in,410.99,1232.97,0.039739
2026-09-19,US,Charleston,South Carolina,32.77632,-79.93275,3.26,7.1,Scale Umbrellas,Forecast rain 3.26 in ≥ 0.20 in,364.17,1092.51,0.035212
2026-09-19,US,Grand Rapids,Michigan,42.96336,-85.66809,1.386,0.75,Scale Umbrellas,Forecast rain 1.39 in ≥ 0.20 in,302.26,906.78,0.029226
2026-09-19,US,Honolulu,Hawaii,21.30694,-157.85834,0.051,8.55,Sun Protection (Hats/Shirts),Forecast UV 8.6 ≥ 8,835.68,893.13,0.028786
2026-09-19,US,Naperville,Illinois,41.78586,-88.14729,0.528,1.2,Scale Umbrellas,Forecast rain 0.53 in ≥ 0.20 in,303.12,800.24,0.025792
2026-09-19,US,Milwaukee,Wisconsin,43.0389,-87.90647,1.248,0.9,Scale Umbrellas,Forecast rain 1.25 in ≥ 0.20 in,260.35,781.05,0.025173
2026-09-19,US,Fort Wayne,Indiana,41.1306,-85.12886,0.622,2.9,Scale Umbrellas,Forecast rain 0.62 in ≥ 0.20 in,204.32,612.96,0.019756
2026-09-19,US,Wichita,Kansas,37.69224,-97.33754,0.496,6.6,Scale Umbrellas,Forecast rain 0.50 in ≥ 0.20 in,232.9,577.59,0.018616
2026-09-19,US,Bloomfield Hills,Michigan,42.58364,-83.24549,1.193,1.3,Scale Umbrellas,Forecast rain 1.19 in ≥ 0.20 in,181.23,543.69,0.017523
2026-09-19,US,Evanston,Illinois,42.04114,-87.69006,3.484,0.85,Scale Umbrellas,Forecast rain 3.48 in ≥ 0.20 in,177.62,532.86,0.017174
2026-09-19,US,Wilmette,Illinois,42.07225,-87.72284,4.169,1.1,Scale Umbrellas,Forecast rain 4.17 in ≥ 0.20 in,164.29000000000002,492.87,0.015885
2026-09-19,US,Plymouth,Michigan,42.37143,-83.47021,0.358,1.6,Scale Umbrellas,Forecast rain 0.36 in ≥ 0.20 in,230.03,411.75,0.013271
2026-09-19,US,Ann Arbor,Michigan,42.27756,-83.74088,0.224,1.05,Scale Umbrellas,Forecast rain 0.22 in ≥ 0.20 in,275.62,308.69,0.009949
2026-09-19,US,Santa Fe,New Mexico,35.68698,-105.9378,0.622,7.25,Scale Umbrellas,Forecast rain 0.62 in ≥ 0.20 in,101.49000000000001,304.47,0.009813
2026-09-19,US,Cedar Rapids,Iowa,42.00833,-91.64407,5.177,5.5,Scale Umbrellas,Forecast rain 5.18 in ≥ 0.20 in,99.48,298.44,0.009619
2026-09-19,US,Macomb,Michigan,42.70087,-82.95909,0.854,1.3,Scale Umbrellas,Forecast rain 0.85 in ≥ 0.20 in,93.54,280.62,0.009044
2026-09-19,US,Downers Grove,Illinois,41.80892,-88.01117,0.358,1.5,Scale Umbrellas,Forecast rain 0.36 in ≥ 0.20 in,144.54,258.73,0.008339
2026-09-19,US,Iowa City,Iowa,41.66113,-91.53017,0.878,4.75,Scale Umbrellas,Forecast rain 0.88 in ≥ 0.20 in,72.6,217.8,0.00702
2026-09-19,US,Whitefish Bay,Wisconsin,43.11334,-87.90009,1.563,1.1,Scale Umbrellas,Forecast rain 1.56 in ≥ 0.20 in,67.08,201.24,0.006486
2026-09-19,US,Waukesha,Wisconsin,43.01168,-88.23148,2.917,0.85,Scale Umbrellas,Forecast rain 2.92 in ≥ 0.20 in,65.98,197.94,0.00638
2026-09-19,US,Billings,Montana,45.78329,-108.50069,2.358,0.7,Scale Umbrellas,Forecast rain 2.36 in ≥ 0.20 in,63.75,191.25,0.006164
2026-09-19,US,Lawrence,Kansas,38.97167,-95.23525,0.524,6.35,Scale Umbrellas,Forecast rain 0.52 in ≥ 0.20 in,70.14,183.77,0.005923
2026-09-19,US,Ewa Beach,Hawaii,21.31556,-158.00722,0.004,8.55,Sun Protection (Hats/Shirts),Forecast UV 8.6 ≥ 8,165.22,176.58,0.005691
2026-09-19,US,Kailua,Hawaii,21.40241,-157.74054,0.209,8.55,Scale Umbrellas,Forecast rain 0.21 in ≥ 0.20 in,115.81,121.02,0.003901
2026-09-19,US,Kaneohe,Hawaii,21.39994,-157.79895,0.209,8.55,Scale Umbrellas,Forecast rain 0.21 in ≥ 0.20 in,106.22,111.0,0.003578
2026-09-19,US,Mililani,Hawaii,21.4504,-158.01503,0.035,8.55,Sun Protection (Hats/Shirts),Forecast UV 8.6 ≥ 8,89.56,95.72,0.003085
2026-09-19,US,Rapid City,South Dakota,44.08054,-103.23101,2.28,1.85,Scale Umbrellas,Forecast rain 2.28 in ≥ 0.20 in,31.86,95.58,0.003081
2026-09-19,US,Cordova,Alaska,60.5432,-145.75867,0.831,1.75,Scale Umbrellas,Forecast rain 0.83 in ≥ 0.20 in,29.560000000000002,88.68,0.002858
2026-09-19,US,Appleton,Wisconsin,44.26193,-88.41538,0.205,0.4,Scale Umbrellas,Forecast rain 0.20 in ≥ 0.20 in,60.74,62.26,0.002007
2026-09-19,US,Sheridan,Wyoming,44.79719,-106.95618,0.256,4.65,Scale Umbrellas,Forecast rain 0.26 in ≥ 0.20 in,41.14,52.66,0.001697
2026-09-19,US,Tijeras,New Mexico,35.08088,-106.38808,0.354,7.2,Scale Umbrellas,Forecast rain 0.35 in ≥ 0.20 in,28.75,50.89,0.00164
2026-09-19,US,Sitka,Alaska,57.05315,-135.33089,1.213,2.35,Scale Umbrellas,Forecast rain 1.21 in ≥ 0.20 in,16.05,48.15,0.001552
2026-09-19,US,Missoula,Montana,46.87215,-113.994,0.24,5.25,Scale Umbrellas,Forecast rain 0.24 in ≥ 0.20 in,28.06,33.67,0.001085
2026-09-19,CAN,Corner Brook,Newfoundland And Labrador,48.95001,-57.95202,0.413,3.9,Scale Umbrellas,Forecast rain 0.41 in ≥ 0.20 in,0.0,23.39,0.000754
2026-09-19,UK,Aberdare,Wales,51.71438,-3.44918,0.264,1.95,Scale Umbrellas,Forecast rain 0.26 in ≥ 0.20 in,4.02,5.31,0.000171
2026-09-19,CAN,St. John'S,Newfoundland And Labrador,47.56494,-52.70931,0.24,3.25,Scale Umbrellas,Forecast rain 0.24 in ≥ 0.20 in,2.7600000000000002,3.31,0.000107
2026-09-19,UK,Merthyr Tydfil,Wales,51.74794,-3.37779,0.209,1.8,Scale Umbrellas,Forecast rain 0.21 in ≥ 0.20 in,2.11,2.2,7.1e-05
2026-09-19,US,Anchorage,Alaska,61.21806,-149.90028,0.079,1.9,Baseline,No forecast trigger,76.25,0.0,0.0
2026-09-19,US,Fairbanks,Alaska,64.83778,-147.71638,0.055,2.2,Baseline,No forecast trigger,22.16,0.0,0.0
2026-09-19,US,Wasilla,Alaska,61.5809,-149.4415,0.067,2.35,Baseline,No forecast trigger,9.92,0.0,0.0
2026-09-19,US,Birmingham,Alabama,33.52066,-86.80249,0.0,7.05,Baseline,No forecast trigger,372.08000000000004,0.0,0.0
2026-09-19,US,Huntsville,Alabama,34.7304,-86.58594,0.0,6.95,Baseline,No forecast trigger,297.28,0.0,0.0
2026-09-19,US,Mobile,Alabama,30.69436,-88.04305,0.0,7.3,Baseline,No forecast trigger,162.07999999999998,0.0,0.0
2026-09-19,US,Madison,Alabama,34.69926,-86.74833,0.0,6.95,Baseline,No forecast trigger,410.99,0.0,0.0
2026-09-19,US,Fairhope,Alabama,30.52297,-87.90333,0.0,7.45,Baseline,No forecast trigger,98.15,0.0,0.0
2026-09-19,US,Little Rock,Arkansas,34.74648,-92.28959,0.0,6.8,Baseline,No forecast trigger,255.9,0.0,0.0
2026-09-19,US,Jonesboro,Arkansas,35.8423,-90.70428,0.0,6.5,Baseline,No forecast trigger,94.24,0.0,0.0
2026-09-19,US,Bentonville,Arkansas,36.37285,-94.20882,0.0,6.35,Baseline,No forecast trigger,139.7,0.0,0.0
2026-09-19,US,Fayetteville,Arkansas,36.06258,-94.15743,0.0,6.6,Baseline,No forecast trigger,94.36999999999999,0.0,0.0
2026-09-19,US,Rogers,Arkansas,36.33202,-94.11854,0.0,6.4,Baseline,No forecast trigger,102.64,0.0,0.0
2026-09-19,US,Phoenix,Arizona,33.44838,-112.07404,0.0,7.3,Baseline,No forecast trigger,459.78999999999996,0.0,0.0
2026-09-19,US,Tucson,Arizona,32.22174,-110.92648,0.0,7.65,Baseline,No forecast trigger,402.63,0.0,0.0
2026-09-19,US,Scottsdale,Arizona,33.50921,-111.89903,0.0,7.3,Baseline,No forecast trigger,373.86,0.0,0.0
2026-09-19,US,Gilbert,Arizona,33.35283,-111.78903,0.0,7.35,Baseline,No forecast trigger,134.3,0.0,0.0
2026-09-19,US,Mesa,Arizona,33.42227,-111.82264,0.0,7.35,Baseline,No forecast trigger,138.07999999999998,0.0,0.0
2026-09-19,US,Los Angeles,California,34.05223,-118.24368,0.0,7.05,Baseline,No forecast trigger,2423.83,0.0,0.0
2026-09-19,US,San Francisco,California,37.77493,-122.41942,0.0,6.55,Baseline,No forecast trigger,2496.73,0.0,0.0
2026-09-19,US,San Diego,California,32.71571,-117.16472,0.0,7.25,Baseline,No forecast trigger,1237.81,0.0,0.0
2026-09-19,US,San Jose,California,37.33939,-121.89496,0.0,6.6,Baseline,No forecast trigger,981.03,0.0,0.0
2026-09-19,US,Oakland,California,37.80437,-122.2708,0.0,6.55,Baseline,No forecast trigger,669.47,0.0,0.0
2026-09-19,US,Denver,Colorado,39.73915,-104.9847,0.016,6.65,Baseline,No forecast trigger,562.38,0.0,0.0
2026-09-19,US,Colorado Springs,Colorado,38.83388,-104.82136,0.0,6.9,Baseline,No forecast trigger,290.65000000000003,0.0,0.0
2026-09-19,US,Littleton,Colorado,39.61332,-105.01665,0.197,6.7,Baseline,No forecast trigger,163.32,0.0,0.0
2026-09-19,US,Aurora,Colorado,39.72943,-104.83192,0.0,6.7,Baseline,No forecast trigger,134.32,0.0,0.0
2026-09-19,US,Fort Collins,Colorado,40.58526,-105.08442,0.016,6.55,Baseline,No forecast trigger,139.49,0.0,0.0
2026-09-19,US,Norwalk,Connecticut,41.1176,-73.4079,0.0,5.9,Baseline,No forecast trigger,136.45,0.0,0.0
2026-09-19,US,Greenwich,Connecticut,41.02649,-73.62846,0.0,5.85,Baseline,No forecast trigger,421.93,0.0,0.0
2026-09-19,US,Stamford,Connecticut,41.05343,-73.53873,0.0,5.85,Baseline,No forecast trigger,162.43,0.0,0.0
2026-09-19,US,Fairfield,Connecticut,41.14121,-73.26373,0.0,5.95,Baseline,No forecast trigger,155.76,0.0,0.0
2026-09-19,US,New Canaan,Connecticut,41.14676,-73.49484,0.0,5.95,Baseline,No forecast trigger,167.03,0.0,0.0
2026-09-19,US,Wilmington,Delaware,39.74595,-75.54659,0.0,5.95,Baseline,No forecast trigger,591.95,0.0,0.0
2026-09-19,US,New Castle,Delaware,39.65948,-75.56359,0.0,5.45,Baseline,No forecast trigger,98.9,0.0,0.0
2026-09-19,US,Lewes,Delaware,38.77456,-75.13935,0.0,6.25,Baseline,No forecast trigger,92.15,0.0,0.0
2026-09-19,US,Newark,Delaware,39.68372,-75.74966,0.0,5.25,Baseline,No forecast trigger,107.28,0.0,0.0
2026-09-19,US,Middletown,Delaware,39.44956,-75.71632,0.0,5.7,Baseline,No forecast trigger,47.87,0.0,0.0
2026-09-19,US,Orlando,Florida,28.53834,-81.37924,0.0,6.75,Baseline,No forecast trigger,977.27,0.0,0.0
2026-09-19,US,Naples,Florida,26.14234,-81.79596,0.0,7.95,Baseline,No forecast trigger,762.99,0.0,0.0
2026-09-19,US,Tampa,Florida,27.94752,-82.45843,0.0,7.5,Baseline,No forecast trigger,696.35,0.0,0.0
2026-09-19,US,Boca Raton,Florida,26.35869,-80.0831,0.0,7.8,Baseline,No forecast trigger,600.39,0.0,0.0
2026-09-19,US,Atlanta,Georgia,33.749,-84.38798,0.0,7.1,Baseline,No forecast trigger,1204.27,0.0,0.0
2026-09-19,US,Marietta,Georgia,33.9526,-84.54993,0.0,7.05,Baseline,No forecast trigger,563.3,0.0,0.0
2026-09-19,US,Savannah,Georgia,32.08354,-81.09983,0.028,6.95,Baseline,No forecast trigger,320.40000000000003,0.0,0.0
2026-09-19,US,Alpharetta,Georgia,34.07538,-84.29409,0.0,7.05,Baseline,No forecast trigger,264.8,0.0,0.0
2026-09-19,US,Decatur,Georgia,33.77483,-84.29631,0.0,7.1,Baseline,No forecast trigger,199.81,0.0,0.0
2026-09-19,US,Des Moines,Iowa,41.60054,-93.60911,0.071,5.35,Baseline,No forecast trigger,67.94,0.0,0.0
2026-09-19,US,Ames,Iowa,42.03471,-93.61994,0.126,5.25,Baseline,No forecast trigger,47.92,0.0,0.0
2026-09-19,US,West Des Moines,Iowa,41.57721,-93.71133,0.197,5.5,Baseline,No forecast trigger,55.04,0.0,0.0
2026-09-19,US,Boise,Idaho,43.6135,-116.20345,0.016,5.8,Baseline,No forecast trigger,166.37,0.0,0.0
2026-09-19,US,Meridian,Idaho,43.61211,-116.39151,0.0,5.75,Baseline,No forecast trigger,98.59,0.0,0.0
2026-09-19,US,Eagle,Idaho,43.69544,-116.35401,0.0,5.75,Baseline,No forecast trigger,45.19,0.0,0.0
2026-09-19,US,Kuna,Idaho,43.49183,-116.42012,0.0,5.8,Baseline,No forecast trigger,75.89999999999999,0.0,0.0
2026-09-19,US,Indianapolis,Indiana,39.76838,-86.15804,0.043,6.0,Baseline,No forecast trigger,482.22,0.0,0.0
2026-09-19,US,Carmel,Indiana,39.97837,-86.11804,0.0,5.95,Baseline,No forecast trigger,271.69,0.0,0.0
2026-09-19,US,Bloomington,Indiana,39.16533,-86.52639,0.0,6.05,Baseline,No forecast trigger,147.0,0.0,0.0
2026-09-19,US,West Lafayette,Indiana,40.42587,-86.90807,0.0,5.3,Baseline,No forecast trigger,91.86,0.0,0.0
2026-09-19,US,Overland Park,Kansas,38.98223,-94.67079,0.0,6.3,Baseline,No forecast trigger,217.21,0.0,0.0
2026-09-19,US,Olathe,Kansas,38.8814,-94.81913,0.0,6.35,Baseline,No forecast trigger,116.0,0.0,0.0
2026-09-19,US,Leawood,Kansas,38.96667,-94.6169,0.0,6.3,Baseline,No forecast trigger,64.51,0.0,0.0
2026-09-19,US,Louisville,Kentucky,38.25424,-85.75941,0.0,6.2,Baseline,No forecast trigger,525.05,0.0,0.0
2026-09-19,US,Lexington,Kentucky,37.98869,-84.47772,0.0,6.3,Baseline,No forecast trigger,362.01000000000005,0.0,0.0
2026-09-19,US,Bowling Green,Kentucky,36.99032,-86.4436,0.0,6.4,Baseline,No forecast trigger,68.25,0.0,0.0
2026-09-19,US,Paducah,Kentucky,37.08339,-88.60005,0.0,6.3,Baseline,No forecast trigger,83.11,0.0,0.0
2026-09-19,US,Middlesboro,Kentucky,36.60842,-83.71658,0.0,6.45,Baseline,No forecast trigger,22.69,0.0,0.0
2026-09-19,US,Baton Rouge,Louisiana,30.44332,-91.18747,0.0,7.35,Baseline,No forecast trigger,417.5,0.0,0.0
2026-09-19,US,New Orleans,Louisiana,29.95465,-90.07507,0.0,7.5,Baseline,No forecast trigger,322.7,0.0,0.0
2026-09-19,US,Lafayette,Louisiana,30.22409,-92.01984,0.0,7.4,Baseline,No forecast trigger,244.69,0.0,0.0
2026-09-19,US,Shreveport,Louisiana,32.52515,-93.75018,0.0,7.15,Baseline,No forecast trigger,290.65,0.0,0.0
2026-09-19,US,Metairie,Louisiana,29.98409,-90.15285,0.0,7.5,Baseline,No forecast trigger,149.57999999999998,0.0,0.0
2026-09-19,US,Reading,Massachusetts,42.52565,-71.09533,0.0,5.55,Baseline,No forecast trigger,951.13,0.0,0.0
2026-09-19,US,Boston,Massachusetts,42.35843,-71.05977,0.0,5.4,Baseline,No forecast trigger,994.42,0.0,0.0
2026-09-19,US,Cambridge,Massachusetts,42.3751,-71.10561,0.0,5.25,Baseline,No forecast trigger,357.35,0.0,0.0
2026-09-19,US,Berkley,Massachusetts,41.84593,-71.08282,0.0,5.1,Baseline,No forecast trigger,104.64,0.0,0.0
2026-09-19,US,Somerville,Massachusetts,42.3876,-71.0995,0.0,5.25,Baseline,No forecast trigger,182.65,0.0,0.0
2026-09-19,US,Baltimore,Maryland,39.29038,-76.61219,0.0,6.05,Baseline,No forecast trigger,371.93,0.0,0.0
2026-09-19,US,Bethesda,Maryland,38.98067,-77.10026,0.0,6.2,Baseline,No forecast trigger,388.47,0.0,0.0
2026-09-19,US,Silver Spring,Maryland,38.99067,-77.02609,0.0,6.2,Baseline,No forecast trigger,220.5,0.0,0.0
2026-09-19,US,Rockville,Maryland,39.084,-77.15276,0.0,6.2,Baseline,No forecast trigger,205.82,0.0,0.0
2026-09-19,US,Annapolis,Maryland,38.97859,-76.49184,0.0,6.2,Baseline,No forecast trigger,193.67,0.0,0.0
2026-09-19,US,Portland,Maine,43.65737,-70.2589,0.0,5.7,Baseline,No forecast trigger,1114.68,0.0,0.0
2026-09-19,US,Scarborough,Maine,43.57814,-70.32172,0.0,5.7,Baseline,No forecast trigger,60.37,0.0,0.0
2026-09-19,US,Falmouth,Maine,43.72953,-70.24199,0.0,5.65,Baseline,No forecast trigger,41.55,0.0,0.0
2026-09-19,US,Bangor,Maine,44.79884,-68.77265,0.0,5.5,Baseline,No forecast trigger,29.74,0.0,0.0
2026-09-19,US,Eliot,Maine,43.15314,-70.80006,0.0,5.7,Baseline,No forecast trigger,23.41,0.0,0.0
2026-09-19,US,Minneapolis,Minnesota,44.97997,-93.26384,0.13,0.95,Baseline,No forecast trigger,522.84,0.0,0.0
2026-09-19,US,Saint Paul,Minnesota,44.94441,-93.09327,0.031,0.9,Baseline,No forecast trigger,263.32,0.0,0.0
2026-09-19,US,Plymouth,Minnesota,45.01052,-93.45551,0.016,0.85,Baseline,No forecast trigger,230.03,0.0,0.0
2026-09-19,US,Minnetonka,Minnesota,44.9133,-93.50329,0.016,0.9,Baseline,No forecast trigger,67.31,0.0,0.0
2026-09-19,US,Eden Prairie,Minnesota,44.85469,-93.47079,0.031,0.8,Baseline,No forecast trigger,81.93,0.0,0.0
2026-09-19,US,Saint Louis,Missouri,38.65174,-90.20525,0.0,5.65,Baseline,No forecast trigger,503.97999999999996,0.0,0.0
2026-09-19,US,Kansas City,Missouri,39.09973,-94.57857,0.0,6.25,Baseline,No forecast trigger,295.01,0.0,0.0
2026-09-19,US,Chesterfield,Missouri,38.66311,-90.57707,0.0,5.45,Baseline,No forecast trigger,154.27,0.0,0.0
2026-09-19,US,Saint Charles,Missouri,38.78394,-90.48123,0.0,5.4,Baseline,No forecast trigger,112.03,0.0,0.0
2026-09-19,US,Springfield,Missouri,37.21533,-93.29824,0.0,6.45,Baseline,No forecast trigger,113.33,0.0,0.0
2026-09-19,US,Madison,Mississippi,32.46181,-90.11536,0.0,7.15,Baseline,No forecast trigger,410.99,0.0,0.0
2026-09-19,US,Gulfport,Mississippi,30.36742,-89.09282,0.0,7.4,Baseline,No forecast trigger,65.27,0.0,0.0
2026-09-19,US,Hattiesburg,Mississippi,31.32712,-89.29034,0.0,7.3,Baseline,No forecast trigger,35.83,0.0,0.0
2026-09-19,US,Jackson,Mississippi,32.29876,-90.18481,0.0,7.15,Baseline,No forecast trigger,40.010000000000005,0.0,0.0
2026-09-19,US,Southaven,Mississippi,34.98898,-90.01259,0.0,6.8,Baseline,No forecast trigger,42.06,0.0,0.0
2026-09-19,US,Bozeman,Montana,45.67965,-111.03856,0.083,2.9,Baseline,No forecast trigger,49.2,0.0,0.0
2026-09-19,US,Great Falls,Montana,47.50024,-111.30081,0.0,4.1,Baseline,No forecast trigger,29.419999999999998,0.0,0.0
2026-09-19,US,Kalispell,Montana,48.19579,-114.31291,0.0,5.35,Baseline,No forecast trigger,36.16,0.0,0.0
2026-09-19,US,Charlotte,North Carolina,35.22709,-80.84313,0.0,5.9,Baseline,No forecast trigger,1057.24,0.0,0.0
2026-09-19,US,Raleigh,North Carolina,35.7721,-78.63861,0.0,6.6,Baseline,No forecast trigger,673.03,0.0,0.0
2026-09-19,US,Durham,North Carolina,35.99403,-78.89862,0.0,6.5,Baseline,No forecast trigger,223.35999999999999,0.0,0.0
2026-09-19,US,Chapel Hill,North Carolina,35.9132,-79.05584,0.0,5.75,Baseline,No forecast trigger,234.24,0.0,0.0
2026-09-19,US,Fargo,North Dakota,46.87719,-96.7898,0.0,5.15,Baseline,No forecast trigger,65.82,0.0,0.0
2026-09-19,US,West Fargo,North Dakota,46.87497,-96.90036,0.016,5.2,Baseline,No forecast trigger,39.59,0.0,0.0
2026-09-19,US,Bismarck,North Dakota,46.80833,-100.78374,0.102,1.85,Baseline,No forecast trigger,27.36,0.0,0.0
2026-09-19,US,Dickinson,North Dakota,46.87918,-102.78962,0.016,2.85,Baseline,No forecast trigger,26.21,0.0,0.0
2026-09-19,US,Grand Forks,North Dakota,47.92526,-97.03285,0.0,3.8,Baseline,No forecast trigger,8.92,0.0,0.0
2026-09-19,US,Omaha,Nebraska,41.25626,-95.94043,0.0,5.9,Baseline,No forecast trigger,232.41,0.0,0.0
2026-09-19,US,Lincoln,Nebraska,40.8,-96.66696,0.0,6.15,Baseline,No forecast trigger,106.0,0.0,0.0
2026-09-19,US,Elkhorn,Nebraska,41.345,-96.256,0.0,5.85,Baseline,No forecast trigger,58.6,0.0,0.0
2026-09-19,US,Bellevue,Nebraska,41.13667,-95.89084,0.0,6.1,Baseline,No forecast trigger,296.72,0.0,0.0
2026-09-19,US,Papillion,Nebraska,41.15444,-96.04224,0.0,5.9,Baseline,No forecast trigger,37.15,0.0,0.0
2026-09-19,US,Manchester,New Hampshire,42.99564,-71.45479,0.0,5.6,Baseline,No forecast trigger,84.45,0.0,0.0
2026-09-19,US,Nashua,New Hampshire,42.76537,-71.46757,0.0,5.6,Baseline,No forecast trigger,85.91,0.0,0.0
2026-09-19,US,Hampton,New Hampshire,42.93759,-70.83894,0.0,5.55,Baseline,No forecast trigger,58.470000000000006,0.0,0.0
2026-09-19,US,Portsmouth,New Hampshire,43.07704,-70.75766,0.0,5.65,Baseline,No forecast trigger,51.69,0.0,0.0
2026-09-19,US,Exeter,New Hampshire,42.98148,-70.94783,0.0,5.45,Baseline,No forecast trigger,37.24,0.0,0.0
2026-09-19,US,Jersey City,New Jersey,40.72816,-74.07764,0.0,6.05,Baseline,No forecast trigger,586.88,0.0,0.0
2026-09-19,US,Hoboken,New Jersey,40.74399,-74.03236,0.0,6.05,Baseline,No forecast trigger,303.13,0.0,0.0
2026-09-19,US,Morristown,New Jersey,40.79677,-74.48154,0.0,6.0,Baseline,No forecast trigger,202.98999999999998,0.0,0.0
2026-09-19,US,Westfield,New Jersey,40.65899,-74.34737,0.0,6.0,Baseline,No forecast trigger,185.79,0.0,0.0
2026-09-19,US,Princeton,New Jersey,40.34872,-74.65905,0.0,5.9,Baseline,No forecast trigger,151.32999999999998,0.0,0.0
2026-09-19,US,Albuquerque,New Mexico,35.08449,-106.65114,0.126,7.2,Baseline,No forecast trigger,311.62,0.0,0.0
2026-09-19,US,Las Cruces,New Mexico,32.31232,-106.77834,0.0,7.5,Baseline,No forecast trigger,71.61,0.0,0.0
2026-09-19,US,Los Alamos,New Mexico,35.88808,-106.30697,0.0,7.15,Baseline,No forecast trigger,32.22,0.0,0.0
2026-09-19,US,Henderson,Nevada,36.0397,-114.98194,0.0,6.85,Baseline,No forecast trigger,221.68,0.0,0.0
2026-09-19,US,Las Vegas,Nevada,36.17497,-115.13722,0.0,7.1,Baseline,No forecast trigger,602.71,0.0,0.0
2026-09-19,US,Reno,Nevada,39.52963,-119.8138,0.0,6.6,Baseline,No forecast trigger,198.0,0.0,0.0
2026-09-19,US,Carson City,Nevada,39.1638,-119.7674,0.0,6.7,Baseline,No forecast trigger,22.23,0.0,0.0
2026-09-19,US,North Las Vegas,Nevada,36.19886,-115.1175,0.0,7.1,Baseline,No forecast trigger,21.009999999999998,0.0,0.0
2026-09-19,US,New York,New York,40.71427,-74.00597,0.0,6.05,Baseline,No forecast trigger,7823.84,0.0,0.0
2026-09-19,US,Brooklyn,New York,40.6501,-73.94958,0.0,6.05,Baseline,No forecast trigger,3916.93,0.0,0.0
2026-09-19,US,Bronx,New York,40.84985,-73.86641,0.0,6.0,Baseline,No forecast trigger,453.86,0.0,0.0
2026-09-19,US,Staten Island,New York,40.56233,-74.13986,0.0,6.0,Baseline,No forecast trigger,497.68,0.0,0.0
2026-09-19,US,Astoria,New York,40.77205,-73.93014,0.0,6.0,Baseline,No forecast trigger,273.25,0.0,0.0
2026-09-19,US,Cincinnati,Ohio,39.12711,-84.51439,0.0,6.05,Baseline,No forecast trigger,743.62,0.0,0.0
2026-09-19,US,Columbus,Ohio,39.96118,-82.99879,0.031,5.9,Baseline,No forecast trigger,620.78,0.0,0.0
2026-09-19,US,Dayton,Ohio,39.75895,-84.19161,0.016,5.9,Baseline,No forecast trigger,236.76,0.0,0.0
2026-09-19,US,Dublin,Ohio,40.09923,-83.11408,0.13,5.9,Baseline,No forecast trigger,163.25,0.0,0.0
2026-09-19,US,Cleveland,Ohio,41.4995,-81.69541,0.087,4.35,Baseline,No forecast trigger,150.06,0.0,0.0
2026-09-19,US,Edmond,Oklahoma,35.65283,-97.4781,0.0,6.75,Baseline,No forecast trigger,380.66,0.0,0.0
2026-09-19,US,Tulsa,Oklahoma,36.15398,-95.99277,0.0,6.25,Baseline,No forecast trigger,450.78,0.0,0.0
2026-09-19,US,Oklahoma City,Oklahoma,35.46756,-97.51643,0.0,6.8,Baseline,No forecast trigger,229.98,0.0,0.0
2026-09-19,US,Norman,Oklahoma,35.22257,-97.43948,0.0,6.8,Baseline,No forecast trigger,114.31,0.0,0.0
2026-09-19,US,Broken Arrow,Oklahoma,36.0526,-95.79082,0.0,5.9,Baseline,No forecast trigger,88.45,0.0,0.0
2026-09-19,US,Portland,Oregon,45.52345,-122.67621,0.0,5.2,Baseline,No forecast trigger,1114.68,0.0,0.0
2026-09-19,US,Lake Oswego,Oregon,45.42067,-122.67065,0.0,5.15,Baseline,No forecast trigger,180.67999999999998,0.0,0.0
2026-09-19,US,Beaverton,Oregon,45.48706,-122.80371,0.0,5.0,Baseline,No forecast trigger,120.91,0.0,0.0
2026-09-19,US,Eugene,Oregon,44.05207,-123.08675,0.0,5.55,Baseline,No forecast trigger,128.59,0.0,0.0
2026-09-19,US,Salem,Oregon,44.9429,-123.0351,0.0,5.05,Baseline,No forecast trigger,105.42,0.0,0.0
2026-09-19,US,Philadelphia,Pennsylvania,39.95238,-75.16362,0.0,5.1,Baseline,No forecast trigger,1092.95,0.0,0.0
2026-09-19,US,Pittsburgh,Pennsylvania,40.44062,-79.99589,0.0,5.85,Baseline,No forecast trigger,679.83,0.0,0.0
2026-09-19,US,Lancaster,Pennsylvania,40.03788,-76.30551,0.0,5.85,Baseline,No forecast trigger,180.85,0.0,0.0
2026-09-19,US,West Chester,Pennsylvania,39.96097,-75.60804,0.0,5.75,Baseline,No forecast trigger,175.43,0.0,0.0
2026-09-19,US,Doylestown,Pennsylvania,40.31011,-75.12989,0.0,5.6,Baseline,No forecast trigger,162.19,0.0,0.0
2026-09-19,US,Providence,Rhode Island,41.82399,-71.41283,0.0,5.0,Baseline,No forecast trigger,147.89000000000001,0.0,0.0
2026-09-19,US,Barrington,Rhode Island,41.74066,-71.30866,0.0,5.05,Baseline,No forecast trigger,78.64,0.0,0.0
2026-09-19,US,Cranston,Rhode Island,41.77982,-71.43728,0.0,5.0,Baseline,No forecast trigger,41.57,0.0,0.0
2026-09-19,US,Warwick,Rhode Island,41.7001,-71.41617,0.0,5.05,Baseline,No forecast trigger,46.92,0.0,0.0
2026-09-19,US,East Greenwich,Rhode Island,41.66038,-71.45589,0.0,5.1,Baseline,No forecast trigger,36.96,0.0,0.0
2026-09-19,US,Greenville,South Carolina,34.85262,-82.39401,0.0,6.95,Baseline,No forecast trigger,359.23,0.0,0.0
2026-09-19,US,Mount Pleasant,South Carolina,32.79407,-79.86259,0.0,7.1,Baseline,No forecast trigger,211.1,0.0,0.0
2026-09-19,US,Columbia,South Carolina,34.00071,-81.03481,0.0,6.75,Baseline,No forecast trigger,230.48999999999998,0.0,0.0
2026-09-19,US,Myrtle Beach,South Carolina,33.68906,-78.88669,0.0,6.75,Baseline,No forecast trigger,246.49,0.0,0.0
2026-09-19,US,Sioux Falls,South Dakota,43.54997,-96.70033,0.016,2.45,Baseline,No forecast trigger,60.74,0.0,0.0
2026-09-19,US,Lennox,South Dakota,43.35415,-96.892,0.016,2.65,Baseline,No forecast trigger,18.65,0.0,0.0
2026-09-19,US,Madison,South Dakota,44.00608,-97.11395,0.0,2.85,Baseline,No forecast trigger,410.99,0.0,0.0
2026-09-19,US,Aberdeen,South Dakota,45.4647,-98.48648,0.0,1.45,Baseline,No forecast trigger,8.59,0.0,0.0
2026-09-19,US,Nashville,Tennessee,36.16589,-86.78444,0.0,6.5,Baseline,No forecast trigger,709.8,0.0,0.0
2026-09-19,US,Knoxville,Tennessee,35.96064,-83.92074,0.0,6.55,Baseline,No forecast trigger,413.12,0.0,0.0
2026-09-19,US,Memphis,Tennessee,35.14953,-90.04898,0.0,6.5,Baseline,No forecast trigger,320.84,0.0,0.0
2026-09-19,US,Franklin,Tennessee,35.92506,-86.86889,0.0,6.55,Baseline,No forecast trigger,301.59000000000003,0.0,0.0
2026-09-19,US,Chattanooga,Tennessee,35.04563,-85.30968,0.0,6.65,Baseline,No forecast trigger,183.88,0.0,0.0
2026-09-19,US,Houston,Texas,29.76328,-95.36327,0.0,7.5,Baseline,No forecast trigger,2773.2400000000002,0.0,0.0
2026-09-19,US,Austin,Texas,30.26715,-97.74306,0.0,7.2,Baseline,No forecast trigger,1550.3,0.0,0.0
2026-09-19,US,Dallas,Texas,32.78306,-96.80667,0.0,6.65,Baseline,No forecast trigger,1503.73,0.0,0.0
2026-09-19,US,San Antonio,Texas,29.42412,-98.49363,0.0,7.6,Baseline,No forecast trigger,767.21,0.0,0.0
2026-09-19,US,Fort Worth,Texas,32.72541,-97.32085,0.0,6.8,Baseline,No forecast trigger,625.93,0.0,0.0
2026-09-19,US,Salt Lake City,Utah,40.76078,-111.89105,0.0,6.3,Baseline,No forecast trigger,169.14000000000001,0.0,0.0
2026-09-19,US,South Jordan,Utah,40.56217,-111.92966,0.0,6.4,Baseline,No forecast trigger,91.31,0.0,0.0
2026-09-19,US,Park City,Utah,40.64606,-111.49797,0.0,6.55,Baseline,No forecast trigger,72.53999999999999,0.0,0.0
2026-09-19,US,Sandy,Utah,40.59161,-111.8841,0.0,6.4,Baseline,No forecast trigger,58.64,0.0,0.0
2026-09-19,US,Alexandria,Virginia,38.80484,-77.04692,0.0,6.25,Baseline,No forecast trigger,848.47,0.0,0.0
2026-09-19,US,Arlington,Virginia,38.88101,-77.10428,0.0,6.25,Baseline,No forecast trigger,608.93,0.0,0.0
2026-09-19,US,Virginia Beach,Virginia,36.85293,-75.97799,0.0,6.55,Baseline,No forecast trigger,478.81,0.0,0.0
2026-09-19,US,Richmond,Virginia,37.55376,-77.46026,0.0,6.45,Baseline,No forecast trigger,471.04999999999995,0.0,0.0
2026-09-19,US,Fairfax,Virginia,38.84622,-77.30637,0.0,6.25,Baseline,No forecast trigger,293.86,0.0,0.0
2026-09-19,US,Burlington,Vermont,44.47588,-73.21207,0.0,5.3,Baseline,No forecast trigger,36.37,0.0,0.0
2026-09-19,US,Essex Junction,Vermont,44.49061,-73.11096,0.0,5.3,Baseline,No forecast trigger,24.2,0.0,0.0
2026-09-19,US,Hyde Park,Vermont,44.59394,-72.61651,0.0,5.45,Baseline,No forecast trigger,20.75,0.0,0.0
2026-09-19,US,South Burlington,Vermont,44.46699,-73.17096,0.0,5.3,Baseline,No forecast trigger,46.62,0.0,0.0
2026-09-19,US,Stowe,Vermont,44.46533,-72.68456,0.0,5.35,Baseline,No forecast trigger,32.36,0.0,0.0
2026-09-19,US,Seattle,Washington,47.60621,-122.33207,0.0,5.0,Baseline,No forecast trigger,1541.73,0.0,0.0
2026-09-19,US,Bellevue,Washington,47.61038,-122.20068,0.0,4.95,Baseline,No forecast trigger,296.72,0.0,0.0
2026-09-19,US,Vancouver,Washington,45.63873,-122.66149,0.0,5.15,Baseline,No forecast trigger,272.42,0.0,0.0
2026-09-19,US,Tacoma,Washington,47.25288,-122.44429,0.0,5.05,Baseline,No forecast trigger,223.86,0.0,0.0
2026-09-19,US,Morgantown,West Virginia,39.62953,-79.9559,0.0,6.25,Baseline,No forecast trigger,102.16,0.0,0.0
2026-09-19,US,Huntington,West Virginia,38.41925,-82.44515,0.0,6.15,Baseline,No forecast trigger,49.74,0.0,0.0
2026-09-19,US,Charleston,West Virginia,38.34982,-81.63262,0.0,6.15,Baseline,No forecast trigger,364.17,0.0,0.0
2026-09-19,US,Wheeling,West Virginia,40.06396,-80.72091,0.0,5.9,Baseline,No forecast trigger,57.44,0.0,0.0
2026-09-19,US,Hurricane,West Virginia,38.43259,-82.02014,0.0,6.15,Baseline,No forecast trigger,25.85,0.0,0.0
2026-09-19,US,Cheyenne,Wyoming,41.13998,-104.82025,0.0,6.55,Baseline,No forecast trigger,50.27,0.0,0.0
2026-09-19,US,Rock Springs,Wyoming,41.58746,-109.2029,0.185,6.6,Baseline,No forecast trigger,32.5,0.0,0.0
2026-09-19,US,Cody,Wyoming,44.52634,-109.05653,0.0,2.3,Baseline,No forecast trigger,14.1,0.0,0.0
2026-09-19,US,Casper,Wyoming,42.86663,-106.31308,0.0,6.2,Baseline,No forecast trigger,10.32,0.0,0.0
2026-09-19,US,Washington,District Of Columbia,38.89511,-77.03637,0.0,6.2,Baseline,No forecast trigger,1762.83,0.0,0.0
2026-09-19,UK,London,England,51.50853,-0.12574,0.087,2.0,Baseline,No forecast trigger,226.18,0.0,0.0
2026-09-19,UK,Bristol,England,51.45523,-2.59665,0.106,0.55,Baseline,No forecast trigger,30.48,0.0,0.0
2026-09-19,UK,Sheffield,England,53.38297,-1.4659,0.008,2.8,Baseline,No forecast trigger,13.110000000000001,0.0,0.0
2026-09-19,UK,Swindon,England,51.55797,-1.78116,0.047,2.05,Baseline,No forecast trigger,15.98,0.0,0.0
2026-09-19,UK,Birmingham,England,52.48142,-1.89983,0.0,2.45,Baseline,No forecast trigger,8.75,0.0,0.0
2026-09-19,UK,Brighton,England,50.82838,-0.13947,0.016,2.75,Baseline,No forecast trigger,7.11,0.0,0.0
2026-09-19,UK,Hove,England,50.83088,-0.1672,0.016,2.7,Baseline,No forecast trigger,8.76,0.0,0.0
2026-09-19,UK,Manchester,England,53.48095,-2.23743,0.02,3.15,Baseline,No forecast trigger,8.35,0.0,0.0
2026-09-19,UK,Glasgow,Scotland,55.86515,-4.25763,0.173,2.75,Baseline,No forecast trigger,10.739999999999998,0.0,0.0
2026-09-19,UK,Edinburgh,Scotland,55.95206,-3.19648,0.02,2.45,Baseline,No forecast trigger,8.47,0.0,0.0
2026-09-19,UK,Aberdeen,Scotland,57.14369,-2.09814,0.0,2.65,Baseline,No forecast trigger,4.23,0.0,0.0
2026-09-19,UK,Dunfermline,Scotland,56.07156,-3.45887,0.028,2.6,Baseline,No forecast trigger,4.26,0.0,0.0
2026-09-19,UK,Aboyne,Scotland,57.07546,-2.78023,0.0,2.65,Baseline,No forecast trigger,1.63,0.0,0.0
2026-09-19,UK,Balerno,Scotland,55.88437,-3.33975,0.146,2.4,Baseline,No forecast trigger,2.0,0.0,0.0
2026-09-19,UK,Banchory,Scotland,57.05168,-2.48824,0.0,2.55,Baseline,No forecast trigger,2.5900000000000003,0.0,0.0
2026-09-19,UK,Barrhead,Scotland,55.79916,-4.39285,0.142,2.65,Baseline,No forecast trigger,2.17,0.0,0.0
2026-09-19,UK,Cardiff,Wales,51.48,-3.18,0.181,0.9,Baseline,No forecast trigger,5.72,0.0,0.0
2026-09-19,UK,Clarbeston Road,Wales,51.85139,-4.88056,0.012,2.75,Baseline,No forecast trigger,1.92,0.0,0.0
2026-09-19,UK,Cwmbran,Wales,51.65446,-3.02281,0.142,2.15,Baseline,No forecast trigger,1.8900000000000001,0.0,0.0
2026-09-19,UK,Llanidloes,Wales,52.44977,-3.53997,0.165,3.15,Baseline,No forecast trigger,1.7999999999999998,0.0,0.0
2026-09-19,UK,Port Talbot,Wales,51.59241,-3.78019,0.094,0.95,Baseline,No forecast trigger,2.2,0.0,0.0
2026-09-19,UK,Newry,Northern Ireland,54.17841,-6.33739,0.024,2.45,Baseline,No forecast trigger,3.96,0.0,0.0
2026-09-19,UK,Belfast,Northern Ireland,54.59682,-5.92541,0.012,2.55,Baseline,No forecast trigger,2.08,0.0,0.0
2026-09-19,UK,Craigavon,Northern Ireland,54.44709,-6.387,0.008,2.1,Baseline,No forecast trigger,1.91,0.0,0.0
2026-09-19,UK,Dromara,Northern Ireland,54.36667,-6.01667,0.031,2.25,Baseline,No forecast trigger,1.77,0.0,0.0
2026-09-19,UK,Derry,Northern Ireland,54.9981,-7.30934,0.016,2.45,Baseline,No forecast trigger,0.0,0.0,0.0
2026-09-19,UK,Lisburn,Northern Ireland,54.52337,-6.03527,0.0,2.35,Baseline,No forecast trigger,0.0,0.0,0.0
2026-09-19,UK,Bangor,Northern Ireland,54.66079,-5.66802,0.0,2.6,Baseline,No forecast trigger,0.0,0.0,0.0
2026-09-19,CAN,Calgary,Alberta,51.05011,-114.08529,0.0,5.0,Baseline,No forecast trigger,113.25,0.0,0.0
2026-09-19,CAN,Edmonton,Alberta,53.55014,-113.46871,0.0,4.45,Baseline,No forecast trigger,48.61,0.0,0.0
2026-09-19,CAN,St. Albert,Alberta,53.63344,-113.63533,0.0,4.45,Baseline,No forecast trigger,5.91,0.0,0.0
2026-09-19,CAN,Wainwright,Alberta,52.83482,-110.85342,0.0,4.6,Baseline,No forecast trigger,1.8499999999999999,0.0,0.0
2026-09-19,CAN,West Baptiste,Alberta,54.75016,-113.5688,0.0,4.2,Baseline,No forecast trigger,1.1,0.0,0.0
2026-09-19,CAN,Vancouver,British Columbia,49.24966,-123.11934,0.0,4.4,Baseline,No forecast trigger,256.08000000000004,0.0,0.0
2026-09-19,CAN,Victoria,British Columbia,48.4359,-123.35155,0.0,4.25,Baseline,No forecast trigger,60.489999999999995,0.0,0.0
2026-09-19,CAN,Surrey,British Columbia,49.10635,-122.82509,0.0,4.25,Baseline,No forecast trigger,80.17,0.0,0.0
2026-09-19,CAN,Burnaby,British Columbia,49.26636,-122.95263,0.0,4.3,Baseline,No forecast trigger,69.46,0.0,0.0
2026-09-19,CAN,North Vancouver,British Columbia,49.31636,-123.06934,0.0,4.35,Baseline,No forecast trigger,52.06,0.0,0.0
2026-09-19,CAN,Headingley,Manitoba,49.8753,-97.40896,0.055,4.65,Baseline,No forecast trigger,2.27,0.0,0.0
2026-09-19,CAN,Winnipeg,Manitoba,49.8844,-97.14704,0.0,4.7,Baseline,No forecast trigger,12.530000000000001,0.0,0.0
2026-09-19,CAN,Brandon,Manitoba,49.84692,-99.95306,0.0,4.55,Baseline,No forecast trigger,0.0,0.0,0.0
2026-09-19,CAN,Steinbach,Manitoba,49.52579,-96.68451,0.028,4.25,Baseline,No forecast trigger,0.0,0.0,0.0
2026-09-19,CAN,Thompson,Manitoba,55.7435,-97.85579,0.0,3.9,Baseline,No forecast trigger,0.0,0.0,0.0
2026-09-19,CAN,Moncton,New Brunswick,46.09454,-64.7965,0.0,5.3,Baseline,No forecast trigger,4.02,0.0,0.0
2026-09-19,CAN,Saint John,New Brunswick,45.27076,-66.05616,0.0,5.4,Baseline,No forecast trigger,0.0,0.0,0.0
2026-09-19,CAN,Fredericton,New Brunswick,45.94541,-66.66558,0.0,5.3,Baseline,No forecast trigger,2.55,0.0,0.0
2026-09-19,CAN,Dieppe,New Brunswick,46.07844,-64.68735,0.0,5.3,Baseline,No forecast trigger,8.41,0.0,0.0
2026-09-19,CAN,Miramichi,New Brunswick,47.02895,-65.50186,0.0,5.1,Baseline,No forecast trigger,0.0,0.0,0.0
2026-09-19,CAN,Mount Pearl,Newfoundland And Labrador,47.51659,-52.78135,0.169,4.0,Baseline,No forecast trigger,0.0,0.0,0.0
2026-09-19,CAN,Halifax,Nova Scotia,44.64269,-63.57688,0.0,5.45,Baseline,No forecast trigger,16.24,0.0,0.0
2026-09-19,CAN,Dartmouth,Nova Scotia,44.67134,-63.57719,0.0,5.45,Baseline,No forecast trigger,2.13,0.0,0.0
2026-09-19,CAN,Sydney,Nova Scotia,46.1351,-60.1831,0.028,4.9,Baseline,No forecast trigger,0.0,0.0,0.0
2026-09-19,CAN,Truro,Nova Scotia,45.36685,-63.26538,0.0,5.4,Baseline,No forecast trigger,0.0,0.0,0.0
2026-09-19,CAN,New Glasgow,Nova Scotia,45.58344,-62.64863,0.0,5.3,Baseline,No forecast trigger,0.0,0.0,0.0
2026-09-19,CAN,Yellowknife,Northwest Territories,62.45411,-114.37248,0.0,1.75,Baseline,No forecast trigger,0.0,0.0,0.0
2026-09-19,CAN,Hay River,Northwest Territories,60.81555,-115.79993,0.0,2.45,Baseline,No forecast trigger,0.0,0.0,0.0
2026-09-19,CAN,Inuvik,Northwest Territories,68.36166,-133.72816,0.035,1.45,Baseline,No forecast trigger,0.0,0.0,0.0
2026-09-19,CAN,Fort Smith,Northwest Territories,60.00439,-111.88871,0.0,2.55,Baseline,No forecast trigger,0.0,0.0,0.0
2026-09-19,CAN,Behchokǫ̀,Northwest Territories,62.8025,-116.04639,0.012,2.0,Baseline,No forecast trigger,0.0,0.0,0.0
2026-09-19,CAN,Iqaluit,Nunavut,63.74697,-68.51727,0.0,2.0,Baseline,No forecast trigger,0.0,0.0,0.0
2026-09-19,CAN,Rankin Inlet,Nunavut,62.80906,-92.08534,0.039,2.75,Baseline,No forecast trigger,0.0,0.0,0.0
2026-09-19,CAN,Arviat,Nunavut,61.10883,-94.05848,0.024,3.05,Baseline,No forecast trigger,0.0,0.0,0.0
2026-09-19,CAN,Baker Lake,Nunavut,64.32009,-96.02123,0.008,2.6,Baseline,No forecast trigger,0.0,0.0,0.0
2026-09-19,CAN,Cambridge Bay,Nunavut,69.11489,-105.05484,0.0,1.9,Baseline,No forecast trigger,0.0,0.0,0.0
2026-09-19,CAN,Toronto,Ontario,43.70643,-79.39864,0.0,5.25,Baseline,No forecast trigger,334.87,0.0,0.0
2026-09-19,CAN,Ottawa,Ontario,45.41117,-75.69812,0.0,5.15,Baseline,No forecast trigger,109.11,0.0,0.0
2026-09-19,CAN,Kingston,Ontario,44.22976,-76.48098,0.0,5.05,Baseline,No forecast trigger,14.34,0.0,0.0
2026-09-19,CAN,Guelph,Ontario,43.54594,-80.25599,0.0,4.5,Baseline,No forecast trigger,20.4,0.0,0.0
2026-09-19,CAN,Markham,Ontario,43.86682,-79.2663,0.0,4.8,Baseline,No forecast trigger,26.91,0.0,0.0
2026-09-19,CAN,Charlottetown,Prince Edward Island,46.23459,-63.1256,0.0,5.1,Baseline,No forecast trigger,0.0,0.0,0.0
2026-09-19,CAN,Summerside,Prince Edward Island,46.3912,-63.78869,0.0,4.2,Baseline,No forecast trigger,0.0,0.0,0.0
2026-09-19,CAN,Cornwall,Prince Edward Island,46.22652,-63.21809,0.0,5.1,Baseline,No forecast trigger,0.0,0.0,0.0
2026-09-19,CAN,Montague,Prince Edward Island,46.16681,-62.64866,0.0,5.15,Baseline,No forecast trigger,0.0,0.0,0.0
2026-09-19,CAN,Montreal,Quebec,45.50884,-73.58781,0.0,5.2,Baseline,No forecast trigger,66.46000000000001,0.0,0.0
2026-09-19,CAN,Dorval,Quebec,45.4473,-73.75335,0.0,5.2,Baseline,No forecast trigger,5.01,0.0,0.0
2026-09-19,CAN,Blainville,Quebec,45.66678,-73.88249,0.0,5.2,Baseline,No forecast trigger,7.38,0.0,0.0
2026-09-19,CAN,Brossard,Quebec,45.45008,-73.46583,0.0,5.2,Baseline,No forecast trigger,5.35,0.0,0.0
2026-09-19,CAN,Cote-Saint-Luc,Quebec,45.46536,-73.66585,0.0,5.2,Baseline,No forecast trigger,4.49,0.0,0.0
2026-09-19,CAN,Saskatoon,Saskatchewan,52.13238,-106.66892,0.0,4.6,Baseline,No forecast trigger,11.52,0.0,0.0
2026-09-19,CAN,Yellow Grass,Saskatchewan,49.80006,-104.16781,0.0,4.45,Baseline,No forecast trigger,3.1,0.0,0.0
2026-09-19,CAN,Regina,Saskatchewan,50.45008,-104.6178,0.0,4.95,Baseline,No forecast trigger,2.42,0.0,0.0
2026-09-19,CAN,Prince Albert,Saskatchewan,53.20008,-105.76772,0.0,4.4,Baseline,No forecast trigger,0.0,0.0,0.0
2026-09-19,CAN,Moose Jaw,Saskatchewan,50.40005,-105.53445,0.0,4.75,Baseline,No forecast trigger,0.0,0.0,0.0
2026-09-19,CAN,Whitehorse,Yukon,60.71611,-135.05376,0.008,2.35,Baseline,No forecast trigger,0.0,0.0,0.0
2026-09-19,CAN,Dawson City,Yukon,64.06013,-139.43327,0.055,2.6,Baseline,No forecast trigger,0.0,0.0,0.0
2026-09-19,CAN,Watson Lake,Yukon,60.06349,-128.70892,0.051,3.2,Baseline,No forecast trigger,0.0,0.0,0.0
2026-09-19,CAN,Haines Junction,Yukon,60.75216,-137.51082,0.177,2.75,Baseline,No forecast trigger,0.0,0.0,0.0
2026-09-19,CAN,Mayo,Yukon,63.59274,-135.89984,0.004,2.7,Baseline,No forecast trigger,0.0,0.0,0.0
2026-09-19,US,Coeur D'Alene,Idaho,47.6777,-116.7805,0.0,5.15,Baseline,No forecast trigger,10.11,0.0,0.0
2026-09-19,US,Eagle Mountain,Utah,40.3144,-111.9849,0.0,6.55,Baseline,No forecast trigger,13.36,0.0,0.0
2026-09-19,US,Spokane,Washington,47.6569,-117.425,0.0,5.25,Baseline,No forecast trigger,96.94,0.0,0.0
2026-09-19,UK,Swansea,Wales,51.6214,-3.9436,0.15,2.55,Baseline,No forecast trigger,1.7999999999999998,0.0,0.0
2026-09-19,CAN,Grand Falls-Windsor,Newfoundland And Labrador,48.9332,-55.6649,0.102,3.15,Baseline,No forecast trigger,0.0,0.0,0.0
2026-09-19,CAN,Paradise,Newfoundland And Labrador,47.5333,-52.9667,0.138,3.5,Baseline,No forecast trigger,2.55,0.0,0.0
2026-09-19,CAN,Stratford,Prince Edward Island,46.2153,-63.0866,0.0,4.75,Baseline,No forecast trigger,0.0,0.0,0.0
2026-09-20,US,New York,New York,40.71427,-74.00597,1.197,1.05,Scale Umbrellas,Forecast rain 1.20 in ≥ 0.20 in,7823.84,23471.52,0.270199
2026-09-20,US,Brooklyn,New York,40.6501,-73.94958,0.571,1.7,Scale Umbrellas,Forecast rain 0.57 in ≥ 0.20 in,3916.93,11182.84,0.128734
2026-09-20,US,Chicago,Illinois,41.85003,-87.65005,0.744,0.7,Scale Umbrellas,Forecast rain 0.74 in ≥ 0.20 in,2943.2799999999997,8829.84,0.101647
2026-09-20,US,Miami,Florida,25.77427,-80.19366,1.744,7.15,Scale Umbrellas,Forecast rain 1.74 in ≥ 0.20 in,2709.77,8129.31,0.093583
2026-09-20,US,Charlotte,North Carolina,35.22709,-80.84313,0.693,6.45,Scale Umbrellas,Forecast rain 0.69 in ≥ 0.20 in,1057.24,3171.72,0.036512
2026-09-20,US,Tampa,Florida,27.94752,-82.45843,0.949,7.7,Scale Umbrellas,Forecast rain 0.95 in ≥ 0.20 in,696.35,2089.05,0.024049
2026-09-20,US,Portland,Maine,43.65737,-70.2589,0.366,2.4,Scale Umbrellas,Forecast rain 0.37 in ≥ 0.20 in,1114.68,2039.86,0.023482
2026-09-20,US,Jersey City,New Jersey,40.72816,-74.07764,0.539,1.05,Scale Umbrellas,Forecast rain 0.54 in ≥ 0.20 in,586.88,1581.64,0.018207
2026-09-20,US,Staten Island,New York,40.56233,-74.13986,0.953,1.3,Scale Umbrellas,Forecast rain 0.95 in ≥ 0.20 in,497.68,1493.04,0.017188
2026-09-20,US,Bronx,New York,40.84985,-73.86641,1.421,0.65,Scale Umbrellas,Forecast rain 1.42 in ≥ 0.20 in,453.86,1361.58,0.015674
2026-09-20,US,Boston,Massachusetts,42.35843,-71.05977,0.272,1.7,Scale Umbrellas,Forecast rain 0.27 in ≥ 0.20 in,994.42,1352.41,0.015569
2026-09-20,US,Reading,Massachusetts,42.52565,-71.09533,0.264,2.85,Scale Umbrellas,Forecast rain 0.26 in ≥ 0.20 in,951.13,1255.49,0.014453
2026-09-20,US,Cincinnati,Ohio,39.12711,-84.51439,0.268,6.05,Scale Umbrellas,Forecast rain 0.27 in ≥ 0.20 in,743.62,996.45,0.011471
2026-09-20,US,Greenwich,Connecticut,41.02649,-73.62846,0.441,0.7,Scale Umbrellas,Forecast rain 0.44 in ≥ 0.20 in,421.93,930.36,0.01071
2026-09-20,US,Hoboken,New Jersey,40.74399,-74.03236,0.681,1.05,Scale Umbrellas,Forecast rain 0.68 in ≥ 0.20 in,303.13,909.39,0.010469
2026-09-20,US,Honolulu,Hawaii,21.30694,-157.85834,0.004,8.45,Sun Protection (Hats/Shirts),Forecast UV 8.4 ≥ 8,835.68,882.69,0.010161
2026-09-20,US,Ann Arbor,Michigan,42.27756,-83.74088,0.996,1.15,Scale Umbrellas,Forecast rain 1.00 in ≥ 0.20 in,275.62,826.86,0.009519
2026-09-20,US,Astoria,New York,40.77205,-73.93014,1.35,0.6,Scale Umbrellas,Forecast rain 1.35 in ≥ 0.20 in,273.25,819.75,0.009437
2026-09-20,US,Wichita,Kansas,37.69224,-97.33754,1.374,5.9,Scale Umbrellas,Forecast rain 1.37 in ≥ 0.20 in,232.9,698.7,0.008043
2026-09-20,US,Grand Rapids,Michigan,42.96336,-85.66809,0.453,1.65,Scale Umbrellas,Forecast rain 0.45 in ≥ 0.20 in,302.26,684.62,0.007881
2026-09-20,US,Rockville,Maryland,39.084,-77.15276,2.579,5.5,Scale Umbrellas,Forecast rain 2.58 in ≥ 0.20 in,205.82,617.46,0.007108
2026-09-20,US,Fort Wayne,Indiana,41.1306,-85.12886,0.657,5.6,Scale Umbrellas,Forecast rain 0.66 in ≥ 0.20 in,204.32,612.96,0.007056
2026-09-20,US,Plymouth,Michigan,42.37143,-83.47021,0.461,1.3,Scale Umbrellas,Forecast rain 0.46 in ≥ 0.20 in,230.03,530.22,0.006104
2026-09-20,US,New Canaan,Connecticut,41.14676,-73.49484,0.866,0.65,Scale Umbrellas,Forecast rain 0.87 in ≥ 0.20 in,167.03,501.09,0.005768
2026-09-20,US,Dublin,Ohio,40.09923,-83.11408,2.795,4.5,Scale Umbrellas,Forecast rain 2.79 in ≥ 0.20 in,163.25,489.75,0.005638
2026-09-20,US,Stamford,Connecticut,41.05343,-73.53873,0.764,0.7,Scale Umbrellas,Forecast rain 0.76 in ≥ 0.20 in,162.43,487.29,0.00561
2026-09-20,US,Greenville,South Carolina,34.85262,-82.39401,0.268,6.55,Scale Umbrellas,Forecast rain 0.27 in ≥ 0.20 in,359.23,481.37,0.005541
2026-09-20,US,Naperville,Illinois,41.78586,-88.14729,0.315,0.7,Scale Umbrellas,Forecast rain 0.32 in ≥ 0.20 in,303.12,477.41,0.005496
2026-09-20,US,Doylestown,Pennsylvania,40.31011,-75.12989,0.583,0.9,Scale Umbrellas,Forecast rain 0.58 in ≥ 0.20 in,162.19,472.78,0.005443
2026-09-20,US,Fairfield,Connecticut,41.14121,-73.26373,0.768,0.95,Scale Umbrellas,Forecast rain 0.77 in ≥ 0.20 in,155.76,467.28,0.005379
2026-09-20,US,Cleveland,Ohio,41.4995,-81.69541,0.724,1.55,Scale Umbrellas,Forecast rain 0.72 in ≥ 0.20 in,150.06,450.18,0.005182
2026-09-20,US,Milwaukee,Wisconsin,43.0389,-87.90647,0.343,4.1,Scale Umbrellas,Forecast rain 0.34 in ≥ 0.20 in,260.35,446.5,0.00514
2026-09-20,US,Cambridge,Massachusetts,42.3751,-71.10561,0.248,2.7,Scale Umbrellas,Forecast rain 0.25 in ≥ 0.20 in,357.35,443.11,0.005101
2026-09-20,US,Downers Grove,Illinois,41.80892,-88.01117,2.555,0.7,Scale Umbrellas,Forecast rain 2.56 in ≥ 0.20 in,144.54,433.62,0.004992
2026-09-20,US,Norwalk,Connecticut,41.1176,-73.4079,0.677,0.75,Scale Umbrellas,Forecast rain 0.68 in ≥ 0.20 in,136.45,409.35,0.004712
2026-09-20,US,Morristown,New Jersey,40.79677,-74.48154,0.35,0.75,Scale Umbrellas,Forecast rain 0.35 in ≥ 0.20 in,202.98999999999998,355.23,0.004089
2026-09-20,US,Westfield,New Jersey,40.65899,-74.34737,0.37,0.95,Scale Umbrellas,Forecast rain 0.37 in ≥ 0.20 in,185.79,343.71,0.003957
2026-09-20,US,Evanston,Illinois,42.04114,-87.69006,0.386,0.6,Scale Umbrellas,Forecast rain 0.39 in ≥ 0.20 in,177.62,342.81,0.003946
2026-09-20,US,Providence,Rhode Island,41.82399,-71.41283,0.429,0.7,Scale Umbrellas,Forecast rain 0.43 in ≥ 0.20 in,147.89000000000001,317.22,0.003652
2026-09-20,US,Dayton,Ohio,39.75895,-84.19161,0.26,5.6,Scale Umbrellas,Forecast rain 0.26 in ≥ 0.20 in,236.76,307.79,0.003543
2026-09-20,US,Fairhope,Alabama,30.52297,-87.90333,0.665,7.4,Scale Umbrellas,Forecast rain 0.67 in ≥ 0.20 in,98.15,294.45,0.00339
2026-09-20,US,Wilmette,Illinois,42.07225,-87.72284,0.354,0.45,Scale Umbrellas,Forecast rain 0.35 in ≥ 0.20 in,164.29000000000002,290.79,0.003348
2026-09-20,US,Nashua,New Hampshire,42.76537,-71.46757,0.772,0.85,Scale Umbrellas,Forecast rain 0.77 in ≥ 0.20 in,85.91,257.73,0.002967
2026-09-20,US,Manchester,New Hampshire,42.99564,-71.45479,0.602,1.5,Scale Umbrellas,Forecast rain 0.60 in ≥ 0.20 in,84.45,253.35,0.002917
2026-09-20,US,Olathe,Kansas,38.8814,-94.81913,0.425,5.75,Scale Umbrellas,Forecast rain 0.42 in ≥ 0.20 in,116.0,246.5,0.002838
2026-09-20,US,Iowa City,Iowa,41.66113,-91.53017,0.622,1.15,Scale Umbrellas,Forecast rain 0.62 in ≥ 0.20 in,72.6,217.8,0.002507
2026-09-20,US,Somerville,Massachusetts,42.3876,-71.0995,0.232,2.7,Scale Umbrellas,Forecast rain 0.23 in ≥ 0.20 in,182.65,211.87,0.002439
2026-09-20,US,Billings,Montana,45.78329,-108.50069,0.614,4.75,Scale Umbrellas,Forecast rain 0.61 in ≥ 0.20 in,63.75,191.25,0.002202
2026-09-20,US,Ewa Beach,Hawaii,21.31556,-158.00722,0.0,8.4,Sun Protection (Hats/Shirts),Forecast UV 8.4 ≥ 8,165.22,173.48,0.001997
2026-09-20,US,Hampton,New Hampshire,42.93759,-70.83894,0.567,2.35,Scale Umbrellas,Forecast rain 0.57 in ≥ 0.20 in,58.470000000000006,165.76,0.001908
2026-09-20,US,Wheeling,West Virginia,40.06396,-80.72091,0.543,4.65,Scale Umbrellas,Forecast rain 0.54 in ≥ 0.20 in,57.44,155.95,0.001795
2026-09-20,US,Scarborough,Maine,43.57814,-70.32172,0.484,2.4,Scale Umbrellas,Forecast rain 0.48 in ≥ 0.20 in,60.37,146.1,0.001682
2026-09-20,US,Barrington,Rhode Island,41.74066,-71.30866,0.354,0.7,Scale Umbrellas,Forecast rain 0.35 in ≥ 0.20 in,78.64,139.19,0.001602
2026-09-20,US,Whitefish Bay,Wisconsin,43.11334,-87.90009,0.413,5.05,Scale Umbrellas,Forecast rain 0.41 in ≥ 0.20 in,67.08,138.52,0.001595
2026-09-20,US,Berkley,Massachusetts,41.84593,-71.08282,0.244,0.95,Scale Umbrellas,Forecast rain 0.24 in ≥ 0.20 in,104.64,127.66,0.00147
2026-09-20,US,Kailua,Hawaii,21.40241,-157.74054,0.154,8.55,Sun Protection (Hats/Shirts),Forecast UV 8.6 ≥ 8,115.81,123.77,0.001425
2026-09-20,US,Sheridan,Wyoming,44.79719,-106.95618,0.709,2.1,Scale Umbrellas,Forecast rain 0.71 in ≥ 0.20 in,41.14,123.42,0.001421
2026-09-20,US,Portsmouth,New Hampshire,43.07704,-70.75766,0.441,2.4,Scale Umbrellas,Forecast rain 0.44 in ≥ 0.20 in,51.69,113.98,0.001312
2026-09-20,US,Kaneohe,Hawaii,21.39994,-157.79895,0.154,8.45,Sun Protection (Hats/Shirts),Forecast UV 8.4 ≥ 8,106.22,112.19,0.001292
2026-09-20,US,South Burlington,Vermont,44.46699,-73.17096,0.441,0.35,Scale Umbrellas,Forecast rain 0.44 in ≥ 0.20 in,46.62,102.8,0.001183
2026-09-20,US,West Des Moines,Iowa,41.57721,-93.71133,0.362,1.6,Scale Umbrellas,Forecast rain 0.36 in ≥ 0.20 in,55.04,99.62,0.001147
2026-09-20,US,Rapid City,South Dakota,44.08054,-103.23101,0.772,0.25,Scale Umbrellas,Forecast rain 0.77 in ≥ 0.20 in,31.86,95.58,0.0011
2026-09-20,US,Warwick,Rhode Island,41.7001,-71.41617,0.402,0.7,Scale Umbrellas,Forecast rain 0.40 in ≥ 0.20 in,46.92,94.31,0.001086
2026-09-20,US,Waukesha,Wisconsin,43.01168,-88.23148,0.283,5.3,Scale Umbrellas,Forecast rain 0.28 in ≥ 0.20 in,65.98,93.36,0.001075
2026-09-20,US,Exeter,New Hampshire,42.98148,-70.94783,0.496,2.8,Scale Umbrellas,Forecast rain 0.50 in ≥ 0.20 in,37.24,92.36,0.001063
2026-09-20,US,Mililani,Hawaii,21.4504,-158.01503,0.0,8.2,Sun Protection (Hats/Shirts),Forecast UV 8.2 ≥ 8,89.56,91.8,0.001057
2026-09-20,US,Burlington,Vermont,44.47588,-73.21207,0.484,0.35,Scale Umbrellas,Forecast rain 0.48 in ≥ 0.20 in,36.37,88.02,0.001013
2026-09-20,US,Cordova,Alaska,60.5432,-145.75867,0.591,1.95,Scale Umbrellas,Forecast rain 0.59 in ≥ 0.20 in,29.560000000000002,87.35,0.001006
2026-09-20,US,Cranston,Rhode Island,41.77982,-71.43728,0.39,0.75,Scale Umbrellas,Forecast rain 0.39 in ≥ 0.20 in,41.57,81.06,0.000933
2026-09-20,US,Des Moines,Iowa,41.60054,-93.60911,0.232,1.6,Scale Umbrellas,Forecast rain 0.23 in ≥ 0.20 in,67.94,78.81,0.000907
2026-09-20,US,Sioux Falls,South Dakota,43.54997,-96.70033,0.256,3.3,Scale Umbrellas,Forecast rain 0.26 in ≥ 0.20 in,60.74,77.75,0.000895
2026-09-20,US,Falmouth,Maine,43.72953,-70.24199,0.37,2.7,Scale Umbrellas,Forecast rain 0.37 in ≥ 0.20 in,41.55,76.87,0.000885
2026-09-20,US,Stowe,Vermont,44.46533,-72.68456,0.437,0.55,Scale Umbrellas,Forecast rain 0.44 in ≥ 0.20 in,32.36,70.71,0.000814
2026-09-20,US,East Greenwich,Rhode Island,41.66038,-71.45589,0.37,0.6,Scale Umbrellas,Forecast rain 0.37 in ≥ 0.20 in,36.96,68.38,0.000787
2026-09-20,US,Dickinson,North Dakota,46.87918,-102.78962,0.484,2.05,Scale Umbrellas,Forecast rain 0.48 in ≥ 0.20 in,26.21,63.43,0.00073
2026-09-20,US,Eliot,Maine,43.15314,-70.80006,0.516,1.85,Scale Umbrellas,Forecast rain 0.52 in ≥ 0.20 in,23.41,60.4,0.000695
2026-09-20,US,Lennox,South Dakota,43.35415,-96.892,0.594,2.1,Scale Umbrellas,Forecast rain 0.59 in ≥ 0.20 in,18.65,55.39,0.000638
2026-09-20,US,Essex Junction,Vermont,44.49061,-73.11096,0.425,0.35,Scale Umbrellas,Forecast rain 0.42 in ≥ 0.20 in,24.2,51.42,0.000592
2026-09-20,US,Sitka,Alaska,57.05315,-135.33089,1.492,3.55,Scale Umbrellas,Forecast rain 1.49 in ≥ 0.20 in,16.05,48.15,0.000554
2026-09-20,US,Hyde Park,Vermont,44.59394,-72.61651,0.457,1.0,Scale Umbrellas,Forecast rain 0.46 in ≥ 0.20 in,20.75,47.41,0.000546
2026-09-20,CAN,Haines Junction,Yukon,60.75216,-137.51082,0.638,2.3,Scale Umbrellas,Forecast rain 0.64 in ≥ 0.20 in,0.0,33.98,0.000391
2026-09-20,CAN,Kingston,Ontario,44.22976,-76.48098,0.331,3.65,Scale Umbrellas,Forecast rain 0.33 in ≥ 0.20 in,14.34,23.73,0.000273
2026-09-20,CAN,Brossard,Quebec,45.45008,-73.46583,0.26,4.3,Scale Umbrellas,Forecast rain 0.26 in ≥ 0.20 in,5.35,6.96,8e-05
2026-09-20,US,Anchorage,Alaska,61.21806,-149.90028,0.126,2.25,Baseline,No forecast trigger,76.25,0.0,0.0
2026-09-20,US,Fairbanks,Alaska,64.83778,-147.71638,0.039,0.65,Baseline,No forecast trigger,22.16,0.0,0.0
2026-09-20,US,Wasilla,Alaska,61.5809,-149.4415,0.102,2.5,Baseline,No forecast trigger,9.92,0.0,0.0
2026-09-20,US,Birmingham,Alabama,33.52066,-86.80249,0.0,7.05,Baseline,No forecast trigger,372.08000000000004,0.0,0.0
2026-09-20,US,Huntsville,Alabama,34.7304,-86.58594,0.0,6.9,Baseline,No forecast trigger,297.28,0.0,0.0
2026-09-20,US,Mobile,Alabama,30.69436,-88.04305,0.0,7.35,Baseline,No forecast trigger,162.07999999999998,0.0,0.0
2026-09-20,US,Madison,Alabama,34.69926,-86.74833,0.0,6.8,Baseline,No forecast trigger,410.99,0.0,0.0
2026-09-20,US,Little Rock,Arkansas,34.74648,-92.28959,0.0,6.3,Baseline,No forecast trigger,255.9,0.0,0.0
2026-09-20,US,Jonesboro,Arkansas,35.8423,-90.70428,0.0,6.2,Baseline,No forecast trigger,94.24,0.0,0.0
2026-09-20,US,Bentonville,Arkansas,36.37285,-94.20882,0.0,6.2,Baseline,No forecast trigger,139.7,0.0,0.0
2026-09-20,US,Fayetteville,Arkansas,36.06258,-94.15743,0.0,6.4,Baseline,No forecast trigger,94.36999999999999,0.0,0.0
2026-09-20,US,Rogers,Arkansas,36.33202,-94.11854,0.0,6.35,Baseline,No forecast trigger,102.64,0.0,0.0
2026-09-20,US,Phoenix,Arizona,33.44838,-112.07404,0.0,6.65,Baseline,No forecast trigger,459.78999999999996,0.0,0.0
2026-09-20,US,Tucson,Arizona,32.22174,-110.92648,0.0,7.15,Baseline,No forecast trigger,402.63,0.0,0.0
2026-09-20,US,Scottsdale,Arizona,33.50921,-111.89903,0.0,7.0,Baseline,No forecast trigger,373.86,0.0,0.0
2026-09-20,US,Gilbert,Arizona,33.35283,-111.78903,0.0,6.65,Baseline,No forecast trigger,134.3,0.0,0.0
2026-09-20,US,Mesa,Arizona,33.42227,-111.82264,0.0,6.8,Baseline,No forecast trigger,138.07999999999998,0.0,0.0
2026-09-20,US,Los Angeles,California,34.05223,-118.24368,0.0,6.9,Baseline,No forecast trigger,2423.83,0.0,0.0
2026-09-20,US,San Francisco,California,37.77493,-122.41942,0.0,5.3,Baseline,No forecast trigger,2496.73,0.0,0.0
2026-09-20,US,San Diego,California,32.71571,-117.16472,0.0,6.6,Baseline,No forecast trigger,1237.81,0.0,0.0
2026-09-20,US,San Jose,California,37.33939,-121.89496,0.0,6.0,Baseline,No forecast trigger,981.03,0.0,0.0
2026-09-20,US,Oakland,California,37.80437,-122.2708,0.0,5.6,Baseline,No forecast trigger,669.47,0.0,0.0
2026-09-20,US,Denver,Colorado,39.73915,-104.9847,0.016,6.6,Baseline,No forecast trigger,562.38,0.0,0.0
2026-09-20,US,Colorado Springs,Colorado,38.83388,-104.82136,0.0,6.85,Baseline,No forecast trigger,290.65000000000003,0.0,0.0
2026-09-20,US,Littleton,Colorado,39.61332,-105.01665,0.0,6.6,Baseline,No forecast trigger,163.32,0.0,0.0
2026-09-20,US,Aurora,Colorado,39.72943,-104.83192,0.0,6.6,Baseline,No forecast trigger,134.32,0.0,0.0
2026-09-20,US,Fort Collins,Colorado,40.58526,-105.08442,0.0,6.35,Baseline,No forecast trigger,139.49,0.0,0.0
2026-09-20,US,Wilmington,Delaware,39.74595,-75.54659,0.0,3.2,Baseline,No forecast trigger,591.95,0.0,0.0
2026-09-20,US,New Castle,Delaware,39.65948,-75.56359,0.169,4.35,Baseline,No forecast trigger,98.9,0.0,0.0
2026-09-20,US,Lewes,Delaware,38.77456,-75.13935,0.0,5.75,Baseline,No forecast trigger,92.15,0.0,0.0
2026-09-20,US,Newark,Delaware,39.68372,-75.74966,0.0,4.65,Baseline,No forecast trigger,107.28,0.0,0.0
2026-09-20,US,Middletown,Delaware,39.44956,-75.71632,0.0,3.8,Baseline,No forecast trigger,47.87,0.0,0.0
2026-09-20,US,Orlando,Florida,28.53834,-81.37924,0.0,7.65,Baseline,No forecast trigger,977.27,0.0,0.0
2026-09-20,US,Naples,Florida,26.14234,-81.79596,0.0,7.65,Baseline,No forecast trigger,762.99,0.0,0.0
2026-09-20,US,Boca Raton,Florida,26.35869,-80.0831,0.189,5.15,Baseline,No forecast trigger,600.39,0.0,0.0
2026-09-20,US,Atlanta,Georgia,33.749,-84.38798,0.0,7.05,Baseline,No forecast trigger,1204.27,0.0,0.0
2026-09-20,US,Marietta,Georgia,33.9526,-84.54993,0.0,7.05,Baseline,No forecast trigger,563.3,0.0,0.0
2026-09-20,US,Savannah,Georgia,32.08354,-81.09983,0.0,6.75,Baseline,No forecast trigger,320.40000000000003,0.0,0.0
2026-09-20,US,Alpharetta,Georgia,34.07538,-84.29409,0.0,7.0,Baseline,No forecast trigger,264.8,0.0,0.0
2026-09-20,US,Decatur,Georgia,33.77483,-84.29631,0.0,7.0,Baseline,No forecast trigger,199.81,0.0,0.0
2026-09-20,US,Cedar Rapids,Iowa,42.00833,-91.64407,0.059,1.6,Baseline,No forecast trigger,99.48,0.0,0.0
2026-09-20,US,Ames,Iowa,42.03471,-93.61994,0.091,3.25,Baseline,No forecast trigger,47.92,0.0,0.0
2026-09-20,US,Boise,Idaho,43.6135,-116.20345,0.0,5.8,Baseline,No forecast trigger,166.37,0.0,0.0
2026-09-20,US,Meridian,Idaho,43.61211,-116.39151,0.0,5.75,Baseline,No forecast trigger,98.59,0.0,0.0
2026-09-20,US,Eagle,Idaho,43.69544,-116.35401,0.0,5.75,Baseline,No forecast trigger,45.19,0.0,0.0
2026-09-20,US,Kuna,Idaho,43.49183,-116.42012,0.0,5.8,Baseline,No forecast trigger,75.89999999999999,0.0,0.0
2026-09-20,US,Indianapolis,Indiana,39.76838,-86.15804,0.071,5.65,Baseline,No forecast trigger,482.22,0.0,0.0
2026-09-20,US,Carmel,Indiana,39.97837,-86.11804,0.142,5.2,Baseline,No forecast trigger,271.69,0.0,0.0
2026-09-20,US,Bloomington,Indiana,39.16533,-86.52639,0.016,5.6,Baseline,No forecast trigger,147.0,0.0,0.0
2026-09-20,US,West Lafayette,Indiana,40.42587,-86.90807,0.0,5.35,Baseline,No forecast trigger,91.86,0.0,0.0
2026-09-20,US,Overland Park,Kansas,38.98223,-94.67079,0.075,5.65,Baseline,No forecast trigger,217.21,0.0,0.0
2026-09-20,US,Lawrence,Kansas,38.97167,-95.23525,0.098,5.6,Baseline,No forecast trigger,70.14,0.0,0.0
2026-09-20,US,Leawood,Kansas,38.96667,-94.6169,0.146,6.0,Baseline,No forecast trigger,64.51,0.0,0.0
2026-09-20,US,Louisville,Kentucky,38.25424,-85.75941,0.0,6.15,Baseline,No forecast trigger,525.05,0.0,0.0
2026-09-20,US,Lexington,Kentucky,37.98869,-84.47772,0.0,5.95,Baseline,No forecast trigger,362.01000000000005,0.0,0.0
2026-09-20,US,Bowling Green,Kentucky,36.99032,-86.4436,0.0,6.35,Baseline,No forecast trigger,68.25,0.0,0.0
2026-09-20,US,Paducah,Kentucky,37.08339,-88.60005,0.0,6.05,Baseline,No forecast trigger,83.11,0.0,0.0
2026-09-20,US,Middlesboro,Kentucky,36.60842,-83.71658,0.0,6.4,Baseline,No forecast trigger,22.69,0.0,0.0
2026-09-20,US,Baton Rouge,Louisiana,30.44332,-91.18747,0.0,7.35,Baseline,No forecast trigger,417.5,0.0,0.0
2026-09-20,US,New Orleans,Louisiana,29.95465,-90.07507,0.0,7.5,Baseline,No forecast trigger,322.7,0.0,0.0
2026-09-20,US,Lafayette,Louisiana,30.22409,-92.01984,0.0,7.4,Baseline,No forecast trigger,244.69,0.0,0.0
2026-09-20,US,Shreveport,Louisiana,32.52515,-93.75018,0.0,7.15,Baseline,No forecast trigger,290.65,0.0,0.0
2026-09-20,US,Metairie,Louisiana,29.98409,-90.15285,0.0,7.5,Baseline,No forecast trigger,149.57999999999998,0.0,0.0
2026-09-20,US,Baltimore,Maryland,39.29038,-76.61219,0.031,5.9,Baseline,No forecast trigger,371.93,0.0,0.0
2026-09-20,US,Bethesda,Maryland,38.98067,-77.10026,0.071,5.9,Baseline,No forecast trigger,388.47,0.0,0.0
2026-09-20,US,Silver Spring,Maryland,38.99067,-77.02609,0.055,5.5,Baseline,No forecast trigger,220.5,0.0,0.0
2026-09-20,US,Annapolis,Maryland,38.97859,-76.49184,0.016,5.35,Baseline,No forecast trigger,193.67,0.0,0.0
2026-09-20,US,Bangor,Maine,44.79884,-68.77265,0.043,4.7,Baseline,No forecast trigger,29.74,0.0,0.0
2026-09-20,US,Bloomfield Hills,Michigan,42.58364,-83.24549,0.13,0.95,Baseline,No forecast trigger,181.23,0.0,0.0
2026-09-20,US,Macomb,Michigan,42.70087,-82.95909,0.087,0.7,Baseline,No forecast trigger,93.54,0.0,0.0
2026-09-20,US,Minneapolis,Minnesota,44.97997,-93.26384,0.0,4.95,Baseline,No forecast trigger,522.84,0.0,0.0
2026-09-20,US,Saint Paul,Minnesota,44.94441,-93.09327,0.0,4.65,Baseline,No forecast trigger,263.32,0.0,0.0
2026-09-20,US,Plymouth,Minnesota,45.01052,-93.45551,0.0,4.35,Baseline,No forecast trigger,230.03,0.0,0.0
2026-09-20,US,Minnetonka,Minnesota,44.9133,-93.50329,0.016,4.85,Baseline,No forecast trigger,67.31,0.0,0.0
2026-09-20,US,Eden Prairie,Minnesota,44.85469,-93.47079,0.0,5.15,Baseline,No forecast trigger,81.93,0.0,0.0
2026-09-20,US,Saint Louis,Missouri,38.65174,-90.20525,0.0,6.0,Baseline,No forecast trigger,503.97999999999996,0.0,0.0
2026-09-20,US,Kansas City,Missouri,39.09973,-94.57857,0.071,6.05,Baseline,No forecast trigger,295.01,0.0,0.0
2026-09-20,US,Chesterfield,Missouri,38.66311,-90.57707,0.0,5.5,Baseline,No forecast trigger,154.27,0.0,0.0
2026-09-20,US,Saint Charles,Missouri,38.78394,-90.48123,0.0,5.55,Baseline,No forecast trigger,112.03,0.0,0.0
2026-09-20,US,Springfield,Missouri,37.21533,-93.29824,0.0,5.8,Baseline,No forecast trigger,113.33,0.0,0.0
2026-09-20,US,Madison,Mississippi,32.46181,-90.11536,0.0,7.1,Baseline,No forecast trigger,410.99,0.0,0.0
2026-09-20,US,Gulfport,Mississippi,30.36742,-89.09282,0.028,7.4,Baseline,No forecast trigger,65.27,0.0,0.0
2026-09-20,US,Hattiesburg,Mississippi,31.32712,-89.29034,0.0,7.25,Baseline,No forecast trigger,35.83,0.0,0.0
2026-09-20,US,Jackson,Mississippi,32.29876,-90.18481,0.0,7.1,Baseline,No forecast trigger,40.010000000000005,0.0,0.0
2026-09-20,US,Southaven,Mississippi,34.98898,-90.01259,0.0,6.65,Baseline,No forecast trigger,42.06,0.0,0.0
2026-09-20,US,Bozeman,Montana,45.67965,-111.03856,0.0,5.8,Baseline,No forecast trigger,49.2,0.0,0.0
2026-09-20,US,Great Falls,Montana,47.50024,-111.30081,0.0,5.45,Baseline,No forecast trigger,29.419999999999998,0.0,0.0
2026-09-20,US,Missoula,Montana,46.87215,-113.994,0.0,5.5,Baseline,No forecast trigger,28.06,0.0,0.0
2026-09-20,US,Kalispell,Montana,48.19579,-114.31291,0.0,5.3,Baseline,No forecast trigger,36.16,0.0,0.0
2026-09-20,US,Raleigh,North Carolina,35.7721,-78.63861,0.0,6.7,Baseline,No forecast trigger,673.03,0.0,0.0
2026-09-20,US,Durham,North Carolina,35.99403,-78.89862,0.0,6.65,Baseline,No forecast trigger,223.35999999999999,0.0,0.0
2026-09-20,US,Wilmington,North Carolina,34.23556,-77.94604,0.0,6.65,Baseline,No forecast trigger,591.95,0.0,0.0
2026-09-20,US,Chapel Hill,North Carolina,35.9132,-79.05584,0.043,6.65,Baseline,No forecast trigger,234.24,0.0,0.0
2026-09-20,US,Fargo,North Dakota,46.87719,-96.7898,0.0,4.55,Baseline,No forecast trigger,65.82,0.0,0.0
2026-09-20,US,West Fargo,North Dakota,46.87497,-96.90036,0.0,4.5,Baseline,No forecast trigger,39.59,0.0,0.0
2026-09-20,US,Bismarck,North Dakota,46.80833,-100.78374,0.0,3.2,Baseline,No forecast trigger,27.36,0.0,0.0
2026-09-20,US,Grand Forks,North Dakota,47.92526,-97.03285,0.0,4.65,Baseline,No forecast trigger,8.92,0.0,0.0
2026-09-20,US,Omaha,Nebraska,41.25626,-95.94043,0.0,1.5,Baseline,No forecast trigger,232.41,0.0,0.0
2026-09-20,US,Lincoln,Nebraska,40.8,-96.66696,0.0,1.35,Baseline,No forecast trigger,106.0,0.0,0.0
2026-09-20,US,Elkhorn,Nebraska,41.345,-96.256,0.0,1.35,Baseline,No forecast trigger,58.6,0.0,0.0
2026-09-20,US,Bellevue,Nebraska,41.13667,-95.89084,0.031,1.6,Baseline,No forecast trigger,296.72,0.0,0.0
2026-09-20,US,Papillion,Nebraska,41.15444,-96.04224,0.043,1.4,Baseline,No forecast trigger,37.15,0.0,0.0
2026-09-20,US,Princeton,New Jersey,40.34872,-74.65905,0.071,1.2,Baseline,No forecast trigger,151.32999999999998,0.0,0.0
2026-09-20,US,Albuquerque,New Mexico,35.08449,-106.65114,0.0,7.15,Baseline,No forecast trigger,311.62,0.0,0.0
2026-09-20,US,Santa Fe,New Mexico,35.68698,-105.9378,0.0,7.2,Baseline,No forecast trigger,101.49000000000001,0.0,0.0
2026-09-20,US,Las Cruces,New Mexico,32.31232,-106.77834,0.0,7.5,Baseline,No forecast trigger,71.61,0.0,0.0
2026-09-20,US,Tijeras,New Mexico,35.08088,-106.38808,0.0,7.2,Baseline,No forecast trigger,28.75,0.0,0.0
2026-09-20,US,Los Alamos,New Mexico,35.88808,-106.30697,0.0,7.15,Baseline,No forecast trigger,32.22,0.0,0.0
2026-09-20,US,Henderson,Nevada,36.0397,-114.98194,0.0,6.25,Baseline,No forecast trigger,221.68,0.0,0.0
2026-09-20,US,Las Vegas,Nevada,36.17497,-115.13722,0.0,6.55,Baseline,No forecast trigger,602.71,0.0,0.0
2026-09-20,US,Reno,Nevada,39.52963,-119.8138,0.0,6.3,Baseline,No forecast trigger,198.0,0.0,0.0
2026-09-20,US,Carson City,Nevada,39.1638,-119.7674,0.0,6.65,Baseline,No forecast trigger,22.23,0.0,0.0
2026-09-20,US,North Las Vegas,Nevada,36.19886,-115.1175,0.0,6.55,Baseline,No forecast trigger,21.009999999999998,0.0,0.0
2026-09-20,US,Columbus,Ohio,39.96118,-82.99879,0.028,5.45,Baseline,No forecast trigger,620.78,0.0,0.0
2026-09-20,US,Edmond,Oklahoma,35.65283,-97.4781,0.028,4.85,Baseline,No forecast trigger,380.66,0.0,0.0
2026-09-20,US,Tulsa,Oklahoma,36.15398,-95.99277,0.0,5.6,Baseline,No forecast trigger,450.78,0.0,0.0
2026-09-20,US,Oklahoma City,Oklahoma,35.46756,-97.51643,0.043,4.2,Baseline,No forecast trigger,229.98,0.0,0.0
2026-09-20,US,Norman,Oklahoma,35.22257,-97.43948,0.0,4.7,Baseline,No forecast trigger,114.31,0.0,0.0
2026-09-20,US,Broken Arrow,Oklahoma,36.0526,-95.79082,0.0,6.4,Baseline,No forecast trigger,88.45,0.0,0.0
2026-09-20,US,Portland,Oregon,45.52345,-122.67621,0.0,5.4,Baseline,No forecast trigger,1114.68,0.0,0.0
2026-09-20,US,Lake Oswego,Oregon,45.42067,-122.67065,0.0,5.4,Baseline,No forecast trigger,180.67999999999998,0.0,0.0
2026-09-20,US,Beaverton,Oregon,45.48706,-122.80371,0.0,5.4,Baseline,No forecast trigger,120.91,0.0,0.0
2026-09-20,US,Eugene,Oregon,44.05207,-123.08675,0.0,5.6,Baseline,No forecast trigger,128.59,0.0,0.0
2026-09-20,US,Salem,Oregon,44.9429,-123.0351,0.0,5.5,Baseline,No forecast trigger,105.42,0.0,0.0
2026-09-20,US,Philadelphia,Pennsylvania,39.95238,-75.16362,0.016,2.05,Baseline,No forecast trigger,1092.95,0.0,0.0
2026-09-20,US,Pittsburgh,Pennsylvania,40.44062,-79.99589,0.043,3.6,Baseline,No forecast trigger,679.83,0.0,0.0
2026-09-20,US,Lancaster,Pennsylvania,40.03788,-76.30551,0.0,1.4,Baseline,No forecast trigger,180.85,0.0,0.0
2026-09-20,US,West Chester,Pennsylvania,39.96097,-75.60804,0.043,1.25,Baseline,No forecast trigger,175.43,0.0,0.0
2026-09-20,US,Charleston,South Carolina,32.77632,-79.93275,0.0,6.7,Baseline,No forecast trigger,364.17,0.0,0.0
2026-09-20,US,Mount Pleasant,South Carolina,32.79407,-79.86259,0.0,6.7,Baseline,No forecast trigger,211.1,0.0,0.0
2026-09-20,US,Columbia,South Carolina,34.00071,-81.03481,0.0,6.7,Baseline,No forecast trigger,230.48999999999998,0.0,0.0
2026-09-20,US,Myrtle Beach,South Carolina,33.68906,-78.88669,0.0,6.0,Baseline,No forecast trigger,246.49,0.0,0.0
2026-09-20,US,Madison,South Dakota,44.00608,-97.11395,0.161,3.75,Baseline,No forecast trigger,410.99,0.0,0.0
2026-09-20,US,Aberdeen,South Dakota,45.4647,-98.48648,0.016,2.95,Baseline,No forecast trigger,8.59,0.0,0.0
2026-09-20,US,Nashville,Tennessee,36.16589,-86.78444,0.0,6.25,Baseline,No forecast trigger,709.8,0.0,0.0
2026-09-20,US,Knoxville,Tennessee,35.96064,-83.92074,0.0,6.5,Baseline,No forecast trigger,413.12,0.0,0.0
2026-09-20,US,Memphis,Tennessee,35.14953,-90.04898,0.0,6.5,Baseline,No forecast trigger,320.84,0.0,0.0
2026-09-20,US,Franklin,Tennessee,35.92506,-86.86889,0.0,6.5,Baseline,No forecast trigger,301.59000000000003,0.0,0.0
2026-09-20,US,Chattanooga,Tennessee,35.04563,-85.30968,0.016,6.65,Baseline,No forecast trigger,183.88,0.0,0.0
2026-09-20,US,Houston,Texas,29.76328,-95.36327,0.0,7.2,Baseline,No forecast trigger,2773.2400000000002,0.0,0.0
2026-09-20,US,Austin,Texas,30.26715,-97.74306,0.0,6.8,Baseline,No forecast trigger,1550.3,0.0,0.0
2026-09-20,US,Dallas,Texas,32.78306,-96.80667,0.0,6.6,Baseline,No forecast trigger,1503.73,0.0,0.0
2026-09-20,US,San Antonio,Texas,29.42412,-98.49363,0.0,7.25,Baseline,No forecast trigger,767.21,0.0,0.0
2026-09-20,US,Fort Worth,Texas,32.72541,-97.32085,0.0,6.9,Baseline,No forecast trigger,625.93,0.0,0.0
2026-09-20,US,Salt Lake City,Utah,40.76078,-111.89105,0.0,6.4,Baseline,No forecast trigger,169.14000000000001,0.0,0.0
2026-09-20,US,South Jordan,Utah,40.56217,-111.92966,0.0,6.4,Baseline,No forecast trigger,91.31,0.0,0.0
2026-09-20,US,Park City,Utah,40.64606,-111.49797,0.0,6.5,Baseline,No forecast trigger,72.53999999999999,0.0,0.0
2026-09-20,US,Sandy,Utah,40.59161,-111.8841,0.0,6.4,Baseline,No forecast trigger,58.64,0.0,0.0
2026-09-20,US,Alexandria,Virginia,38.80484,-77.04692,0.055,6.05,Baseline,No forecast trigger,848.47,0.0,0.0
2026-09-20,US,Arlington,Virginia,38.88101,-77.10428,0.016,6.1,Baseline,No forecast trigger,608.93,0.0,0.0
2026-09-20,US,Virginia Beach,Virginia,36.85293,-75.97799,0.0,6.5,Baseline,No forecast trigger,478.81,0.0,0.0
2026-09-20,US,Richmond,Virginia,37.55376,-77.46026,0.0,6.4,Baseline,No forecast trigger,471.04999999999995,0.0,0.0
2026-09-20,US,Fairfax,Virginia,38.84622,-77.30637,0.016,6.1,Baseline,No forecast trigger,293.86,0.0,0.0
2026-09-20,US,Seattle,Washington,47.60621,-122.33207,0.0,5.1,Baseline,No forecast trigger,1541.73,0.0,0.0
2026-09-20,US,Bellevue,Washington,47.61038,-122.20068,0.0,5.1,Baseline,No forecast trigger,296.72,0.0,0.0
2026-09-20,US,Vancouver,Washington,45.63873,-122.66149,0.0,5.4,Baseline,No forecast trigger,272.42,0.0,0.0
2026-09-20,US,Tacoma,Washington,47.25288,-122.44429,0.0,5.15,Baseline,No forecast trigger,223.86,0.0,0.0
2026-09-20,US,Madison,Wisconsin,43.07305,-89.40123,0.031,4.7,Baseline,No forecast trigger,410.99,0.0,0.0
2026-09-20,US,Appleton,Wisconsin,44.26193,-88.41538,0.0,5.1,Baseline,No forecast trigger,60.74,0.0,0.0
2026-09-20,US,Morgantown,West Virginia,39.62953,-79.9559,0.0,2.95,Baseline,No forecast trigger,102.16,0.0,0.0
2026-09-20,US,Huntington,West Virginia,38.41925,-82.44515,0.0,5.15,Baseline,No forecast trigger,49.74,0.0,0.0
2026-09-20,US,Charleston,West Virginia,38.34982,-81.63262,0.043,5.85,Baseline,No forecast trigger,364.17,0.0,0.0
2026-09-20,US,Hurricane,West Virginia,38.43259,-82.02014,0.043,5.4,Baseline,No forecast trigger,25.85,0.0,0.0
2026-09-20,US,Cheyenne,Wyoming,41.13998,-104.82025,0.016,6.5,Baseline,No forecast trigger,50.27,0.0,0.0
2026-09-20,US,Rock Springs,Wyoming,41.58746,-109.2029,0.0,6.5,Baseline,No forecast trigger,32.5,0.0,0.0
2026-09-20,US,Cody,Wyoming,44.52634,-109.05653,0.071,5.5,Baseline,No forecast trigger,14.1,0.0,0.0
2026-09-20,US,Casper,Wyoming,42.86663,-106.31308,0.0,5.2,Baseline,No forecast trigger,10.32,0.0,0.0
2026-09-20,US,Washington,District Of Columbia,38.89511,-77.03637,0.055,5.5,Baseline,No forecast trigger,1762.83,0.0,0.0
2026-09-20,UK,London,England,51.50853,-0.12574,0.0,2.75,Baseline,No forecast trigger,226.18,0.0,0.0
2026-09-20,UK,Bristol,England,51.45523,-2.59665,0.0,3.15,Baseline,No forecast trigger,30.48,0.0,0.0
2026-09-20,UK,Sheffield,England,53.38297,-1.4659,0.0,2.7,Baseline,No forecast trigger,13.110000000000001,0.0,0.0
2026-09-20,UK,Swindon,England,51.55797,-1.78116,0.0,3.05,Baseline,No forecast trigger,15.98,0.0,0.0
2026-09-20,UK,Birmingham,England,52.48142,-1.89983,0.0,2.75,Baseline,No forecast trigger,8.75,0.0,0.0
2026-09-20,UK,Brighton,England,50.82838,-0.13947,0.0,3.4,Baseline,No forecast trigger,7.11,0.0,0.0
2026-09-20,UK,Hove,England,50.83088,-0.1672,0.0,3.4,Baseline,No forecast trigger,8.76,0.0,0.0
2026-09-20,UK,Manchester,England,53.48095,-2.23743,0.0,2.5,Baseline,No forecast trigger,8.35,0.0,0.0
2026-09-20,UK,Glasgow,Scotland,55.86515,-4.25763,0.079,2.45,Baseline,No forecast trigger,10.739999999999998,0.0,0.0
2026-09-20,UK,Edinburgh,Scotland,55.95206,-3.19648,0.024,2.25,Baseline,No forecast trigger,8.47,0.0,0.0
2026-09-20,UK,Aberdeen,Scotland,57.14369,-2.09814,0.0,1.85,Baseline,No forecast trigger,4.23,0.0,0.0
2026-09-20,UK,Dunfermline,Scotland,56.07156,-3.45887,0.016,2.3,Baseline,No forecast trigger,4.26,0.0,0.0
2026-09-20,UK,Aboyne,Scotland,57.07546,-2.78023,0.0,2.25,Baseline,No forecast trigger,1.63,0.0,0.0
2026-09-20,UK,Balerno,Scotland,55.88437,-3.33975,0.008,1.95,Baseline,No forecast trigger,2.0,0.0,0.0
2026-09-20,UK,Banchory,Scotland,57.05168,-2.48824,0.0,2.15,Baseline,No forecast trigger,2.5900000000000003,0.0,0.0
2026-09-20,UK,Barrhead,Scotland,55.79916,-4.39285,0.098,2.3,Baseline,No forecast trigger,2.17,0.0,0.0
2026-09-20,UK,Cardiff,Wales,51.48,-3.18,0.0,3.25,Baseline,No forecast trigger,5.72,0.0,0.0
2026-09-20,UK,Aberdare,Wales,51.71438,-3.44918,0.0,3.2,Baseline,No forecast trigger,4.02,0.0,0.0
2026-09-20,UK,Clarbeston Road,Wales,51.85139,-4.88056,0.0,3.15,Baseline,No forecast trigger,1.92,0.0,0.0
2026-09-20,UK,Cwmbran,Wales,51.65446,-3.02281,0.0,3.0,Baseline,No forecast trigger,1.8900000000000001,0.0,0.0
2026-09-20,UK,Llanidloes,Wales,52.44977,-3.53997,0.0,3.0,Baseline,No forecast trigger,1.7999999999999998,0.0,0.0
2026-09-20,UK,Merthyr Tydfil,Wales,51.74794,-3.37779,0.0,3.25,Baseline,No forecast trigger,2.11,0.0,0.0
2026-09-20,UK,Port Talbot,Wales,51.59241,-3.78019,0.0,3.25,Baseline,No forecast trigger,2.2,0.0,0.0
2026-09-20,UK,Newry,Northern Ireland,54.17841,-6.33739,0.0,2.3,Baseline,No forecast trigger,3.96,0.0,0.0
2026-09-20,UK,Belfast,Northern Ireland,54.59682,-5.92541,0.0,2.55,Baseline,No forecast trigger,2.08,0.0,0.0
2026-09-20,UK,Craigavon,Northern Ireland,54.44709,-6.387,0.0,2.3,Baseline,No forecast trigger,1.91,0.0,0.0
2026-09-20,UK,Dromara,Northern Ireland,54.36667,-6.01667,0.0,2.15,Baseline,No forecast trigger,1.77,0.0,0.0
2026-09-20,UK,Derry,Northern Ireland,54.9981,-7.30934,0.004,2.4,Baseline,No forecast trigger,0.0,0.0,0.0
2026-09-20,UK,Lisburn,Northern Ireland,54.52337,-6.03527,0.0,2.5,Baseline,No forecast trigger,0.0,0.0,0.0
2026-09-20,UK,Bangor,Northern Ireland,54.66079,-5.66802,0.0,2.4,Baseline,No forecast trigger,0.0,0.0,0.0
2026-09-20,CAN,Calgary,Alberta,51.05011,-114.08529,0.0,4.95,Baseline,No forecast trigger,113.25,0.0,0.0
2026-09-20,CAN,Edmonton,Alberta,53.55014,-113.46871,0.0,4.45,Baseline,No forecast trigger,48.61,0.0,0.0
2026-09-20,CAN,St. Albert,Alberta,53.63344,-113.63533,0.0,4.45,Baseline,No forecast trigger,5.91,0.0,0.0
2026-09-20,CAN,Wainwright,Alberta,52.83482,-110.85342,0.0,4.55,Baseline,No forecast trigger,1.8499999999999999,0.0,0.0
2026-09-20,CAN,West Baptiste,Alberta,54.75016,-113.5688,0.0,3.75,Baseline,No forecast trigger,1.1,0.0,0.0
2026-09-20,CAN,Vancouver,British Columbia,49.24966,-123.11934,0.0,4.75,Baseline,No forecast trigger,256.08000000000004,0.0,0.0
2026-09-20,CAN,Victoria,British Columbia,48.4359,-123.35155,0.0,4.95,Baseline,No forecast trigger,60.489999999999995,0.0,0.0
2026-09-20,CAN,Surrey,British Columbia,49.10635,-122.82509,0.0,4.85,Baseline,No forecast trigger,80.17,0.0,0.0
2026-09-20,CAN,Burnaby,British Columbia,49.26636,-122.95263,0.0,4.85,Baseline,No forecast trigger,69.46,0.0,0.0
2026-09-20,CAN,North Vancouver,British Columbia,49.31636,-123.06934,0.0,4.85,Baseline,No forecast trigger,52.06,0.0,0.0
2026-09-20,CAN,Headingley,Manitoba,49.8753,-97.40896,0.0,4.25,Baseline,No forecast trigger,2.27,0.0,0.0
2026-09-20,CAN,Winnipeg,Manitoba,49.8844,-97.14704,0.0,4.3,Baseline,No forecast trigger,12.530000000000001,0.0,0.0
2026-09-20,CAN,Brandon,Manitoba,49.84692,-99.95306,0.0,3.9,Baseline,No forecast trigger,0.0,0.0,0.0
2026-09-20,CAN,Steinbach,Manitoba,49.52579,-96.68451,0.0,4.75,Baseline,No forecast trigger,0.0,0.0,0.0
2026-09-20,CAN,Thompson,Manitoba,55.7435,-97.85579,0.0,3.15,Baseline,No forecast trigger,0.0,0.0,0.0
2026-09-20,CAN,Moncton,New Brunswick,46.09454,-64.7965,0.0,4.45,Baseline,No forecast trigger,4.02,0.0,0.0
2026-09-20,CAN,Saint John,New Brunswick,45.27076,-66.05616,0.0,4.7,Baseline,No forecast trigger,0.0,0.0,0.0
2026-09-20,CAN,Fredericton,New Brunswick,45.94541,-66.66558,0.0,4.45,Baseline,No forecast trigger,2.55,0.0,0.0
2026-09-20,CAN,Dieppe,New Brunswick,46.07844,-64.68735,0.0,4.55,Baseline,No forecast trigger,8.41,0.0,0.0
2026-09-20,CAN,Miramichi,New Brunswick,47.02895,-65.50186,0.0,3.7,Baseline,No forecast trigger,0.0,0.0,0.0
2026-09-20,CAN,St. John'S,Newfoundland And Labrador,47.56494,-52.70931,0.024,4.95,Baseline,No forecast trigger,2.7600000000000002,0.0,0.0
2026-09-20,CAN,Mount Pearl,Newfoundland And Labrador,47.51659,-52.78135,0.02,5.0,Baseline,No forecast trigger,0.0,0.0,0.0
2026-09-20,CAN,Corner Brook,Newfoundland And Labrador,48.95001,-57.95202,0.004,4.65,Baseline,No forecast trigger,0.0,0.0,0.0
2026-09-20,CAN,Halifax,Nova Scotia,44.64269,-63.57688,0.0,4.1,Baseline,No forecast trigger,16.24,0.0,0.0
2026-09-20,CAN,Dartmouth,Nova Scotia,44.67134,-63.57719,0.0,4.1,Baseline,No forecast trigger,2.13,0.0,0.0
2026-09-20,CAN,Sydney,Nova Scotia,46.1351,-60.1831,0.0,3.75,Baseline,No forecast trigger,0.0,0.0,0.0
2026-09-20,CAN,Truro,Nova Scotia,45.36685,-63.26538,0.0,4.5,Baseline,No forecast trigger,0.0,0.0,0.0
2026-09-20,CAN,New Glasgow,Nova Scotia,45.58344,-62.64863,0.0,4.05,Baseline,No forecast trigger,0.0,0.0,0.0
2026-09-20,CAN,Yellowknife,Northwest Territories,62.45411,-114.37248,0.0,2.6,Baseline,No forecast trigger,0.0,0.0,0.0
2026-09-20,CAN,Hay River,Northwest Territories,60.81555,-115.79993,0.0,2.45,Baseline,No forecast trigger,0.0,0.0,0.0
2026-09-20,CAN,Inuvik,Northwest Territories,68.36166,-133.72816,0.126,1.65,Baseline,No forecast trigger,0.0,0.0,0.0
2026-09-20,CAN,Fort Smith,Northwest Territories,60.00439,-111.88871,0.0,2.5,Baseline,No forecast trigger,0.0,0.0,0.0
2026-09-20,CAN,Behchokǫ̀,Northwest Territories,62.8025,-116.04639,0.0,2.35,Baseline,No forecast trigger,0.0,0.0,0.0
2026-09-20,CAN,Iqaluit,Nunavut,63.74697,-68.51727,0.0,2.35,Baseline,No forecast trigger,0.0,0.0,0.0
2026-09-20,CAN,Rankin Inlet,Nunavut,62.80906,-92.08534,0.0,2.3,Baseline,No forecast trigger,0.0,0.0,0.0
2026-09-20,CAN,Arviat,Nunavut,61.10883,-94.05848,0.028,1.65,Baseline,No forecast trigger,0.0,0.0,0.0
2026-09-20,CAN,Baker Lake,Nunavut,64.32009,-96.02123,0.059,1.65,Baseline,No forecast trigger,0.0,0.0,0.0
2026-09-20,CAN,Cambridge Bay,Nunavut,69.11489,-105.05484,0.083,0.3,Baseline,No forecast trigger,0.0,0.0,0.0
2026-09-20,CAN,Toronto,Ontario,43.70643,-79.39864,0.016,4.45,Baseline,No forecast trigger,334.87,0.0,0.0
2026-09-20,CAN,Ottawa,Ontario,45.41117,-75.69812,0.0,5.1,Baseline,No forecast trigger,109.11,0.0,0.0
2026-09-20,CAN,Guelph,Ontario,43.54594,-80.25599,0.031,5.0,Baseline,No forecast trigger,20.4,0.0,0.0
2026-09-20,CAN,Markham,Ontario,43.86682,-79.2663,0.031,4.05,Baseline,No forecast trigger,26.91,0.0,0.0
2026-09-20,CAN,Charlottetown,Prince Edward Island,46.23459,-63.1256,0.0,4.4,Baseline,No forecast trigger,0.0,0.0,0.0
2026-09-20,CAN,Summerside,Prince Edward Island,46.3912,-63.78869,0.0,4.45,Baseline,No forecast trigger,0.0,0.0,0.0
2026-09-20,CAN,Cornwall,Prince Edward Island,46.22652,-63.21809,0.0,4.4,Baseline,No forecast trigger,0.0,0.0,0.0
2026-09-20,CAN,Montague,Prince Edward Island,46.16681,-62.64866,0.0,4.35,Baseline,No forecast trigger,0.0,0.0,0.0
2026-09-20,CAN,Montreal,Quebec,45.50884,-73.58781,0.071,4.35,Baseline,No forecast trigger,66.46000000000001,0.0,0.0
2026-09-20,CAN,Dorval,Quebec,45.4473,-73.75335,0.083,4.45,Baseline,No forecast trigger,5.01,0.0,0.0
2026-09-20,CAN,Blainville,Quebec,45.66678,-73.88249,0.0,4.8,Baseline,No forecast trigger,7.38,0.0,0.0
2026-09-20,CAN,Cote-Saint-Luc,Quebec,45.46536,-73.66585,0.098,4.45,Baseline,No forecast trigger,4.49,0.0,0.0
2026-09-20,CAN,Saskatoon,Saskatchewan,52.13238,-106.66892,0.0,4.5,Baseline,No forecast trigger,11.52,0.0,0.0
2026-09-20,CAN,Yellow Grass,Saskatchewan,49.80006,-104.16781,0.0,3.75,Baseline,No forecast trigger,3.1,0.0,0.0
2026-09-20,CAN,Regina,Saskatchewan,50.45008,-104.6178,0.0,4.75,Baseline,No forecast trigger,2.42,0.0,0.0
2026-09-20,CAN,Prince Albert,Saskatchewan,53.20008,-105.76772,0.0,4.3,Baseline,No forecast trigger,0.0,0.0,0.0
2026-09-20,CAN,Moose Jaw,Saskatchewan,50.40005,-105.53445,0.0,4.8,Baseline,No forecast trigger,0.0,0.0,0.0
2026-09-20,CAN,Whitehorse,Yukon,60.71611,-135.05376,0.185,3.15,Baseline,No forecast trigger,0.0,0.0,0.0
2026-09-20,CAN,Dawson City,Yukon,64.06013,-139.43327,0.071,0.4,Baseline,No forecast trigger,0.0,0.0,0.0
2026-09-20,CAN,Watson Lake,Yukon,60.06349,-128.70892,0.008,3.05,Baseline,No forecast trigger,0.0,0.0,0.0
2026-09-20,CAN,Mayo,Yukon,63.59274,-135.89984,0.087,2.6,Baseline,No forecast trigger,0.0,0.0,0.0
2026-09-20,US,Coeur D'Alene,Idaho,47.6777,-116.7805,0.0,5.25,Baseline,No forecast trigger,10.11,0.0,0.0
2026-09-20,US,Eagle Mountain,Utah,40.3144,-111.9849,0.0,6.55,Baseline,No forecast trigger,13.36,0.0,0.0
2026-09-20,US,Spokane,Washington,47.6569,-117.425,0.0,5.25,Baseline,No forecast trigger,96.94,0.0,0.0
2026-09-20,UK,Swansea,Wales,51.6214,-3.9436,0.0,3.3,Baseline,No forecast trigger,1.7999999999999998,0.0,0.0
2026-09-20,CAN,Grand Falls-Windsor,Newfoundland And Labrador,48.9332,-55.6649,0.0,4.75,Baseline,No forecast trigger,0.0,0.0,0.0
2026-09-20,CAN,Paradise,Newfoundland And Labrador,47.5333,-52.9667,0.0,5.0,Baseline,No forecast trigger,2.55,0.0,0.0
2026-09-20,CAN,Stratford,Prince Edward Island,46.2153,-63.0866,0.0,4.3,Baseline,No forecast trigger,0.0,0.0,0.0
2026-09-21,US,Naples,Florida,26.14234,-81.79596,0.397,7.6,Scale Umbrellas,Forecast rain 0.40 in ≥ 0.20 in,762.99,1514.54,0.118393
2026-09-21,US,Baton Rouge,Louisiana,30.44332,-91.18747,0.936,7.3,Scale Umbrellas,Forecast rain 0.94 in ≥ 0.20 in,417.5,1252.5,0.097909
2026-09-21,US,Madison,Alabama,34.69926,-86.74833,1.311,6.55,Scale Umbrellas,Forecast rain 1.31 in ≥ 0.20 in,410.99,1232.97,0.096383
2026-09-21,US,Richmond,Virginia,37.55376,-77.46026,0.488,6.3,Scale Umbrellas,Forecast rain 0.49 in ≥ 0.20 in,471.04999999999995,1149.36,0.089847
2026-09-21,US,Huntsville,Alabama,34.7304,-86.58594,1.497,6.55,Scale Umbrellas,Forecast rain 1.50 in ≥ 0.20 in,297.28,891.84,0.069716
2026-09-21,US,Honolulu,Hawaii,21.30694,-157.85834,0.016,8.4,Sun Protection (Hats/Shirts),Forecast UV 8.4 ≥ 8,835.68,877.46,0.068592
2026-09-21,US,Louisville,Kentucky,38.25424,-85.75941,0.327,5.95,Scale Umbrellas,Forecast rain 0.33 in ≥ 0.20 in,525.05,858.46,0.067107
2026-09-21,US,Dayton,Ohio,39.75895,-84.19161,0.559,3.35,Scale Umbrellas,Forecast rain 0.56 in ≥ 0.20 in,236.76,661.74,0.051729
2026-09-21,US,Lexington,Kentucky,37.98869,-84.47772,0.216,5.75,Scale Umbrellas,Forecast rain 0.22 in ≥ 0.20 in,362.01000000000005,390.97,0.030563
2026-09-21,US,Lafayette,Louisiana,30.22409,-92.01984,0.295,7.3,Scale Umbrellas,Forecast rain 0.29 in ≥ 0.20 in,244.69,360.92,0.028214
2026-09-21,US,New Orleans,Louisiana,29.95465,-90.07507,0.209,7.4,Scale Umbrellas,Forecast rain 0.21 in ≥ 0.20 in,322.7,337.22,0.026361
2026-09-21,US,Annapolis,Maryland,38.97859,-76.49184,0.278,1.4,Scale Umbrellas,Forecast rain 0.28 in ≥ 0.20 in,193.67,269.2,0.021044
2026-09-21,US,Doylestown,Pennsylvania,40.31011,-75.12989,0.329,0.7,Scale Umbrellas,Forecast rain 0.33 in ≥ 0.20 in,162.19,266.8,0.020856
2026-09-21,US,Silver Spring,Maryland,38.99067,-77.02609,0.241,1.8,Scale Umbrellas,Forecast rain 0.24 in ≥ 0.20 in,220.5,265.7,0.02077
2026-09-21,US,Rockville,Maryland,39.084,-77.15276,0.227,2.4,Scale Umbrellas,Forecast rain 0.23 in ≥ 0.20 in,205.82,233.61,0.018262
2026-09-21,US,Cedar Rapids,Iowa,42.00833,-91.64407,0.37,0.45,Scale Umbrellas,Forecast rain 0.37 in ≥ 0.20 in,99.48,184.04,0.014387
2026-09-21,US,Lancaster,Pennsylvania,40.03788,-76.30551,0.202,1.5,Scale Umbrellas,Forecast rain 0.20 in ≥ 0.20 in,180.85,182.66,0.014279
2026-09-21,US,Mobile,Alabama,30.69436,-88.04305,0.217,7.3,Scale Umbrellas,Forecast rain 0.22 in ≥ 0.20 in,162.07999999999998,175.86,0.013747
2026-09-21,US,Ewa Beach,Hawaii,21.31556,-158.00722,0.0,8.5,Sun Protection (Hats/Shirts),Forecast UV 8.5 ≥ 8,165.22,175.55,0.013723
2026-09-21,US,Sioux Falls,South Dakota,43.54997,-96.70033,0.554,2.0,Scale Umbrellas,Forecast rain 0.55 in ≥ 0.20 in,60.74,168.25,0.013152
2026-09-21,US,Princeton,New Jersey,40.34872,-74.65905,0.217,0.65,Scale Umbrellas,Forecast rain 0.22 in ≥ 0.20 in,151.32999999999998,164.19,0.012835
2026-09-21,US,Metairie,Louisiana,29.98409,-90.15285,0.209,7.4,Scale Umbrellas,Forecast rain 0.21 in ≥ 0.20 in,149.57999999999998,156.31,0.012219
2026-09-21,US,Kailua,Hawaii,21.40241,-157.74054,0.106,8.4,Sun Protection (Hats/Shirts),Forecast UV 8.4 ≥ 8,115.81,121.6,0.009506
2026-09-21,US,Ames,Iowa,42.03471,-93.61994,0.473,0.35,Scale Umbrellas,Forecast rain 0.47 in ≥ 0.20 in,47.92,113.33,0.008859
2026-09-21,US,Kaneohe,Hawaii,21.39994,-157.79895,0.106,8.4,Sun Protection (Hats/Shirts),Forecast UV 8.4 ≥ 8,106.22,111.53,0.008718
2026-09-21,US,Fairhope,Alabama,30.52297,-87.90333,0.201,7.35,Scale Umbrellas,Forecast rain 0.20 in ≥ 0.20 in,98.15,98.64,0.007711
2026-09-21,US,Huntington,West Virginia,38.41925,-82.44515,0.39,5.65,Scale Umbrellas,Forecast rain 0.39 in ≥ 0.20 in,49.74,96.99,0.007582
2026-09-21,US,Mililani,Hawaii,21.4504,-158.01503,0.008,8.5,Sun Protection (Hats/Shirts),Forecast UV 8.5 ≥ 8,89.56,95.16,0.007439
2026-09-21,US,Cordova,Alaska,60.5432,-145.75867,0.929,0.3,Scale Umbrellas,Forecast rain 0.93 in ≥ 0.20 in,29.560000000000002,88.68,0.006932
2026-09-21,US,Wheeling,West Virginia,40.06396,-80.72091,0.221,1.3,Scale Umbrellas,Forecast rain 0.22 in ≥ 0.20 in,57.44,63.47,0.004962
2026-09-21,US,Lennox,South Dakota,43.35415,-96.892,0.532,2.55,Scale Umbrellas,Forecast rain 0.53 in ≥ 0.20 in,18.65,49.61,0.003878
2026-09-21,US,Middlesboro,Kentucky,36.60842,-83.71658,0.358,6.0,Scale Umbrellas,Forecast rain 0.36 in ≥ 0.20 in,22.69,40.62,0.003175
2026-09-21,US,Rapid City,South Dakota,44.08054,-103.23101,0.237,1.55,Scale Umbrellas,Forecast rain 0.24 in ≥ 0.20 in,31.86,37.75,0.002951
2026-09-21,US,Sitka,Alaska,57.05315,-135.33089,0.358,2.95,Scale Umbrellas,Forecast rain 0.36 in ≥ 0.20 in,16.05,28.73,0.002246
2026-09-21,US,Hurricane,West Virginia,38.43259,-82.02014,0.213,5.8,Scale Umbrellas,Forecast rain 0.21 in ≥ 0.20 in,25.85,27.53,0.002152
2026-09-21,CAN,Sydney,Nova Scotia,46.1351,-60.1831,0.48,1.75,Scale Umbrellas,Forecast rain 0.48 in ≥ 0.20 in,0.0,27.18,0.002125
2026-09-21,CAN,Halifax,Nova Scotia,44.64269,-63.57688,0.232,3.8,Scale Umbrellas,Forecast rain 0.23 in ≥ 0.20 in,16.24,18.84,0.001473
2026-09-21,CAN,Dartmouth,Nova Scotia,44.67134,-63.57719,0.248,3.8,Scale Umbrellas,Forecast rain 0.25 in ≥ 0.20 in,2.13,2.64,0.000206
2026-09-21,US,Anchorage,Alaska,61.21806,-149.90028,0.051,1.35,Baseline,No forecast trigger,76.25,0.0,0.0
2026-09-21,US,Fairbanks,Alaska,64.83778,-147.71638,0.091,1.75,Baseline,No forecast trigger,22.16,0.0,0.0
2026-09-21,US,Wasilla,Alaska,61.5809,-149.4415,0.189,1.0,Baseline,No forecast trigger,9.92,0.0,0.0
2026-09-21,US,Birmingham,Alabama,33.52066,-86.80249,0.142,6.9,Baseline,No forecast trigger,372.08000000000004,0.0,0.0
2026-09-21,US,Little Rock,Arkansas,34.74648,-92.28959,0.02,6.4,Baseline,No forecast trigger,255.9,0.0,0.0
2026-09-21,US,Jonesboro,Arkansas,35.8423,-90.70428,0.035,6.3,Baseline,No forecast trigger,94.24,0.0,0.0
2026-09-21,US,Bentonville,Arkansas,36.37285,-94.20882,0.142,6.25,Baseline,No forecast trigger,139.7,0.0,0.0
2026-09-21,US,Fayetteville,Arkansas,36.06258,-94.15743,0.045,6.45,Baseline,No forecast trigger,94.36999999999999,0.0,0.0
2026-09-21,US,Rogers,Arkansas,36.33202,-94.11854,0.105,6.2,Baseline,No forecast trigger,102.64,0.0,0.0
2026-09-21,US,Phoenix,Arizona,33.44838,-112.07404,0.0,7.0,Baseline,No forecast trigger,459.78999999999996,0.0,0.0
2026-09-21,US,Tucson,Arizona,32.22174,-110.92648,0.0,7.5,Baseline,No forecast trigger,402.63,0.0,0.0
2026-09-21,US,Scottsdale,Arizona,33.50921,-111.89903,0.0,6.9,Baseline,No forecast trigger,373.86,0.0,0.0
2026-09-21,US,Gilbert,Arizona,33.35283,-111.78903,0.0,6.95,Baseline,No forecast trigger,134.3,0.0,0.0
2026-09-21,US,Mesa,Arizona,33.42227,-111.82264,0.0,6.85,Baseline,No forecast trigger,138.07999999999998,0.0,0.0
2026-09-21,US,Los Angeles,California,34.05223,-118.24368,0.0,6.75,Baseline,No forecast trigger,2423.83,0.0,0.0
2026-09-21,US,San Francisco,California,37.77493,-122.41942,0.0,6.4,Baseline,No forecast trigger,2496.73,0.0,0.0
2026-09-21,US,San Diego,California,32.71571,-117.16472,0.0,7.15,Baseline,No forecast trigger,1237.81,0.0,0.0
2026-09-21,US,San Jose,California,37.33939,-121.89496,0.0,6.5,Baseline,No forecast trigger,981.03,0.0,0.0
2026-09-21,US,Oakland,California,37.80437,-122.2708,0.0,6.4,Baseline,No forecast trigger,669.47,0.0,0.0
2026-09-21,US,Denver,Colorado,39.73915,-104.9847,0.0,6.6,Baseline,No forecast trigger,562.38,0.0,0.0
2026-09-21,US,Colorado Springs,Colorado,38.83388,-104.82136,0.0,6.65,Baseline,No forecast trigger,290.65000000000003,0.0,0.0
2026-09-21,US,Littleton,Colorado,39.61332,-105.01665,0.0,6.6,Baseline,No forecast trigger,163.32,0.0,0.0
2026-09-21,US,Aurora,Colorado,39.72943,-104.83192,0.0,6.6,Baseline,No forecast trigger,134.32,0.0,0.0
2026-09-21,US,Fort Collins,Colorado,40.58526,-105.08442,0.0,6.45,Baseline,No forecast trigger,139.49,0.0,0.0
2026-09-21,US,Norwalk,Connecticut,41.1176,-73.4079,0.0,5.55,Baseline,No forecast trigger,136.45,0.0,0.0
2026-09-21,US,Greenwich,Connecticut,41.02649,-73.62846,0.0,5.7,Baseline,No forecast trigger,421.93,0.0,0.0
2026-09-21,US,Stamford,Connecticut,41.05343,-73.53873,0.0,5.7,Baseline,No forecast trigger,162.43,0.0,0.0
2026-09-21,US,Fairfield,Connecticut,41.14121,-73.26373,0.0,5.7,Baseline,No forecast trigger,155.76,0.0,0.0
2026-09-21,US,New Canaan,Connecticut,41.14676,-73.49484,0.0,5.8,Baseline,No forecast trigger,167.03,0.0,0.0
2026-09-21,US,Wilmington,Delaware,39.74595,-75.54659,0.093,2.3,Baseline,No forecast trigger,591.95,0.0,0.0
2026-09-21,US,New Castle,Delaware,39.65948,-75.56359,0.088,2.15,Baseline,No forecast trigger,98.9,0.0,0.0
2026-09-21,US,Lewes,Delaware,38.77456,-75.13935,0.139,1.6,Baseline,No forecast trigger,92.15,0.0,0.0
2026-09-21,US,Newark,Delaware,39.68372,-75.74966,0.109,2.45,Baseline,No forecast trigger,107.28,0.0,0.0
2026-09-21,US,Middletown,Delaware,39.44956,-75.71632,0.112,2.5,Baseline,No forecast trigger,47.87,0.0,0.0
2026-09-21,US,Miami,Florida,25.77427,-80.19366,0.087,6.9,Baseline,No forecast trigger,2709.77,0.0,0.0
2026-09-21,US,Orlando,Florida,28.53834,-81.37924,0.094,7.6,Baseline,No forecast trigger,977.27,0.0,0.0
2026-09-21,US,Tampa,Florida,27.94752,-82.45843,0.05,7.65,Baseline,No forecast trigger,696.35,0.0,0.0
2026-09-21,US,Boca Raton,Florida,26.35869,-80.0831,0.0,7.0,Baseline,No forecast trigger,600.39,0.0,0.0
2026-09-21,US,Atlanta,Georgia,33.749,-84.38798,0.098,6.95,Baseline,No forecast trigger,1204.27,0.0,0.0
2026-09-21,US,Marietta,Georgia,33.9526,-84.54993,0.063,6.95,Baseline,No forecast trigger,563.3,0.0,0.0
2026-09-21,US,Savannah,Georgia,32.08354,-81.09983,0.012,6.05,Baseline,No forecast trigger,320.40000000000003,0.0,0.0
2026-09-21,US,Alpharetta,Georgia,34.07538,-84.29409,0.102,6.95,Baseline,No forecast trigger,264.8,0.0,0.0
2026-09-21,US,Decatur,Georgia,33.77483,-84.29631,0.039,6.95,Baseline,No forecast trigger,199.81,0.0,0.0
2026-09-21,US,Iowa City,Iowa,41.66113,-91.53017,0.139,0.5,Baseline,No forecast trigger,72.6,0.0,0.0
2026-09-21,US,Des Moines,Iowa,41.60054,-93.60911,0.188,0.5,Baseline,No forecast trigger,67.94,0.0,0.0
2026-09-21,US,West Des Moines,Iowa,41.57721,-93.71133,0.167,0.5,Baseline,No forecast trigger,55.04,0.0,0.0
2026-09-21,US,Boise,Idaho,43.6135,-116.20345,0.0,5.85,Baseline,No forecast trigger,166.37,0.0,0.0
2026-09-21,US,Meridian,Idaho,43.61211,-116.39151,0.0,5.8,Baseline,No forecast trigger,98.59,0.0,0.0
2026-09-21,US,Eagle,Idaho,43.69544,-116.35401,0.0,5.8,Baseline,No forecast trigger,45.19,0.0,0.0
2026-09-21,US,Kuna,Idaho,43.49183,-116.42012,0.0,5.85,Baseline,No forecast trigger,75.89999999999999,0.0,0.0
2026-09-21,US,Chicago,Illinois,41.85003,-87.65005,0.043,1.9,Baseline,No forecast trigger,2943.2799999999997,0.0,0.0
2026-09-21,US,Naperville,Illinois,41.78586,-88.14729,0.055,1.45,Baseline,No forecast trigger,303.12,0.0,0.0
2026-09-21,US,Evanston,Illinois,42.04114,-87.69006,0.051,1.95,Baseline,No forecast trigger,177.62,0.0,0.0
2026-09-21,US,Wilmette,Illinois,42.07225,-87.72284,0.083,3.2,Baseline,No forecast trigger,164.29000000000002,0.0,0.0
2026-09-21,US,Downers Grove,Illinois,41.80892,-88.01117,0.095,1.7,Baseline,No forecast trigger,144.54,0.0,0.0
2026-09-21,US,Indianapolis,Indiana,39.76838,-86.15804,0.047,3.95,Baseline,No forecast trigger,482.22,0.0,0.0
2026-09-21,US,Carmel,Indiana,39.97837,-86.11804,0.016,4.75,Baseline,No forecast trigger,271.69,0.0,0.0
2026-09-21,US,Fort Wayne,Indiana,41.1306,-85.12886,0.004,4.2,Baseline,No forecast trigger,204.32,0.0,0.0
2026-09-21,US,Bloomington,Indiana,39.16533,-86.52639,0.105,4.2,Baseline,No forecast trigger,147.0,0.0,0.0
2026-09-21,US,West Lafayette,Indiana,40.42587,-86.90807,0.033,3.8,Baseline,No forecast trigger,91.86,0.0,0.0
2026-09-21,US,Wichita,Kansas,37.69224,-97.33754,0.0,6.15,Baseline,No forecast trigger,232.9,0.0,0.0
2026-09-21,US,Overland Park,Kansas,38.98223,-94.67079,0.001,5.85,Baseline,No forecast trigger,217.21,0.0,0.0
2026-09-21,US,Olathe,Kansas,38.8814,-94.81913,0.0,5.85,Baseline,No forecast trigger,116.0,0.0,0.0
2026-09-21,US,Lawrence,Kansas,38.97167,-95.23525,0.0,5.9,Baseline,No forecast trigger,70.14,0.0,0.0
2026-09-21,US,Leawood,Kansas,38.96667,-94.6169,0.002,5.9,Baseline,No forecast trigger,64.51,0.0,0.0
2026-09-21,US,Bowling Green,Kentucky,36.99032,-86.4436,0.114,5.7,Baseline,No forecast trigger,68.25,0.0,0.0
2026-09-21,US,Paducah,Kentucky,37.08339,-88.60005,0.0,5.95,Baseline,No forecast trigger,83.11,0.0,0.0
2026-09-21,US,Shreveport,Louisiana,32.52515,-93.75018,0.0,6.9,Baseline,No forecast trigger,290.65,0.0,0.0
2026-09-21,US,Reading,Massachusetts,42.52565,-71.09533,0.028,5.1,Baseline,No forecast trigger,951.13,0.0,0.0
2026-09-21,US,Boston,Massachusetts,42.35843,-71.05977,0.026,4.3,Baseline,No forecast trigger,994.42,0.0,0.0
2026-09-21,US,Cambridge,Massachusetts,42.3751,-71.10561,0.016,4.15,Baseline,No forecast trigger,357.35,0.0,0.0
2026-09-21,US,Berkley,Massachusetts,41.84593,-71.08282,0.048,3.65,Baseline,No forecast trigger,104.64,0.0,0.0
2026-09-21,US,Somerville,Massachusetts,42.3876,-71.0995,0.016,4.15,Baseline,No forecast trigger,182.65,0.0,0.0
2026-09-21,US,Baltimore,Maryland,39.29038,-76.61219,0.134,1.6,Baseline,No forecast trigger,371.93,0.0,0.0
2026-09-21,US,Bethesda,Maryland,38.98067,-77.10026,0.129,1.55,Baseline,No forecast trigger,388.47,0.0,0.0
2026-09-21,US,Portland,Maine,43.65737,-70.2589,0.087,5.25,Baseline,No forecast trigger,1114.68,0.0,0.0
2026-09-21,US,Scarborough,Maine,43.57814,-70.32172,0.102,5.25,Baseline,No forecast trigger,60.37,0.0,0.0
2026-09-21,US,Falmouth,Maine,43.72953,-70.24199,0.098,5.25,Baseline,No forecast trigger,41.55,0.0,0.0
2026-09-21,US,Bangor,Maine,44.79884,-68.77265,0.063,5.25,Baseline,No forecast trigger,29.74,0.0,0.0
2026-09-21,US,Eliot,Maine,43.15314,-70.80006,0.098,5.15,Baseline,No forecast trigger,23.41,0.0,0.0
2026-09-21,US,Ann Arbor,Michigan,42.27756,-83.74088,0.0,5.15,Baseline,No forecast trigger,275.62,0.0,0.0
2026-09-21,US,Grand Rapids,Michigan,42.96336,-85.66809,0.0,4.7,Baseline,No forecast trigger,302.26,0.0,0.0
2026-09-21,US,Bloomfield Hills,Michigan,42.58364,-83.24549,0.0,5.05,Baseline,No forecast trigger,181.23,0.0,0.0
2026-09-21,US,Plymouth,Michigan,42.37143,-83.47021,0.0,4.95,Baseline,No forecast trigger,230.03,0.0,0.0
2026-09-21,US,Macomb,Michigan,42.70087,-82.95909,0.0,5.2,Baseline,No forecast trigger,93.54,0.0,0.0
2026-09-21,US,Minneapolis,Minnesota,44.97997,-93.26384,0.0,3.2,Baseline,No forecast trigger,522.84,0.0,0.0
2026-09-21,US,Saint Paul,Minnesota,44.94441,-93.09327,0.0,4.4,Baseline,No forecast trigger,263.32,0.0,0.0
2026-09-21,US,Plymouth,Minnesota,45.01052,-93.45551,0.0,2.75,Baseline,No forecast trigger,230.03,0.0,0.0
2026-09-21,US,Minnetonka,Minnesota,44.9133,-93.50329,0.0,2.4,Baseline,No forecast trigger,67.31,0.0,0.0
2026-09-21,US,Eden Prairie,Minnesota,44.85469,-93.47079,0.0,3.0,Baseline,No forecast trigger,81.93,0.0,0.0
2026-09-21,US,Saint Louis,Missouri,38.65174,-90.20525,0.021,5.1,Baseline,No forecast trigger,503.97999999999996,0.0,0.0
2026-09-21,US,Kansas City,Missouri,39.09973,-94.57857,0.001,5.8,Baseline,No forecast trigger,295.01,0.0,0.0
2026-09-21,US,Chesterfield,Missouri,38.66311,-90.57707,0.0,3.4,Baseline,No forecast trigger,154.27,0.0,0.0
2026-09-21,US,Saint Charles,Missouri,38.78394,-90.48123,0.0,3.25,Baseline,No forecast trigger,112.03,0.0,0.0
2026-09-21,US,Springfield,Missouri,37.21533,-93.29824,0.032,6.2,Baseline,No forecast trigger,113.33,0.0,0.0
2026-09-21,US,Madison,Mississippi,32.46181,-90.11536,0.094,7.05,Baseline,No forecast trigger,410.99,0.0,0.0
2026-09-21,US,Gulfport,Mississippi,30.36742,-89.09282,0.035,7.3,Baseline,No forecast trigger,65.27,0.0,0.0
2026-09-21,US,Hattiesburg,Mississippi,31.32712,-89.29034,0.186,7.2,Baseline,No forecast trigger,35.83,0.0,0.0
2026-09-21,US,Jackson,Mississippi,32.29876,-90.18481,0.123,7.0,Baseline,No forecast trigger,40.010000000000005,0.0,0.0
2026-09-21,US,Southaven,Mississippi,34.98898,-90.01259,0.075,6.35,Baseline,No forecast trigger,42.06,0.0,0.0
2026-09-21,US,Bozeman,Montana,45.67965,-111.03856,0.0,5.8,Baseline,No forecast trigger,49.2,0.0,0.0
2026-09-21,US,Billings,Montana,45.78329,-108.50069,0.0,5.7,Baseline,No forecast trigger,63.75,0.0,0.0
2026-09-21,US,Great Falls,Montana,47.50024,-111.30081,0.0,5.45,Baseline,No forecast trigger,29.419999999999998,0.0,0.0
2026-09-21,US,Missoula,Montana,46.87215,-113.994,0.0,5.5,Baseline,No forecast trigger,28.06,0.0,0.0
2026-09-21,US,Kalispell,Montana,48.19579,-114.31291,0.0,5.3,Baseline,No forecast trigger,36.16,0.0,0.0
2026-09-21,US,Charlotte,North Carolina,35.22709,-80.84313,0.094,6.5,Baseline,No forecast trigger,1057.24,0.0,0.0
2026-09-21,US,Raleigh,North Carolina,35.7721,-78.63861,0.051,6.6,Baseline,No forecast trigger,673.03,0.0,0.0
2026-09-21,US,Durham,North Carolina,35.99403,-78.89862,0.035,6.55,Baseline,No forecast trigger,223.35999999999999,0.0,0.0
2026-09-21,US,Wilmington,North Carolina,34.23556,-77.94604,0.0,6.35,Baseline,No forecast trigger,591.95,0.0,0.0
2026-09-21,US,Chapel Hill,North Carolina,35.9132,-79.05584,0.071,6.6,Baseline,No forecast trigger,234.24,0.0,0.0
2026-09-21,US,Fargo,North Dakota,46.87719,-96.7898,0.0,4.75,Baseline,No forecast trigger,65.82,0.0,0.0
2026-09-21,US,West Fargo,North Dakota,46.87497,-96.90036,0.0,4.8,Baseline,No forecast trigger,39.59,0.0,0.0
2026-09-21,US,Bismarck,North Dakota,46.80833,-100.78374,0.0,5.3,Baseline,No forecast trigger,27.36,0.0,0.0
2026-09-21,US,Dickinson,North Dakota,46.87918,-102.78962,0.0,4.35,Baseline,No forecast trigger,26.21,0.0,0.0
2026-09-21,US,Grand Forks,North Dakota,47.92526,-97.03285,0.0,4.8,Baseline,No forecast trigger,8.92,0.0,0.0
2026-09-21,US,Omaha,Nebraska,41.25626,-95.94043,0.041,1.5,Baseline,No forecast trigger,232.41,0.0,0.0
2026-09-21,US,Lincoln,Nebraska,40.8,-96.66696,0.051,4.3,Baseline,No forecast trigger,106.0,0.0,0.0
2026-09-21,US,Elkhorn,Nebraska,41.345,-96.256,0.069,1.6,Baseline,No forecast trigger,58.6,0.0,0.0
2026-09-21,US,Bellevue,Nebraska,41.13667,-95.89084,0.052,1.7,Baseline,No forecast trigger,296.72,0.0,0.0
2026-09-21,US,Papillion,Nebraska,41.15444,-96.04224,0.048,1.95,Baseline,No forecast trigger,37.15,0.0,0.0
2026-09-21,US,Manchester,New Hampshire,42.99564,-71.45479,0.016,4.65,Baseline,No forecast trigger,84.45,0.0,0.0
2026-09-21,US,Nashua,New Hampshire,42.76537,-71.46757,0.016,4.85,Baseline,No forecast trigger,85.91,0.0,0.0
2026-09-21,US,Hampton,New Hampshire,42.93759,-70.83894,0.185,5.35,Baseline,No forecast trigger,58.470000000000006,0.0,0.0
2026-09-21,US,Portsmouth,New Hampshire,43.07704,-70.75766,0.075,5.15,Baseline,No forecast trigger,51.69,0.0,0.0
2026-09-21,US,Exeter,New Hampshire,42.98148,-70.94783,0.11,5.25,Baseline,No forecast trigger,37.24,0.0,0.0
2026-09-21,US,Jersey City,New Jersey,40.72816,-74.07764,0.083,2.0,Baseline,No forecast trigger,586.88,0.0,0.0
2026-09-21,US,Hoboken,New Jersey,40.74399,-74.03236,0.083,2.0,Baseline,No forecast trigger,303.13,0.0,0.0
2026-09-21,US,Morristown,New Jersey,40.79677,-74.48154,0.063,3.15,Baseline,No forecast trigger,202.98999999999998,0.0,0.0
2026-09-21,US,Westfield,New Jersey,40.65899,-74.34737,0.091,1.35,Baseline,No forecast trigger,185.79,0.0,0.0
2026-09-21,US,Albuquerque,New Mexico,35.08449,-106.65114,0.0,6.9,Baseline,No forecast trigger,311.62,0.0,0.0
2026-09-21,US,Santa Fe,New Mexico,35.68698,-105.9378,0.0,6.65,Baseline,No forecast trigger,101.49000000000001,0.0,0.0
2026-09-21,US,Las Cruces,New Mexico,32.31232,-106.77834,0.0,7.5,Baseline,No forecast trigger,71.61,0.0,0.0
2026-09-21,US,Tijeras,New Mexico,35.08088,-106.38808,0.0,7.15,Baseline,No forecast trigger,28.75,0.0,0.0
2026-09-21,US,Los Alamos,New Mexico,35.88808,-106.30697,0.0,6.9,Baseline,No forecast trigger,32.22,0.0,0.0
2026-09-21,US,Henderson,Nevada,36.0397,-114.98194,0.0,6.6,Baseline,No forecast trigger,221.68,0.0,0.0
2026-09-21,US,Las Vegas,Nevada,36.17497,-115.13722,0.0,6.85,Baseline,No forecast trigger,602.71,0.0,0.0
2026-09-21,US,Reno,Nevada,39.52963,-119.8138,0.0,6.45,Baseline,No forecast trigger,198.0,0.0,0.0
2026-09-21,US,Carson City,Nevada,39.1638,-119.7674,0.0,6.45,Baseline,No forecast trigger,22.23,0.0,0.0
2026-09-21,US,North Las Vegas,Nevada,36.19886,-115.1175,0.0,6.8,Baseline,No forecast trigger,21.009999999999998,0.0,0.0
2026-09-21,US,New York,New York,40.71427,-74.00597,0.083,2.0,Baseline,No forecast trigger,7823.84,0.0,0.0
2026-09-21,US,Brooklyn,New York,40.6501,-73.94958,0.138,1.75,Baseline,No forecast trigger,3916.93,0.0,0.0
2026-09-21,US,Bronx,New York,40.84985,-73.86641,0.012,4.05,Baseline,No forecast trigger,453.86,0.0,0.0
2026-09-21,US,Staten Island,New York,40.56233,-74.13986,0.126,1.5,Baseline,No forecast trigger,497.68,0.0,0.0
2026-09-21,US,Astoria,New York,40.77205,-73.93014,0.016,3.85,Baseline,No forecast trigger,273.25,0.0,0.0
2026-09-21,US,Cincinnati,Ohio,39.12711,-84.51439,0.193,5.05,Baseline,No forecast trigger,743.62,0.0,0.0
2026-09-21,US,Columbus,Ohio,39.96118,-82.99879,0.03,2.9,Baseline,No forecast trigger,620.78,0.0,0.0
2026-09-21,US,Dublin,Ohio,40.09923,-83.11408,0.04,3.45,Baseline,No forecast trigger,163.25,0.0,0.0
2026-09-21,US,Cleveland,Ohio,41.4995,-81.69541,0.0,2.65,Baseline,No forecast trigger,150.06,0.0,0.0
2026-09-21,US,Edmond,Oklahoma,35.65283,-97.4781,0.004,6.6,Baseline,No forecast trigger,380.66,0.0,0.0
2026-09-21,US,Tulsa,Oklahoma,36.15398,-95.99277,0.003,4.65,Baseline,No forecast trigger,450.78,0.0,0.0
2026-09-21,US,Oklahoma City,Oklahoma,35.46756,-97.51643,0.016,6.7,Baseline,No forecast trigger,229.98,0.0,0.0
2026-09-21,US,Norman,Oklahoma,35.22257,-97.43948,0.028,6.45,Baseline,No forecast trigger,114.31,0.0,0.0
2026-09-21,US,Broken Arrow,Oklahoma,36.0526,-95.79082,0.001,6.0,Baseline,No forecast trigger,88.45,0.0,0.0
2026-09-21,US,Portland,Oregon,45.52345,-122.67621,0.0,4.45,Baseline,No forecast trigger,1114.68,0.0,0.0
2026-09-21,US,Lake Oswego,Oregon,45.42067,-122.67065,0.0,4.6,Baseline,No forecast trigger,180.67999999999998,0.0,0.0
2026-09-21,US,Beaverton,Oregon,45.48706,-122.80371,0.0,4.5,Baseline,No forecast trigger,120.91,0.0,0.0
2026-09-21,US,Eugene,Oregon,44.05207,-123.08675,0.0,5.1,Baseline,No forecast trigger,128.59,0.0,0.0
2026-09-21,US,Salem,Oregon,44.9429,-123.0351,0.0,4.75,Baseline,No forecast trigger,105.42,0.0,0.0
2026-09-21,US,Philadelphia,Pennsylvania,39.95238,-75.16362,0.085,3.65,Baseline,No forecast trigger,1092.95,0.0,0.0
2026-09-21,US,Pittsburgh,Pennsylvania,40.44062,-79.99589,0.092,1.0,Baseline,No forecast trigger,679.83,0.0,0.0
2026-09-21,US,West Chester,Pennsylvania,39.96097,-75.60804,0.097,1.5,Baseline,No forecast trigger,175.43,0.0,0.0
2026-09-21,US,Providence,Rhode Island,41.82399,-71.41283,0.043,4.25,Baseline,No forecast trigger,147.89000000000001,0.0,0.0
2026-09-21,US,Barrington,Rhode Island,41.74066,-71.30866,0.003,3.4,Baseline,No forecast trigger,78.64,0.0,0.0
2026-09-21,US,Cranston,Rhode Island,41.77982,-71.43728,0.056,3.35,Baseline,No forecast trigger,41.57,0.0,0.0
2026-09-21,US,Warwick,Rhode Island,41.7001,-71.41617,0.003,3.4,Baseline,No forecast trigger,46.92,0.0,0.0
2026-09-21,US,East Greenwich,Rhode Island,41.66038,-71.45589,0.003,3.85,Baseline,No forecast trigger,36.96,0.0,0.0
2026-09-21,US,Greenville,South Carolina,34.85262,-82.39401,0.13,6.8,Baseline,No forecast trigger,359.23,0.0,0.0
2026-09-21,US,Charleston,South Carolina,32.77632,-79.93275,0.067,5.85,Baseline,No forecast trigger,364.17,0.0,0.0
2026-09-21,US,Mount Pleasant,South Carolina,32.79407,-79.86259,0.067,5.85,Baseline,No forecast trigger,211.1,0.0,0.0
2026-09-21,US,Columbia,South Carolina,34.00071,-81.03481,0.0,6.55,Baseline,No forecast trigger,230.48999999999998,0.0,0.0
2026-09-21,US,Myrtle Beach,South Carolina,33.68906,-78.88669,0.0,5.8,Baseline,No forecast trigger,246.49,0.0,0.0
2026-09-21,US,Madison,South Dakota,44.00608,-97.11395,0.191,3.25,Baseline,No forecast trigger,410.99,0.0,0.0
2026-09-21,US,Aberdeen,South Dakota,45.4647,-98.48648,0.008,4.8,Baseline,No forecast trigger,8.59,0.0,0.0
2026-09-21,US,Nashville,Tennessee,36.16589,-86.78444,0.043,4.7,Baseline,No forecast trigger,709.8,0.0,0.0
2026-09-21,US,Knoxville,Tennessee,35.96064,-83.92074,0.193,6.45,Baseline,No forecast trigger,413.12,0.0,0.0
2026-09-21,US,Memphis,Tennessee,35.14953,-90.04898,0.028,6.05,Baseline,No forecast trigger,320.84,0.0,0.0
2026-09-21,US,Franklin,Tennessee,35.92506,-86.86889,0.067,5.65,Baseline,No forecast trigger,301.59000000000003,0.0,0.0
2026-09-21,US,Chattanooga,Tennessee,35.04563,-85.30968,0.075,6.6,Baseline,No forecast trigger,183.88,0.0,0.0
2026-09-21,US,Houston,Texas,29.76328,-95.36327,0.0,7.45,Baseline,No forecast trigger,2773.2400000000002,0.0,0.0
2026-09-21,US,Austin,Texas,30.26715,-97.74306,0.0,7.25,Baseline,No forecast trigger,1550.3,0.0,0.0
2026-09-21,US,Dallas,Texas,32.78306,-96.80667,0.088,5.95,Baseline,No forecast trigger,1503.73,0.0,0.0
2026-09-21,US,San Antonio,Texas,29.42412,-98.49363,0.0,7.5,Baseline,No forecast trigger,767.21,0.0,0.0
2026-09-21,US,Fort Worth,Texas,32.72541,-97.32085,0.04,6.5,Baseline,No forecast trigger,625.93,0.0,0.0
2026-09-21,US,Salt Lake City,Utah,40.76078,-111.89105,0.0,6.4,Baseline,No forecast trigger,169.14000000000001,0.0,0.0
2026-09-21,US,South Jordan,Utah,40.56217,-111.92966,0.0,6.4,Baseline,No forecast trigger,91.31,0.0,0.0
2026-09-21,US,Park City,Utah,40.64606,-111.49797,0.0,6.55,Baseline,No forecast trigger,72.53999999999999,0.0,0.0
2026-09-21,US,Sandy,Utah,40.59161,-111.8841,0.0,6.4,Baseline,No forecast trigger,58.64,0.0,0.0
2026-09-21,US,Alexandria,Virginia,38.80484,-77.04692,0.197,1.25,Baseline,No forecast trigger,848.47,0.0,0.0
2026-09-21,US,Arlington,Virginia,38.88101,-77.10428,0.194,1.5,Baseline,No forecast trigger,608.93,0.0,0.0
2026-09-21,US,Virginia Beach,Virginia,36.85293,-75.97799,0.004,6.15,Baseline,No forecast trigger,478.81,0.0,0.0
2026-09-21,US,Fairfax,Virginia,38.84622,-77.30637,0.116,1.1,Baseline,No forecast trigger,293.86,0.0,0.0
2026-09-21,US,Burlington,Vermont,44.47588,-73.21207,0.0,4.6,Baseline,No forecast trigger,36.37,0.0,0.0
2026-09-21,US,Essex Junction,Vermont,44.49061,-73.11096,0.0,4.6,Baseline,No forecast trigger,24.2,0.0,0.0
2026-09-21,US,Hyde Park,Vermont,44.59394,-72.61651,0.008,3.95,Baseline,No forecast trigger,20.75,0.0,0.0
2026-09-21,US,South Burlington,Vermont,44.46699,-73.17096,0.0,4.6,Baseline,No forecast trigger,46.62,0.0,0.0
2026-09-21,US,Stowe,Vermont,44.46533,-72.68456,0.004,4.2,Baseline,No forecast trigger,32.36,0.0,0.0
2026-09-21,US,Seattle,Washington,47.60621,-122.33207,0.0,4.75,Baseline,No forecast trigger,1541.73,0.0,0.0
2026-09-21,US,Bellevue,Washington,47.61038,-122.20068,0.0,4.7,Baseline,No forecast trigger,296.72,0.0,0.0
2026-09-21,US,Vancouver,Washington,45.63873,-122.66149,0.0,4.45,Baseline,No forecast trigger,272.42,0.0,0.0
2026-09-21,US,Tacoma,Washington,47.25288,-122.44429,0.0,4.65,Baseline,No forecast trigger,223.86,0.0,0.0
2026-09-21,US,Milwaukee,Wisconsin,43.0389,-87.90647,0.0,4.35,Baseline,No forecast trigger,260.35,0.0,0.0
2026-09-21,US,Madison,Wisconsin,43.07305,-89.40123,0.039,2.7,Baseline,No forecast trigger,410.99,0.0,0.0
2026-09-21,US,Waukesha,Wisconsin,43.01168,-88.23148,0.004,4.05,Baseline,No forecast trigger,65.98,0.0,0.0
2026-09-21,US,Whitefish Bay,Wisconsin,43.11334,-87.90009,0.0,4.35,Baseline,No forecast trigger,67.08,0.0,0.0
2026-09-21,US,Appleton,Wisconsin,44.26193,-88.41538,0.0,4.5,Baseline,No forecast trigger,60.74,0.0,0.0
2026-09-21,US,Morgantown,West Virginia,39.62953,-79.9559,0.132,4.65,Baseline,No forecast trigger,102.16,0.0,0.0
2026-09-21,US,Charleston,West Virginia,38.34982,-81.63262,0.197,5.85,Baseline,No forecast trigger,364.17,0.0,0.0
2026-09-21,US,Cheyenne,Wyoming,41.13998,-104.82025,0.0,6.45,Baseline,No forecast trigger,50.27,0.0,0.0
2026-09-21,US,Sheridan,Wyoming,44.79719,-106.95618,0.0,5.8,Baseline,No forecast trigger,41.14,0.0,0.0
2026-09-21,US,Rock Springs,Wyoming,41.58746,-109.2029,0.0,6.5,Baseline,No forecast trigger,32.5,0.0,0.0
2026-09-21,US,Cody,Wyoming,44.52634,-109.05653,0.0,6.05,Baseline,No forecast trigger,14.1,0.0,0.0
2026-09-21,US,Casper,Wyoming,42.86663,-106.31308,0.043,6.15,Baseline,No forecast trigger,10.32,0.0,0.0
2026-09-21,US,Washington,District Of Columbia,38.89511,-77.03637,0.195,1.8,Baseline,No forecast trigger,1762.83,0.0,0.0
2026-09-21,UK,London,England,51.50853,-0.12574,0.0,3.15,Baseline,No forecast trigger,226.18,0.0,0.0
2026-09-21,UK,Bristol,England,51.45523,-2.59665,0.0,3.1,Baseline,No forecast trigger,30.48,0.0,0.0
2026-09-21,UK,Sheffield,England,53.38297,-1.4659,0.0,2.1,Baseline,No forecast trigger,13.110000000000001,0.0,0.0
2026-09-21,UK,Swindon,England,51.55797,-1.78116,0.0,3.05,Baseline,No forecast trigger,15.98,0.0,0.0
2026-09-21,UK,Birmingham,England,52.48142,-1.89983,0.0,2.5,Baseline,No forecast trigger,8.75,0.0,0.0
2026-09-21,UK,Brighton,England,50.82838,-0.13947,0.0,3.25,Baseline,No forecast trigger,7.11,0.0,0.0
2026-09-21,UK,Hove,England,50.83088,-0.1672,0.0,3.25,Baseline,No forecast trigger,8.76,0.0,0.0
2026-09-21,UK,Manchester,England,53.48095,-2.23743,0.006,1.9,Baseline,No forecast trigger,8.35,0.0,0.0
2026-09-21,UK,Glasgow,Scotland,55.86515,-4.25763,0.089,1.85,Baseline,No forecast trigger,10.739999999999998,0.0,0.0
2026-09-21,UK,Edinburgh,Scotland,55.95206,-3.19648,0.028,1.85,Baseline,No forecast trigger,8.47,0.0,0.0
2026-09-21,UK,Aberdeen,Scotland,57.14369,-2.09814,0.031,2.15,Baseline,No forecast trigger,4.23,0.0,0.0
2026-09-21,UK,Dunfermline,Scotland,56.07156,-3.45887,0.024,1.85,Baseline,No forecast trigger,4.26,0.0,0.0
2026-09-21,UK,Aboyne,Scotland,57.07546,-2.78023,0.031,2.15,Baseline,No forecast trigger,1.63,0.0,0.0
2026-09-21,UK,Balerno,Scotland,55.88437,-3.33975,0.016,1.85,Baseline,No forecast trigger,2.0,0.0,0.0
2026-09-21,UK,Banchory,Scotland,57.05168,-2.48824,0.024,2.15,Baseline,No forecast trigger,2.5900000000000003,0.0,0.0
2026-09-21,UK,Barrhead,Scotland,55.79916,-4.39285,0.031,1.85,Baseline,No forecast trigger,2.17,0.0,0.0
2026-09-21,UK,Cardiff,Wales,51.48,-3.18,0.0,2.65,Baseline,No forecast trigger,5.72,0.0,0.0
2026-09-21,UK,Aberdare,Wales,51.71438,-3.44918,0.0,2.75,Baseline,No forecast trigger,4.02,0.0,0.0
2026-09-21,UK,Clarbeston Road,Wales,51.85139,-4.88056,0.012,2.25,Baseline,No forecast trigger,1.92,0.0,0.0
2026-09-21,UK,Cwmbran,Wales,51.65446,-3.02281,0.0,2.65,Baseline,No forecast trigger,1.8900000000000001,0.0,0.0
2026-09-21,UK,Llanidloes,Wales,52.44977,-3.53997,0.0,2.2,Baseline,No forecast trigger,1.7999999999999998,0.0,0.0
2026-09-21,UK,Merthyr Tydfil,Wales,51.74794,-3.37779,0.0,3.0,Baseline,No forecast trigger,2.11,0.0,0.0
2026-09-21,UK,Port Talbot,Wales,51.59241,-3.78019,0.0,2.65,Baseline,No forecast trigger,2.2,0.0,0.0
2026-09-21,UK,Newry,Northern Ireland,54.17841,-6.33739,0.0,2.15,Baseline,No forecast trigger,3.96,0.0,0.0
2026-09-21,UK,Belfast,Northern Ireland,54.59682,-5.92541,0.016,2.2,Baseline,No forecast trigger,2.08,0.0,0.0
2026-09-21,UK,Craigavon,Northern Ireland,54.44709,-6.387,0.0,2.1,Baseline,No forecast trigger,1.91,0.0,0.0
2026-09-21,UK,Dromara,Northern Ireland,54.36667,-6.01667,0.0,2.1,Baseline,No forecast trigger,1.77,0.0,0.0
2026-09-21,UK,Derry,Northern Ireland,54.9981,-7.30934,0.039,2.25,Baseline,No forecast trigger,0.0,0.0,0.0
2026-09-21,UK,Lisburn,Northern Ireland,54.52337,-6.03527,0.012,2.1,Baseline,No forecast trigger,0.0,0.0,0.0
2026-09-21,UK,Bangor,Northern Ireland,54.66079,-5.66802,0.012,2.5,Baseline,No forecast trigger,0.0,0.0,0.0
2026-09-21,CAN,Calgary,Alberta,51.05011,-114.08529,0.0,4.8,Baseline,No forecast trigger,113.25,0.0,0.0
2026-09-21,CAN,Edmonton,Alberta,53.55014,-113.46871,0.0,4.35,Baseline,No forecast trigger,48.61,0.0,0.0
2026-09-21,CAN,St. Albert,Alberta,53.63344,-113.63533,0.0,4.35,Baseline,No forecast trigger,5.91,0.0,0.0
2026-09-21,CAN,Wainwright,Alberta,52.83482,-110.85342,0.0,4.5,Baseline,No forecast trigger,1.8499999999999999,0.0,0.0
2026-09-21,CAN,West Baptiste,Alberta,54.75016,-113.5688,0.0,3.95,Baseline,No forecast trigger,1.1,0.0,0.0
2026-09-21,CAN,Vancouver,British Columbia,49.24966,-123.11934,0.0,4.8,Baseline,No forecast trigger,256.08000000000004,0.0,0.0
2026-09-21,CAN,Victoria,British Columbia,48.4359,-123.35155,0.0,4.9,Baseline,No forecast trigger,60.489999999999995,0.0,0.0
2026-09-21,CAN,Surrey,British Columbia,49.10635,-122.82509,0.0,4.8,Baseline,No forecast trigger,80.17,0.0,0.0
2026-09-21,CAN,Burnaby,British Columbia,49.26636,-122.95263,0.0,4.75,Baseline,No forecast trigger,69.46,0.0,0.0
2026-09-21,CAN,North Vancouver,British Columbia,49.31636,-123.06934,0.0,4.8,Baseline,No forecast trigger,52.06,0.0,0.0
2026-09-21,CAN,Headingley,Manitoba,49.8753,-97.40896,0.0,4.8,Baseline,No forecast trigger,2.27,0.0,0.0
2026-09-21,CAN,Winnipeg,Manitoba,49.8844,-97.14704,0.0,4.8,Baseline,No forecast trigger,12.530000000000001,0.0,0.0
2026-09-21,CAN,Brandon,Manitoba,49.84692,-99.95306,0.0,4.9,Baseline,No forecast trigger,0.0,0.0,0.0
2026-09-21,CAN,Steinbach,Manitoba,49.52579,-96.68451,0.0,4.85,Baseline,No forecast trigger,0.0,0.0,0.0
2026-09-21,CAN,Thompson,Manitoba,55.7435,-97.85579,0.0,3.75,Baseline,No forecast trigger,0.0,0.0,0.0
2026-09-21,CAN,Moncton,New Brunswick,46.09454,-64.7965,0.062,5.1,Baseline,No forecast trigger,4.02,0.0,0.0
2026-09-21,CAN,Saint John,New Brunswick,45.27076,-66.05616,0.043,5.15,Baseline,No forecast trigger,0.0,0.0,0.0
2026-09-21,CAN,Fredericton,New Brunswick,45.94541,-66.66558,0.035,5.05,Baseline,No forecast trigger,2.55,0.0,0.0
2026-09-21,CAN,Dieppe,New Brunswick,46.07844,-64.68735,0.074,5.1,Baseline,No forecast trigger,8.41,0.0,0.0
2026-09-21,CAN,Miramichi,New Brunswick,47.02895,-65.50186,0.026,4.25,Baseline,No forecast trigger,0.0,0.0,0.0
2026-09-21,CAN,St. John'S,Newfoundland And Labrador,47.56494,-52.70931,0.047,4.75,Baseline,No forecast trigger,2.7600000000000002,0.0,0.0
2026-09-21,CAN,Mount Pearl,Newfoundland And Labrador,47.51659,-52.78135,0.063,4.5,Baseline,No forecast trigger,0.0,0.0,0.0
2026-09-21,CAN,Corner Brook,Newfoundland And Labrador,48.95001,-57.95202,0.063,1.75,Baseline,No forecast trigger,0.0,0.0,0.0
2026-09-21,CAN,Truro,Nova Scotia,45.36685,-63.26538,0.143,3.95,Baseline,No forecast trigger,0.0,0.0,0.0
2026-09-21,CAN,New Glasgow,Nova Scotia,45.58344,-62.64863,0.116,3.6,Baseline,No forecast trigger,0.0,0.0,0.0
2026-09-21,CAN,Yellowknife,Northwest Territories,62.45411,-114.37248,0.0,2.8,Baseline,No forecast trigger,0.0,0.0,0.0
2026-09-21,CAN,Hay River,Northwest Territories,60.81555,-115.79993,0.0,3.0,Baseline,No forecast trigger,0.0,0.0,0.0
2026-09-21,CAN,Inuvik,Northwest Territories,68.36166,-133.72816,0.114,1.4,Baseline,No forecast trigger,0.0,0.0,0.0
2026-09-21,CAN,Fort Smith,Northwest Territories,60.00439,-111.88871,0.0,3.15,Baseline,No forecast trigger,0.0,0.0,0.0
2026-09-21,CAN,Behchokǫ̀,Northwest Territories,62.8025,-116.04639,0.0,2.75,Baseline,No forecast trigger,0.0,0.0,0.0
2026-09-21,CAN,Iqaluit,Nunavut,63.74697,-68.51727,0.0,2.55,Baseline,No forecast trigger,0.0,0.0,0.0
2026-09-21,CAN,Rankin Inlet,Nunavut,62.80906,-92.08534,0.0,2.4,Baseline,No forecast trigger,0.0,0.0,0.0
2026-09-21,CAN,Arviat,Nunavut,61.10883,-94.05848,0.0,3.0,Baseline,No forecast trigger,0.0,0.0,0.0
2026-09-21,CAN,Baker Lake,Nunavut,64.32009,-96.02123,0.004,2.35,Baseline,No forecast trigger,0.0,0.0,0.0
2026-09-21,CAN,Cambridge Bay,Nunavut,69.11489,-105.05484,0.051,1.55,Baseline,No forecast trigger,0.0,0.0,0.0
2026-09-21,CAN,Toronto,Ontario,43.70643,-79.39864,0.0,4.75,Baseline,No forecast trigger,334.87,0.0,0.0
2026-09-21,CAN,Ottawa,Ontario,45.41117,-75.69812,0.0,4.3,Baseline,No forecast trigger,109.11,0.0,0.0
2026-09-21,CAN,Kingston,Ontario,44.22976,-76.48098,0.0,4.5,Baseline,No forecast trigger,14.34,0.0,0.0
2026-09-21,CAN,Guelph,Ontario,43.54594,-80.25599,0.0,5.05,Baseline,No forecast trigger,20.4,0.0,0.0
2026-09-21,CAN,Markham,Ontario,43.86682,-79.2663,0.0,4.9,Baseline,No forecast trigger,26.91,0.0,0.0
2026-09-21,CAN,Charlottetown,Prince Edward Island,46.23459,-63.1256,0.081,5.1,Baseline,No forecast trigger,0.0,0.0,0.0
2026-09-21,CAN,Summerside,Prince Edward Island,46.3912,-63.78869,0.08,4.65,Baseline,No forecast trigger,0.0,0.0,0.0
2026-09-21,CAN,Cornwall,Prince Edward Island,46.22652,-63.21809,0.093,5.1,Baseline,No forecast trigger,0.0,0.0,0.0
2026-09-21,CAN,Montague,Prince Edward Island,46.16681,-62.64866,0.062,3.75,Baseline,No forecast trigger,0.0,0.0,0.0
2026-09-21,CAN,Montreal,Quebec,45.50884,-73.58781,0.0,4.6,Baseline,No forecast trigger,66.46000000000001,0.0,0.0
2026-09-21,CAN,Dorval,Quebec,45.4473,-73.75335,0.0,4.65,Baseline,No forecast trigger,5.01,0.0,0.0
2026-09-21,CAN,Blainville,Quebec,45.66678,-73.88249,0.0,4.55,Baseline,No forecast trigger,7.38,0.0,0.0
2026-09-21,CAN,Brossard,Quebec,45.45008,-73.46583,0.0,4.55,Baseline,No forecast trigger,5.35,0.0,0.0
2026-09-21,CAN,Cote-Saint-Luc,Quebec,45.46536,-73.66585,0.0,4.65,Baseline,No forecast trigger,4.49,0.0,0.0
2026-09-21,CAN,Saskatoon,Saskatchewan,52.13238,-106.66892,0.0,4.55,Baseline,No forecast trigger,11.52,0.0,0.0
2026-09-21,CAN,Yellow Grass,Saskatchewan,49.80006,-104.16781,0.0,4.9,Baseline,No forecast trigger,3.1,0.0,0.0
2026-09-21,CAN,Regina,Saskatchewan,50.45008,-104.6178,0.0,4.8,Baseline,No forecast trigger,2.42,0.0,0.0
2026-09-21,CAN,Prince Albert,Saskatchewan,53.20008,-105.76772,0.0,4.35,Baseline,No forecast trigger,0.0,0.0,0.0
2026-09-21,CAN,Moose Jaw,Saskatchewan,50.40005,-105.53445,0.0,4.85,Baseline,No forecast trigger,0.0,0.0,0.0
2026-09-21,CAN,Whitehorse,Yukon,60.71611,-135.05376,0.0,3.0,Baseline,No forecast trigger,0.0,0.0,0.0
2026-09-21,CAN,Dawson City,Yukon,64.06013,-139.43327,0.0,1.8,Baseline,No forecast trigger,0.0,0.0,0.0
2026-09-21,CAN,Watson Lake,Yukon,60.06349,-128.70892,0.0,3.15,Baseline,No forecast trigger,0.0,0.0,0.0
2026-09-21,CAN,Haines Junction,Yukon,60.75216,-137.51082,0.028,2.55,Baseline,No forecast trigger,0.0,0.0,0.0
2026-09-21,CAN,Mayo,Yukon,63.59274,-135.89984,0.0,1.85,Baseline,No forecast trigger,0.0,0.0,0.0
2026-09-21,US,Coeur D'Alene,Idaho,47.6777,-116.7805,0.0,5.2,Baseline,No forecast trigger,10.11,0.0,0.0
2026-09-21,US,Eagle Mountain,Utah,40.3144,-111.9849,0.0,6.45,Baseline,No forecast trigger,13.36,0.0,0.0
2026-09-21,US,Spokane,Washington,47.6569,-117.425,0.0,5.2,Baseline,No forecast trigger,96.94,0.0,0.0
2026-09-21,UK,Swansea,Wales,51.6214,-3.9436,0.0,2.3,Baseline,No forecast trigger,1.7999999999999998,0.0,0.0
2026-09-21,CAN,Grand Falls-Windsor,Newfoundland And Labrador,48.9332,-55.6649,0.0,3.2,Baseline,No forecast trigger,0.0,0.0,0.0
2026-09-21,CAN,Paradise,Newfoundland And Labrador,47.5333,-52.9667,0.035,4.35,Baseline,No forecast trigger,2.55,0.0,0.0
2026-09-21,CAN,Stratford,Prince Edward Island,46.2153,-63.0866,0.079,5.1,Baseline,No forecast trigger,0.0,0.0,0.0
2026-09-22,US,New York,New York,40.71427,-74.00597,1.244,0.55,Scale Umbrellas,Forecast rain 1.24 in ≥ 0.20 in,7823.84,23471.52,0.28319
2026-09-22,US,Brooklyn,New York,40.6501,-73.94958,1.429,0.7,Scale Umbrellas,Forecast rain 1.43 in ≥ 0.20 in,3916.93,11750.79,0.141776
2026-09-22,US,Chicago,Illinois,41.85003,-87.65005,0.228,2.25,Scale Umbrellas,Forecast rain 0.23 in ≥ 0.20 in,2943.2799999999997,3355.34,0.040483
2026-09-22,US,Philadelphia,Pennsylvania,39.95238,-75.16362,1.209,0.25,Scale Umbrellas,Forecast rain 1.21 in ≥ 0.20 in,1092.95,3278.85,0.03956
2026-09-22,US,Charlotte,North Carolina,35.22709,-80.84313,0.89,5.8,Scale Umbrellas,Forecast rain 0.89 in ≥ 0.20 in,1057.24,3171.72,0.038268
2026-09-22,US,Washington,District Of Columbia,38.89511,-77.03637,0.323,0.7,Scale Umbrellas,Forecast rain 0.32 in ≥ 0.20 in,1762.83,2846.97,0.034349
2026-09-22,US,Atlanta,Georgia,33.749,-84.38798,0.413,6.9,Scale Umbrellas,Forecast rain 0.41 in ≥ 0.20 in,1204.27,2486.82,0.030004
2026-09-22,US,Raleigh,North Carolina,35.7721,-78.63861,0.717,6.1,Scale Umbrellas,Forecast rain 0.72 in ≥ 0.20 in,673.03,2019.09,0.024361
2026-09-22,US,Wilmington,Delaware,39.74595,-75.54659,0.85,0.45,Scale Umbrellas,Forecast rain 0.85 in ≥ 0.20 in,591.95,1775.85,0.021426
2026-09-22,US,Jersey City,New Jersey,40.72816,-74.07764,1.244,0.55,Scale Umbrellas,Forecast rain 1.24 in ≥ 0.20 in,586.88,1760.64,0.021243
2026-09-22,US,Staten Island,New York,40.56233,-74.13986,1.409,0.6,Scale Umbrellas,Forecast rain 1.41 in ≥ 0.20 in,497.68,1493.04,0.018014
2026-09-22,US,Virginia Beach,Virginia,36.85293,-75.97799,0.654,5.6,Scale Umbrellas,Forecast rain 0.65 in ≥ 0.20 in,478.81,1436.43,0.017331
2026-09-22,US,Richmond,Virginia,37.55376,-77.46026,1.898,2.05,Scale Umbrellas,Forecast rain 1.90 in ≥ 0.20 in,471.04999999999995,1413.15,0.01705
2026-09-22,US,Bronx,New York,40.84985,-73.86641,1.087,0.55,Scale Umbrellas,Forecast rain 1.09 in ≥ 0.20 in,453.86,1361.58,0.016428
2026-09-22,US,Baltimore,Maryland,39.29038,-76.61219,0.799,0.75,Scale Umbrellas,Forecast rain 0.80 in ≥ 0.20 in,371.93,1115.79,0.013462
2026-09-22,US,Greenwich,Connecticut,41.02649,-73.62846,0.512,0.65,Scale Umbrellas,Forecast rain 0.51 in ≥ 0.20 in,421.93,1080.14,0.013032
2026-09-22,US,Alexandria,Virginia,38.80484,-77.04692,0.248,0.55,Scale Umbrellas,Forecast rain 0.25 in ≥ 0.20 in,848.47,1052.1,0.012694
2026-09-22,US,Orlando,Florida,28.53834,-81.37924,0.213,7.55,Scale Umbrellas,Forecast rain 0.21 in ≥ 0.20 in,977.27,1040.79,0.012557
2026-09-22,US,Hoboken,New Jersey,40.74399,-74.03236,1.244,0.55,Scale Umbrellas,Forecast rain 1.24 in ≥ 0.20 in,303.13,909.39,0.010972
2026-09-22,US,Astoria,New York,40.77205,-73.93014,1.008,0.55,Scale Umbrellas,Forecast rain 1.01 in ≥ 0.20 in,273.25,819.75,0.00989
2026-09-22,US,Arlington,Virginia,38.88101,-77.10428,0.264,0.75,Scale Umbrellas,Forecast rain 0.26 in ≥ 0.20 in,608.93,803.79,0.009698
2026-09-22,US,Alpharetta,Georgia,34.07538,-84.29409,0.587,6.85,Scale Umbrellas,Forecast rain 0.59 in ≥ 0.20 in,264.8,777.19,0.009377
2026-09-22,US,Greenville,South Carolina,34.85262,-82.39401,0.406,6.3,Scale Umbrellas,Forecast rain 0.41 in ≥ 0.20 in,359.23,729.24,0.008798
2026-09-22,US,Columbia,South Carolina,34.00071,-81.03481,0.906,5.9,Scale Umbrellas,Forecast rain 0.91 in ≥ 0.20 in,230.48999999999998,691.47,0.008343
2026-09-22,US,Marietta,Georgia,33.9526,-84.54993,0.228,6.9,Scale Umbrellas,Forecast rain 0.23 in ≥ 0.20 in,563.3,642.16,0.007748
2026-09-22,US,Bethesda,Maryland,38.98067,-77.10026,0.323,0.85,Scale Umbrellas,Forecast rain 0.32 in ≥ 0.20 in,388.47,627.38,0.007569
2026-09-22,US,Morristown,New Jersey,40.79677,-74.48154,0.992,0.65,Scale Umbrellas,Forecast rain 0.99 in ≥ 0.20 in,202.98999999999998,608.97,0.007347
2026-09-22,US,Decatur,Georgia,33.77483,-84.29631,0.839,6.85,Scale Umbrellas,Forecast rain 0.84 in ≥ 0.20 in,199.81,599.43,0.007232
2026-09-22,US,Annapolis,Maryland,38.97859,-76.49184,1.602,0.5,Scale Umbrellas,Forecast rain 1.60 in ≥ 0.20 in,193.67,581.01,0.00701
2026-09-22,US,Westfield,New Jersey,40.65899,-74.34737,0.984,0.55,Scale Umbrellas,Forecast rain 0.98 in ≥ 0.20 in,185.79,557.37,0.006725
2026-09-22,US,Fairfax,Virginia,38.84622,-77.30637,0.37,1.0,Scale Umbrellas,Forecast rain 0.37 in ≥ 0.20 in,293.86,543.64,0.006559
2026-09-22,US,Lancaster,Pennsylvania,40.03788,-76.30551,0.807,0.65,Scale Umbrellas,Forecast rain 0.81 in ≥ 0.20 in,180.85,542.55,0.006546
2026-09-22,US,West Chester,Pennsylvania,39.96097,-75.60804,0.894,0.4,Scale Umbrellas,Forecast rain 0.89 in ≥ 0.20 in,175.43,526.29,0.00635
2026-09-22,US,Doylestown,Pennsylvania,40.31011,-75.12989,1.457,0.35,Scale Umbrellas,Forecast rain 1.46 in ≥ 0.20 in,162.19,486.57,0.005871
2026-09-22,US,New Canaan,Connecticut,41.14676,-73.49484,0.547,0.95,Scale Umbrellas,Forecast rain 0.55 in ≥ 0.20 in,167.03,456.83,0.005512
2026-09-22,US,Princeton,New Jersey,40.34872,-74.65905,1.232,0.4,Scale Umbrellas,Forecast rain 1.23 in ≥ 0.20 in,151.32999999999998,453.99,0.005478
2026-09-22,US,Knoxville,Tennessee,35.96064,-83.92074,0.217,6.35,Scale Umbrellas,Forecast rain 0.22 in ≥ 0.20 in,413.12,448.24,0.005408
2026-09-22,US,Fairfield,Connecticut,41.14121,-73.26373,0.563,0.55,Scale Umbrellas,Forecast rain 0.56 in ≥ 0.20 in,155.76,438.46,0.00529
2026-09-22,US,Durham,North Carolina,35.99403,-78.89862,0.39,3.7,Scale Umbrellas,Forecast rain 0.39 in ≥ 0.20 in,223.35999999999999,435.55,0.005255
2026-09-22,US,Stamford,Connecticut,41.05343,-73.53873,0.512,0.65,Scale Umbrellas,Forecast rain 0.51 in ≥ 0.20 in,162.43,415.82,0.005017
2026-09-22,US,Chapel Hill,North Carolina,35.9132,-79.05584,0.339,4.2,Scale Umbrellas,Forecast rain 0.34 in ≥ 0.20 in,234.24,397.04,0.00479
2026-09-22,US,Norwalk,Connecticut,41.1176,-73.4079,0.555,0.65,Scale Umbrellas,Forecast rain 0.56 in ≥ 0.20 in,136.45,378.65,0.004569
2026-09-22,US,Silver Spring,Maryland,38.99067,-77.02609,0.323,0.7,Scale Umbrellas,Forecast rain 0.32 in ≥ 0.20 in,220.5,356.11,0.004297
2026-09-22,US,Rockville,Maryland,39.084,-77.15276,0.346,0.85,Scale Umbrellas,Forecast rain 0.35 in ≥ 0.20 in,205.82,356.07,0.004296
2026-09-22,US,Newark,Delaware,39.68372,-75.74966,0.846,0.55,Scale Umbrellas,Forecast rain 0.85 in ≥ 0.20 in,107.28,321.84,0.003883
2026-09-22,US,New Castle,Delaware,39.65948,-75.56359,0.909,0.55,Scale Umbrellas,Forecast rain 0.91 in ≥ 0.20 in,98.9,296.7,0.00358
2026-09-22,US,Santa Fe,New Mexico,35.68698,-105.9378,0.567,6.2,Scale Umbrellas,Forecast rain 0.57 in ≥ 0.20 in,101.49000000000001,287.72,0.003471
2026-09-22,US,Lewes,Delaware,38.77456,-75.13935,0.949,1.8,Scale Umbrellas,Forecast rain 0.95 in ≥ 0.20 in,92.15,276.45,0.003335
2026-09-22,US,Kailua,Hawaii,21.40241,-157.74054,0.319,7.25,Scale Umbrellas,Forecast rain 0.32 in ≥ 0.20 in,115.81,184.72,0.002229
2026-09-22,US,Ewa Beach,Hawaii,21.31556,-158.00722,0.055,8.45,Sun Protection (Hats/Shirts),Forecast UV 8.4 ≥ 8,165.22,174.51,0.002106
2026-09-22,US,Kaneohe,Hawaii,21.39994,-157.79895,0.319,7.6,Scale Umbrellas,Forecast rain 0.32 in ≥ 0.20 in,106.22,169.42,0.002044
2026-09-22,US,Middletown,Delaware,39.44956,-75.71632,1.008,0.9,Scale Umbrellas,Forecast rain 1.01 in ≥ 0.20 in,47.87,143.61,0.001733
2026-09-22,US,Las Cruces,New Mexico,32.31232,-106.77834,0.398,6.95,Scale Umbrellas,Forecast rain 0.40 in ≥ 0.20 in,71.61,142.5,0.001719
2026-09-22,US,Mililani,Hawaii,21.4504,-158.01503,0.028,8.0,Sun Protection (Hats/Shirts),Forecast UV 8.0 ≥ 8,89.56,89.56,0.001081
2026-09-22,US,Iowa City,Iowa,41.66113,-91.53017,0.244,0.55,Scale Umbrellas,Forecast rain 0.24 in ≥ 0.20 in,72.6,88.57,0.001069
2026-09-22,US,Southaven,Mississippi,34.98898,-90.01259,0.22,6.25,Scale Umbrellas,Forecast rain 0.22 in ≥ 0.20 in,42.06,46.27,0.000558
2026-09-22,US,Sitka,Alaska,57.05315,-135.33089,0.543,3.45,Scale Umbrellas,Forecast rain 0.54 in ≥ 0.20 in,16.05,43.58,0.000526
2026-09-22,CAN,Mount Pearl,Newfoundland And Labrador,47.51659,-52.78135,0.984,4.7,Scale Umbrellas,Forecast rain 0.98 in ≥ 0.20 in,0.0,33.98,0.00041
2026-09-22,US,Middlesboro,Kentucky,36.60842,-83.71658,0.232,6.25,Scale Umbrellas,Forecast rain 0.23 in ≥ 0.20 in,22.69,26.32,0.000318
2026-09-22,UK,Derry,Northern Ireland,54.9981,-7.30934,0.358,0.4,Scale Umbrellas,Forecast rain 0.36 in ≥ 0.20 in,0.0,20.27,0.000245
2026-09-22,CAN,Iqaluit,Nunavut,63.74697,-68.51727,0.252,2.3,Scale Umbrellas,Forecast rain 0.25 in ≥ 0.20 in,0.0,14.27,0.000172
2026-09-22,CAN,Corner Brook,Newfoundland And Labrador,48.95001,-57.95202,0.228,4.2,Scale Umbrellas,Forecast rain 0.23 in ≥ 0.20 in,0.0,12.91,0.000156
2026-09-22,CAN,St. John'S,Newfoundland And Labrador,47.56494,-52.70931,1.079,4.6,Scale Umbrellas,Forecast rain 1.08 in ≥ 0.20 in,2.7600000000000002,8.28,0.0001
2026-09-22,CAN,Paradise,Newfoundland And Labrador,47.5333,-52.9667,0.748,4.6,Scale Umbrellas,Forecast rain 0.75 in ≥ 0.20 in,2.55,7.65,9.2e-05
2026-09-22,US,Anchorage,Alaska,61.21806,-149.90028,0.0,2.75,Baseline,No forecast trigger,76.25,0.0,0.0
2026-09-22,US,Fairbanks,Alaska,64.83778,-147.71638,0.039,1.5,Baseline,No forecast trigger,22.16,0.0,0.0
2026-09-22,US,Cordova,Alaska,60.5432,-145.75867,0.004,2.5,Baseline,No forecast trigger,29.560000000000002,0.0,0.0
2026-09-22,US,Wasilla,Alaska,61.5809,-149.4415,0.0,2.75,Baseline,No forecast trigger,9.92,0.0,0.0
2026-09-22,US,Birmingham,Alabama,33.52066,-86.80249,0.106,5.7,Baseline,No forecast trigger,372.08000000000004,0.0,0.0
2026-09-22,US,Huntsville,Alabama,34.7304,-86.58594,0.039,6.0,Baseline,No forecast trigger,297.28,0.0,0.0
2026-09-22,US,Mobile,Alabama,30.69436,-88.04305,0.185,7.25,Baseline,No forecast trigger,162.07999999999998,0.0,0.0
2026-09-22,US,Madison,Alabama,34.69926,-86.74833,0.114,6.15,Baseline,No forecast trigger,410.99,0.0,0.0
2026-09-22,US,Fairhope,Alabama,30.52297,-87.90333,0.043,7.3,Baseline,No forecast trigger,98.15,0.0,0.0
2026-09-22,US,Little Rock,Arkansas,34.74648,-92.28959,0.11,6.65,Baseline,No forecast trigger,255.9,0.0,0.0
2026-09-22,US,Jonesboro,Arkansas,35.8423,-90.70428,0.004,6.3,Baseline,No forecast trigger,94.24,0.0,0.0
2026-09-22,US,Bentonville,Arkansas,36.37285,-94.20882,0.118,6.3,Baseline,No forecast trigger,139.7,0.0,0.0
2026-09-22,US,Fayetteville,Arkansas,36.06258,-94.15743,0.067,6.2,Baseline,No forecast trigger,94.36999999999999,0.0,0.0
2026-09-22,US,Rogers,Arkansas,36.33202,-94.11854,0.13,6.3,Baseline,No forecast trigger,102.64,0.0,0.0
2026-09-22,US,Phoenix,Arizona,33.44838,-112.07404,0.0,7.2,Baseline,No forecast trigger,459.78999999999996,0.0,0.0
2026-09-22,US,Tucson,Arizona,32.22174,-110.92648,0.0,6.85,Baseline,No forecast trigger,402.63,0.0,0.0
2026-09-22,US,Scottsdale,Arizona,33.50921,-111.89903,0.0,7.2,Baseline,No forecast trigger,373.86,0.0,0.0
2026-09-22,US,Gilbert,Arizona,33.35283,-111.78903,0.0,7.25,Baseline,No forecast trigger,134.3,0.0,0.0
2026-09-22,US,Mesa,Arizona,33.42227,-111.82264,0.0,7.2,Baseline,No forecast trigger,138.07999999999998,0.0,0.0
2026-09-22,US,Los Angeles,California,34.05223,-118.24368,0.0,6.9,Baseline,No forecast trigger,2423.83,0.0,0.0
2026-09-22,US,San Francisco,California,37.77493,-122.41942,0.0,6.4,Baseline,No forecast trigger,2496.73,0.0,0.0
2026-09-22,US,San Diego,California,32.71571,-117.16472,0.0,7.1,Baseline,No forecast trigger,1237.81,0.0,0.0
2026-09-22,US,San Jose,California,37.33939,-121.89496,0.0,6.45,Baseline,No forecast trigger,981.03,0.0,0.0
2026-09-22,US,Oakland,California,37.80437,-122.2708,0.0,6.4,Baseline,No forecast trigger,669.47,0.0,0.0
2026-09-22,US,Denver,Colorado,39.73915,-104.9847,0.0,6.55,Baseline,No forecast trigger,562.38,0.0,0.0
2026-09-22,US,Colorado Springs,Colorado,38.83388,-104.82136,0.0,6.8,Baseline,No forecast trigger,290.65000000000003,0.0,0.0
2026-09-22,US,Littleton,Colorado,39.61332,-105.01665,0.0,6.6,Baseline,No forecast trigger,163.32,0.0,0.0
2026-09-22,US,Aurora,Colorado,39.72943,-104.83192,0.0,6.6,Baseline,No forecast trigger,134.32,0.0,0.0
2026-09-22,US,Fort Collins,Colorado,40.58526,-105.08442,0.0,6.45,Baseline,No forecast trigger,139.49,0.0,0.0
2026-09-22,US,Miami,Florida,25.77427,-80.19366,0.114,6.25,Baseline,No forecast trigger,2709.77,0.0,0.0
2026-09-22,US,Naples,Florida,26.14234,-81.79596,0.0,7.85,Baseline,No forecast trigger,762.99,0.0,0.0
2026-09-22,US,Tampa,Florida,27.94752,-82.45843,0.161,7.7,Baseline,No forecast trigger,696.35,0.0,0.0
2026-09-22,US,Boca Raton,Florida,26.35869,-80.0831,0.098,7.25,Baseline,No forecast trigger,600.39,0.0,0.0
2026-09-22,US,Savannah,Georgia,32.08354,-81.09983,0.043,6.3,Baseline,No forecast trigger,320.40000000000003,0.0,0.0
2026-09-22,US,Honolulu,Hawaii,21.30694,-157.85834,0.106,7.6,Baseline,No forecast trigger,835.68,0.0,0.0
2026-09-22,US,Cedar Rapids,Iowa,42.00833,-91.64407,0.177,0.55,Baseline,No forecast trigger,99.48,0.0,0.0
2026-09-22,US,Des Moines,Iowa,41.60054,-93.60911,0.008,0.6,Baseline,No forecast trigger,67.94,0.0,0.0
2026-09-22,US,Ames,Iowa,42.03471,-93.61994,0.02,0.45,Baseline,No forecast trigger,47.92,0.0,0.0
2026-09-22,US,West Des Moines,Iowa,41.57721,-93.71133,0.0,0.65,Baseline,No forecast trigger,55.04,0.0,0.0
2026-09-22,US,Boise,Idaho,43.6135,-116.20345,0.0,4.7,Baseline,No forecast trigger,166.37,0.0,0.0
2026-09-22,US,Meridian,Idaho,43.61211,-116.39151,0.0,4.85,Baseline,No forecast trigger,98.59,0.0,0.0
2026-09-22,US,Eagle,Idaho,43.69544,-116.35401,0.0,4.85,Baseline,No forecast trigger,45.19,0.0,0.0
2026-09-22,US,Kuna,Idaho,43.49183,-116.42012,0.0,4.2,Baseline,No forecast trigger,75.89999999999999,0.0,0.0
2026-09-22,US,Naperville,Illinois,41.78586,-88.14729,0.071,1.2,Baseline,No forecast trigger,303.12,0.0,0.0
2026-09-22,US,Evanston,Illinois,42.04114,-87.69006,0.177,2.1,Baseline,No forecast trigger,177.62,0.0,0.0
2026-09-22,US,Wilmette,Illinois,42.07225,-87.72284,0.126,2.55,Baseline,No forecast trigger,164.29000000000002,0.0,0.0
2026-09-22,US,Downers Grove,Illinois,41.80892,-88.01117,0.122,1.3,Baseline,No forecast trigger,144.54,0.0,0.0
2026-09-22,US,Indianapolis,Indiana,39.76838,-86.15804,0.0,5.55,Baseline,No forecast trigger,482.22,0.0,0.0
2026-09-22,US,Carmel,Indiana,39.97837,-86.11804,0.0,4.1,Baseline,No forecast trigger,271.69,0.0,0.0
2026-09-22,US,Fort Wayne,Indiana,41.1306,-85.12886,0.0,2.6,Baseline,No forecast trigger,204.32,0.0,0.0
2026-09-22,US,Bloomington,Indiana,39.16533,-86.52639,0.0,5.8,Baseline,No forecast trigger,147.0,0.0,0.0
2026-09-22,US,West Lafayette,Indiana,40.42587,-86.90807,0.0,4.4,Baseline,No forecast trigger,91.86,0.0,0.0
2026-09-22,US,Wichita,Kansas,37.69224,-97.33754,0.0,6.3,Baseline,No forecast trigger,232.9,0.0,0.0
2026-09-22,US,Overland Park,Kansas,38.98223,-94.67079,0.0,5.55,Baseline,No forecast trigger,217.21,0.0,0.0
2026-09-22,US,Olathe,Kansas,38.8814,-94.81913,0.0,6.1,Baseline,No forecast trigger,116.0,0.0,0.0
2026-09-22,US,Lawrence,Kansas,38.97167,-95.23525,0.0,6.05,Baseline,No forecast trigger,70.14,0.0,0.0
2026-09-22,US,Leawood,Kansas,38.96667,-94.6169,0.0,5.5,Baseline,No forecast trigger,64.51,0.0,0.0
2026-09-22,US,Louisville,Kentucky,38.25424,-85.75941,0.0,5.2,Baseline,No forecast trigger,525.05,0.0,0.0
2026-09-22,US,Lexington,Kentucky,37.98869,-84.47772,0.0,5.85,Baseline,No forecast trigger,362.01000000000005,0.0,0.0
2026-09-22,US,Bowling Green,Kentucky,36.99032,-86.4436,0.059,6.2,Baseline,No forecast trigger,68.25,0.0,0.0
2026-09-22,US,Paducah,Kentucky,37.08339,-88.60005,0.154,6.05,Baseline,No forecast trigger,83.11,0.0,0.0
2026-09-22,US,Baton Rouge,Louisiana,30.44332,-91.18747,0.0,7.25,Baseline,No forecast trigger,417.5,0.0,0.0
2026-09-22,US,New Orleans,Louisiana,29.95465,-90.07507,0.098,7.4,Baseline,No forecast trigger,322.7,0.0,0.0
2026-09-22,US,Lafayette,Louisiana,30.22409,-92.01984,0.0,7.3,Baseline,No forecast trigger,244.69,0.0,0.0
2026-09-22,US,Shreveport,Louisiana,32.52515,-93.75018,0.063,7.05,Baseline,No forecast trigger,290.65,0.0,0.0
2026-09-22,US,Metairie,Louisiana,29.98409,-90.15285,0.098,7.4,Baseline,No forecast trigger,149.57999999999998,0.0,0.0
2026-09-22,US,Reading,Massachusetts,42.52565,-71.09533,0.0,4.1,Baseline,No forecast trigger,951.13,0.0,0.0
2026-09-22,US,Boston,Massachusetts,42.35843,-71.05977,0.0,4.5,Baseline,No forecast trigger,994.42,0.0,0.0
2026-09-22,US,Cambridge,Massachusetts,42.3751,-71.10561,0.0,4.15,Baseline,No forecast trigger,357.35,0.0,0.0
2026-09-22,US,Berkley,Massachusetts,41.84593,-71.08282,0.031,2.35,Baseline,No forecast trigger,104.64,0.0,0.0
2026-09-22,US,Somerville,Massachusetts,42.3876,-71.0995,0.0,4.15,Baseline,No forecast trigger,182.65,0.0,0.0
2026-09-22,US,Portland,Maine,43.65737,-70.2589,0.0,4.95,Baseline,No forecast trigger,1114.68,0.0,0.0
2026-09-22,US,Scarborough,Maine,43.57814,-70.32172,0.0,4.95,Baseline,No forecast trigger,60.37,0.0,0.0
2026-09-22,US,Falmouth,Maine,43.72953,-70.24199,0.0,5.0,Baseline,No forecast trigger,41.55,0.0,0.0
2026-09-22,US,Bangor,Maine,44.79884,-68.77265,0.0,5.35,Baseline,No forecast trigger,29.74,0.0,0.0
2026-09-22,US,Eliot,Maine,43.15314,-70.80006,0.0,4.8,Baseline,No forecast trigger,23.41,0.0,0.0
2026-09-22,US,Ann Arbor,Michigan,42.27756,-83.74088,0.02,5.1,Baseline,No forecast trigger,275.62,0.0,0.0
2026-09-22,US,Grand Rapids,Michigan,42.96336,-85.66809,0.0,4.55,Baseline,No forecast trigger,302.26,0.0,0.0
2026-09-22,US,Bloomfield Hills,Michigan,42.58364,-83.24549,0.0,5.25,Baseline,No forecast trigger,181.23,0.0,0.0
2026-09-22,US,Plymouth,Michigan,42.37143,-83.47021,0.024,5.25,Baseline,No forecast trigger,230.03,0.0,0.0
2026-09-22,US,Macomb,Michigan,42.70087,-82.95909,0.0,4.95,Baseline,No forecast trigger,93.54,0.0,0.0
2026-09-22,US,Minneapolis,Minnesota,44.97997,-93.26384,0.0,5.15,Baseline,No forecast trigger,522.84,0.0,0.0
2026-09-22,US,Saint Paul,Minnesota,44.94441,-93.09327,0.0,5.1,Baseline,No forecast trigger,263.32,0.0,0.0
2026-09-22,US,Plymouth,Minnesota,45.01052,-93.45551,0.0,5.15,Baseline,No forecast trigger,230.03,0.0,0.0
2026-09-22,US,Minnetonka,Minnesota,44.9133,-93.50329,0.0,5.2,Baseline,No forecast trigger,67.31,0.0,0.0
2026-09-22,US,Eden Prairie,Minnesota,44.85469,-93.47079,0.0,5.2,Baseline,No forecast trigger,81.93,0.0,0.0
2026-09-22,US,Saint Louis,Missouri,38.65174,-90.20525,0.0,3.8,Baseline,No forecast trigger,503.97999999999996,0.0,0.0
2026-09-22,US,Kansas City,Missouri,39.09973,-94.57857,0.0,5.1,Baseline,No forecast trigger,295.01,0.0,0.0
2026-09-22,US,Chesterfield,Missouri,38.66311,-90.57707,0.0,4.2,Baseline,No forecast trigger,154.27,0.0,0.0
2026-09-22,US,Saint Charles,Missouri,38.78394,-90.48123,0.0,4.6,Baseline,No forecast trigger,112.03,0.0,0.0
2026-09-22,US,Springfield,Missouri,37.21533,-93.29824,0.055,6.3,Baseline,No forecast trigger,113.33,0.0,0.0
2026-09-22,US,Madison,Mississippi,32.46181,-90.11536,0.039,7.0,Baseline,No forecast trigger,410.99,0.0,0.0
2026-09-22,US,Gulfport,Mississippi,30.36742,-89.09282,0.055,7.25,Baseline,No forecast trigger,65.27,0.0,0.0
2026-09-22,US,Hattiesburg,Mississippi,31.32712,-89.29034,0.004,7.15,Baseline,No forecast trigger,35.83,0.0,0.0
2026-09-22,US,Jackson,Mississippi,32.29876,-90.18481,0.035,7.0,Baseline,No forecast trigger,40.010000000000005,0.0,0.0
2026-09-22,US,Bozeman,Montana,45.67965,-111.03856,0.0,5.75,Baseline,No forecast trigger,49.2,0.0,0.0
2026-09-22,US,Billings,Montana,45.78329,-108.50069,0.0,5.65,Baseline,No forecast trigger,63.75,0.0,0.0
2026-09-22,US,Great Falls,Montana,47.50024,-111.30081,0.0,5.45,Baseline,No forecast trigger,29.419999999999998,0.0,0.0
2026-09-22,US,Missoula,Montana,46.87215,-113.994,0.0,5.45,Baseline,No forecast trigger,28.06,0.0,0.0
2026-09-22,US,Kalispell,Montana,48.19579,-114.31291,0.0,4.95,Baseline,No forecast trigger,36.16,0.0,0.0
2026-09-22,US,Wilmington,North Carolina,34.23556,-77.94604,0.138,2.25,Baseline,No forecast trigger,591.95,0.0,0.0
2026-09-22,US,Fargo,North Dakota,46.87719,-96.7898,0.0,5.15,Baseline,No forecast trigger,65.82,0.0,0.0
2026-09-22,US,West Fargo,North Dakota,46.87497,-96.90036,0.0,5.15,Baseline,No forecast trigger,39.59,0.0,0.0
2026-09-22,US,Bismarck,North Dakota,46.80833,-100.78374,0.0,5.3,Baseline,No forecast trigger,27.36,0.0,0.0
2026-09-22,US,Dickinson,North Dakota,46.87918,-102.78962,0.0,5.35,Baseline,No forecast trigger,26.21,0.0,0.0
2026-09-22,US,Grand Forks,North Dakota,47.92526,-97.03285,0.0,5.0,Baseline,No forecast trigger,8.92,0.0,0.0
2026-09-22,US,Omaha,Nebraska,41.25626,-95.94043,0.0,4.6,Baseline,No forecast trigger,232.41,0.0,0.0
2026-09-22,US,Lincoln,Nebraska,40.8,-96.66696,0.0,4.55,Baseline,No forecast trigger,106.0,0.0,0.0
2026-09-22,US,Elkhorn,Nebraska,41.345,-96.256,0.0,4.05,Baseline,No forecast trigger,58.6,0.0,0.0
2026-09-22,US,Bellevue,Nebraska,41.13667,-95.89084,0.0,3.9,Baseline,No forecast trigger,296.72,0.0,0.0
2026-09-22,US,Papillion,Nebraska,41.15444,-96.04224,0.0,3.4,Baseline,No forecast trigger,37.15,0.0,0.0
2026-09-22,US,Manchester,New Hampshire,42.99564,-71.45479,0.0,4.9,Baseline,No forecast trigger,84.45,0.0,0.0
2026-09-22,US,Nashua,New Hampshire,42.76537,-71.46757,0.0,4.75,Baseline,No forecast trigger,85.91,0.0,0.0
2026-09-22,US,Hampton,New Hampshire,42.93759,-70.83894,0.0,4.75,Baseline,No forecast trigger,58.470000000000006,0.0,0.0
2026-09-22,US,Portsmouth,New Hampshire,43.07704,-70.75766,0.0,4.9,Baseline,No forecast trigger,51.69,0.0,0.0
2026-09-22,US,Exeter,New Hampshire,42.98148,-70.94783,0.0,4.8,Baseline,No forecast trigger,37.24,0.0,0.0
2026-09-22,US,Albuquerque,New Mexico,35.08449,-106.65114,0.024,6.25,Baseline,No forecast trigger,311.62,0.0,0.0
2026-09-22,US,Tijeras,New Mexico,35.08088,-106.38808,0.059,6.0,Baseline,No forecast trigger,28.75,0.0,0.0
2026-09-22,US,Los Alamos,New Mexico,35.88808,-106.30697,0.067,6.4,Baseline,No forecast trigger,32.22,0.0,0.0
2026-09-22,US,Henderson,Nevada,36.0397,-114.98194,0.0,6.7,Baseline,No forecast trigger,221.68,0.0,0.0
2026-09-22,US,Las Vegas,Nevada,36.17497,-115.13722,0.0,6.95,Baseline,No forecast trigger,602.71,0.0,0.0
2026-09-22,US,Reno,Nevada,39.52963,-119.8138,0.0,6.55,Baseline,No forecast trigger,198.0,0.0,0.0
2026-09-22,US,Carson City,Nevada,39.1638,-119.7674,0.0,6.6,Baseline,No forecast trigger,22.23,0.0,0.0
2026-09-22,US,North Las Vegas,Nevada,36.19886,-115.1175,0.0,6.95,Baseline,No forecast trigger,21.009999999999998,0.0,0.0
2026-09-22,US,Cincinnati,Ohio,39.12711,-84.51439,0.0,5.25,Baseline,No forecast trigger,743.62,0.0,0.0
2026-09-22,US,Columbus,Ohio,39.96118,-82.99879,0.0,4.85,Baseline,No forecast trigger,620.78,0.0,0.0
2026-09-22,US,Dayton,Ohio,39.75895,-84.19161,0.0,3.85,Baseline,No forecast trigger,236.76,0.0,0.0
2026-09-22,US,Dublin,Ohio,40.09923,-83.11408,0.0,3.9,Baseline,No forecast trigger,163.25,0.0,0.0
2026-09-22,US,Cleveland,Ohio,41.4995,-81.69541,0.028,1.85,Baseline,No forecast trigger,150.06,0.0,0.0
2026-09-22,US,Edmond,Oklahoma,35.65283,-97.4781,0.012,6.65,Baseline,No forecast trigger,380.66,0.0,0.0
2026-09-22,US,Tulsa,Oklahoma,36.15398,-95.99277,0.0,6.45,Baseline,No forecast trigger,450.78,0.0,0.0
2026-09-22,US,Oklahoma City,Oklahoma,35.46756,-97.51643,0.016,6.7,Baseline,No forecast trigger,229.98,0.0,0.0
2026-09-22,US,Norman,Oklahoma,35.22257,-97.43948,0.031,6.7,Baseline,No forecast trigger,114.31,0.0,0.0
2026-09-22,US,Broken Arrow,Oklahoma,36.0526,-95.79082,0.0,6.4,Baseline,No forecast trigger,88.45,0.0,0.0
2026-09-22,US,Portland,Oregon,45.52345,-122.67621,0.0,4.1,Baseline,No forecast trigger,1114.68,0.0,0.0
2026-09-22,US,Lake Oswego,Oregon,45.42067,-122.67065,0.0,4.55,Baseline,No forecast trigger,180.67999999999998,0.0,0.0
2026-09-22,US,Beaverton,Oregon,45.48706,-122.80371,0.0,4.3,Baseline,No forecast trigger,120.91,0.0,0.0
2026-09-22,US,Eugene,Oregon,44.05207,-123.08675,0.0,5.4,Baseline,No forecast trigger,128.59,0.0,0.0
2026-09-22,US,Salem,Oregon,44.9429,-123.0351,0.0,4.7,Baseline,No forecast trigger,105.42,0.0,0.0
2026-09-22,US,Pittsburgh,Pennsylvania,40.44062,-79.99589,0.067,0.7,Baseline,No forecast trigger,679.83,0.0,0.0
2026-09-22,US,Providence,Rhode Island,41.82399,-71.41283,0.031,2.05,Baseline,No forecast trigger,147.89000000000001,0.0,0.0
2026-09-22,US,Barrington,Rhode Island,41.74066,-71.30866,0.02,1.65,Baseline,No forecast trigger,78.64,0.0,0.0
2026-09-22,US,Cranston,Rhode Island,41.77982,-71.43728,0.031,1.65,Baseline,No forecast trigger,41.57,0.0,0.0
2026-09-22,US,Warwick,Rhode Island,41.7001,-71.41617,0.02,1.65,Baseline,No forecast trigger,46.92,0.0,0.0
2026-09-22,US,East Greenwich,Rhode Island,41.66038,-71.45589,0.075,1.35,Baseline,No forecast trigger,36.96,0.0,0.0
2026-09-22,US,Charleston,South Carolina,32.77632,-79.93275,0.083,5.55,Baseline,No forecast trigger,364.17,0.0,0.0
2026-09-22,US,Mount Pleasant,South Carolina,32.79407,-79.86259,0.083,5.55,Baseline,No forecast trigger,211.1,0.0,0.0
2026-09-22,US,Myrtle Beach,South Carolina,33.68906,-78.88669,0.055,4.65,Baseline,No forecast trigger,246.49,0.0,0.0
2026-09-22,US,Sioux Falls,South Dakota,43.54997,-96.70033,0.0,4.35,Baseline,No forecast trigger,60.74,0.0,0.0
2026-09-22,US,Rapid City,South Dakota,44.08054,-103.23101,0.0,3.6,Baseline,No forecast trigger,31.86,0.0,0.0
2026-09-22,US,Lennox,South Dakota,43.35415,-96.892,0.008,5.15,Baseline,No forecast trigger,18.65,0.0,0.0
2026-09-22,US,Madison,South Dakota,44.00608,-97.11395,0.0,4.25,Baseline,No forecast trigger,410.99,0.0,0.0
2026-09-22,US,Aberdeen,South Dakota,45.4647,-98.48648,0.0,5.15,Baseline,No forecast trigger,8.59,0.0,0.0
2026-09-22,US,Nashville,Tennessee,36.16589,-86.78444,0.098,6.3,Baseline,No forecast trigger,709.8,0.0,0.0
2026-09-22,US,Memphis,Tennessee,35.14953,-90.04898,0.028,6.05,Baseline,No forecast trigger,320.84,0.0,0.0
2026-09-22,US,Franklin,Tennessee,35.92506,-86.86889,0.031,6.35,Baseline,No forecast trigger,301.59000000000003,0.0,0.0
2026-09-22,US,Chattanooga,Tennessee,35.04563,-85.30968,0.063,6.4,Baseline,No forecast trigger,183.88,0.0,0.0
2026-09-22,US,Houston,Texas,29.76328,-95.36327,0.047,7.4,Baseline,No forecast trigger,2773.2400000000002,0.0,0.0
2026-09-22,US,Austin,Texas,30.26715,-97.74306,0.0,7.2,Baseline,No forecast trigger,1550.3,0.0,0.0
2026-09-22,US,Dallas,Texas,32.78306,-96.80667,0.004,6.95,Baseline,No forecast trigger,1503.73,0.0,0.0
2026-09-22,US,San Antonio,Texas,29.42412,-98.49363,0.008,7.55,Baseline,No forecast trigger,767.21,0.0,0.0
2026-09-22,US,Fort Worth,Texas,32.72541,-97.32085,0.047,6.95,Baseline,No forecast trigger,625.93,0.0,0.0
2026-09-22,US,Salt Lake City,Utah,40.76078,-111.89105,0.0,5.25,Baseline,No forecast trigger,169.14000000000001,0.0,0.0
2026-09-22,US,South Jordan,Utah,40.56217,-111.92966,0.0,5.3,Baseline,No forecast trigger,91.31,0.0,0.0
2026-09-22,US,Park City,Utah,40.64606,-111.49797,0.02,4.6,Baseline,No forecast trigger,72.53999999999999,0.0,0.0
2026-09-22,US,Sandy,Utah,40.59161,-111.8841,0.0,5.3,Baseline,No forecast trigger,58.64,0.0,0.0
2026-09-22,US,Burlington,Vermont,44.47588,-73.21207,0.0,5.35,Baseline,No forecast trigger,36.37,0.0,0.0
2026-09-22,US,Essex Junction,Vermont,44.49061,-73.11096,0.0,5.35,Baseline,No forecast trigger,24.2,0.0,0.0
2026-09-22,US,Hyde Park,Vermont,44.59394,-72.61651,0.0,5.4,Baseline,No forecast trigger,20.75,0.0,0.0
2026-09-22,US,South Burlington,Vermont,44.46699,-73.17096,0.0,5.35,Baseline,No forecast trigger,46.62,0.0,0.0
2026-09-22,US,Stowe,Vermont,44.46533,-72.68456,0.0,5.45,Baseline,No forecast trigger,32.36,0.0,0.0
2026-09-22,US,Seattle,Washington,47.60621,-122.33207,0.0,4.4,Baseline,No forecast trigger,1541.73,0.0,0.0
2026-09-22,US,Bellevue,Washington,47.61038,-122.20068,0.0,4.35,Baseline,No forecast trigger,296.72,0.0,0.0
2026-09-22,US,Vancouver,Washington,45.63873,-122.66149,0.0,4.25,Baseline,No forecast trigger,272.42,0.0,0.0
2026-09-22,US,Tacoma,Washington,47.25288,-122.44429,0.0,4.4,Baseline,No forecast trigger,223.86,0.0,0.0
2026-09-22,US,Milwaukee,Wisconsin,43.0389,-87.90647,0.02,1.85,Baseline,No forecast trigger,260.35,0.0,0.0
2026-09-22,US,Madison,Wisconsin,43.07305,-89.40123,0.094,1.7,Baseline,No forecast trigger,410.99,0.0,0.0
2026-09-22,US,Waukesha,Wisconsin,43.01168,-88.23148,0.055,1.95,Baseline,No forecast trigger,65.98,0.0,0.0
2026-09-22,US,Whitefish Bay,Wisconsin,43.11334,-87.90009,0.0,2.5,Baseline,No forecast trigger,67.08,0.0,0.0
2026-09-22,US,Appleton,Wisconsin,44.26193,-88.41538,0.114,4.95,Baseline,No forecast trigger,60.74,0.0,0.0
2026-09-22,US,Morgantown,West Virginia,39.62953,-79.9559,0.094,2.6,Baseline,No forecast trigger,102.16,0.0,0.0
2026-09-22,US,Huntington,West Virginia,38.41925,-82.44515,0.051,5.25,Baseline,No forecast trigger,49.74,0.0,0.0
2026-09-22,US,Charleston,West Virginia,38.34982,-81.63262,0.189,3.3,Baseline,No forecast trigger,364.17,0.0,0.0
2026-09-22,US,Wheeling,West Virginia,40.06396,-80.72091,0.024,1.15,Baseline,No forecast trigger,57.44,0.0,0.0
2026-09-22,US,Hurricane,West Virginia,38.43259,-82.02014,0.071,3.65,Baseline,No forecast trigger,25.85,0.0,0.0
2026-09-22,US,Cheyenne,Wyoming,41.13998,-104.82025,0.0,6.5,Baseline,No forecast trigger,50.27,0.0,0.0
2026-09-22,US,Sheridan,Wyoming,44.79719,-106.95618,0.0,5.8,Baseline,No forecast trigger,41.14,0.0,0.0
2026-09-22,US,Rock Springs,Wyoming,41.58746,-109.2029,0.0,6.4,Baseline,No forecast trigger,32.5,0.0,0.0
2026-09-22,US,Cody,Wyoming,44.52634,-109.05653,0.0,5.9,Baseline,No forecast trigger,14.1,0.0,0.0
2026-09-22,US,Casper,Wyoming,42.86663,-106.31308,0.0,6.2,Baseline,No forecast trigger,10.32,0.0,0.0
2026-09-22,UK,London,England,51.50853,-0.12574,0.0,4.3,Baseline,No forecast trigger,226.18,0.0,0.0
2026-09-22,UK,Bristol,England,51.45523,-2.59665,0.0,4.3,Baseline,No forecast trigger,30.48,0.0,0.0
2026-09-22,UK,Sheffield,England,53.38297,-1.4659,0.0,4.05,Baseline,No forecast trigger,13.110000000000001,0.0,0.0
2026-09-22,UK,Swindon,England,51.55797,-1.78116,0.0,4.3,Baseline,No forecast trigger,15.98,0.0,0.0
2026-09-22,UK,Birmingham,England,52.48142,-1.89983,0.0,4.15,Baseline,No forecast trigger,8.75,0.0,0.0
2026-09-22,UK,Brighton,England,50.82838,-0.13947,0.0,4.4,Baseline,No forecast trigger,7.11,0.0,0.0
2026-09-22,UK,Hove,England,50.83088,-0.1672,0.0,4.4,Baseline,No forecast trigger,8.76,0.0,0.0
2026-09-22,UK,Manchester,England,53.48095,-2.23743,0.0,3.9,Baseline,No forecast trigger,8.35,0.0,0.0
2026-09-22,UK,Glasgow,Scotland,55.86515,-4.25763,0.0,2.6,Baseline,No forecast trigger,10.739999999999998,0.0,0.0
2026-09-22,UK,Edinburgh,Scotland,55.95206,-3.19648,0.0,3.45,Baseline,No forecast trigger,8.47,0.0,0.0
2026-09-22,UK,Aberdeen,Scotland,57.14369,-2.09814,0.008,1.6,Baseline,No forecast trigger,4.23,0.0,0.0
2026-09-22,UK,Dunfermline,Scotland,56.07156,-3.45887,0.016,3.0,Baseline,No forecast trigger,4.26,0.0,0.0
2026-09-22,UK,Aboyne,Scotland,57.07546,-2.78023,0.0,3.15,Baseline,No forecast trigger,1.63,0.0,0.0
2026-09-22,UK,Balerno,Scotland,55.88437,-3.33975,0.0,3.35,Baseline,No forecast trigger,2.0,0.0,0.0
2026-09-22,UK,Banchory,Scotland,57.05168,-2.48824,0.004,1.6,Baseline,No forecast trigger,2.5900000000000003,0.0,0.0
2026-09-22,UK,Barrhead,Scotland,55.79916,-4.39285,0.0,2.2,Baseline,No forecast trigger,2.17,0.0,0.0
2026-09-22,UK,Cardiff,Wales,51.48,-3.18,0.0,4.3,Baseline,No forecast trigger,5.72,0.0,0.0
2026-09-22,UK,Aberdare,Wales,51.71438,-3.44918,0.0,4.3,Baseline,No forecast trigger,4.02,0.0,0.0
2026-09-22,UK,Clarbeston Road,Wales,51.85139,-4.88056,0.012,3.9,Baseline,No forecast trigger,1.92,0.0,0.0
2026-09-22,UK,Cwmbran,Wales,51.65446,-3.02281,0.0,4.3,Baseline,No forecast trigger,1.8900000000000001,0.0,0.0
2026-09-22,UK,Llanidloes,Wales,52.44977,-3.53997,0.0,3.8,Baseline,No forecast trigger,1.7999999999999998,0.0,0.0
2026-09-22,UK,Merthyr Tydfil,Wales,51.74794,-3.37779,0.0,4.3,Baseline,No forecast trigger,2.11,0.0,0.0
2026-09-22,UK,Port Talbot,Wales,51.59241,-3.78019,0.0,4.3,Baseline,No forecast trigger,2.2,0.0,0.0
2026-09-22,UK,Newry,Northern Ireland,54.17841,-6.33739,0.083,3.3,Baseline,No forecast trigger,3.96,0.0,0.0
2026-09-22,UK,Belfast,Northern Ireland,54.59682,-5.92541,0.031,3.1,Baseline,No forecast trigger,2.08,0.0,0.0
2026-09-22,UK,Craigavon,Northern Ireland,54.44709,-6.387,0.154,3.2,Baseline,No forecast trigger,1.91,0.0,0.0
2026-09-22,UK,Dromara,Northern Ireland,54.36667,-6.01667,0.031,3.25,Baseline,No forecast trigger,1.77,0.0,0.0
2026-09-22,UK,Lisburn,Northern Ireland,54.52337,-6.03527,0.087,3.05,Baseline,No forecast trigger,0.0,0.0,0.0
2026-09-22,UK,Bangor,Northern Ireland,54.66079,-5.66802,0.031,3.5,Baseline,No forecast trigger,0.0,0.0,0.0
2026-09-22,CAN,Calgary,Alberta,51.05011,-114.08529,0.0,4.8,Baseline,No forecast trigger,113.25,0.0,0.0
2026-09-22,CAN,Edmonton,Alberta,53.55014,-113.46871,0.0,3.8,Baseline,No forecast trigger,48.61,0.0,0.0
2026-09-22,CAN,St. Albert,Alberta,53.63344,-113.63533,0.0,3.45,Baseline,No forecast trigger,5.91,0.0,0.0
2026-09-22,CAN,Wainwright,Alberta,52.83482,-110.85342,0.0,4.1,Baseline,No forecast trigger,1.8499999999999999,0.0,0.0
2026-09-22,CAN,West Baptiste,Alberta,54.75016,-113.5688,0.0,3.4,Baseline,No forecast trigger,1.1,0.0,0.0
2026-09-22,CAN,Vancouver,British Columbia,49.24966,-123.11934,0.0,4.65,Baseline,No forecast trigger,256.08000000000004,0.0,0.0
2026-09-22,CAN,Victoria,British Columbia,48.4359,-123.35155,0.0,4.75,Baseline,No forecast trigger,60.489999999999995,0.0,0.0
2026-09-22,CAN,Surrey,British Columbia,49.10635,-122.82509,0.0,4.65,Baseline,No forecast trigger,80.17,0.0,0.0
2026-09-22,CAN,Burnaby,British Columbia,49.26636,-122.95263,0.0,4.65,Baseline,No forecast trigger,69.46,0.0,0.0
2026-09-22,CAN,North Vancouver,British Columbia,49.31636,-123.06934,0.0,4.65,Baseline,No forecast trigger,52.06,0.0,0.0
2026-09-22,CAN,Headingley,Manitoba,49.8753,-97.40896,0.0,4.75,Baseline,No forecast trigger,2.27,0.0,0.0
2026-09-22,CAN,Winnipeg,Manitoba,49.8844,-97.14704,0.0,4.75,Baseline,No forecast trigger,12.530000000000001,0.0,0.0
2026-09-22,CAN,Brandon,Manitoba,49.84692,-99.95306,0.0,4.8,Baseline,No forecast trigger,0.0,0.0,0.0
2026-09-22,CAN,Steinbach,Manitoba,49.52579,-96.68451,0.0,4.8,Baseline,No forecast trigger,0.0,0.0,0.0
2026-09-22,CAN,Thompson,Manitoba,55.7435,-97.85579,0.0,3.85,Baseline,No forecast trigger,0.0,0.0,0.0
2026-09-22,CAN,Moncton,New Brunswick,46.09454,-64.7965,0.0,3.75,Baseline,No forecast trigger,4.02,0.0,0.0
2026-09-22,CAN,Saint John,New Brunswick,45.27076,-66.05616,0.0,5.05,Baseline,No forecast trigger,0.0,0.0,0.0
2026-09-22,CAN,Fredericton,New Brunswick,45.94541,-66.66558,0.0,4.8,Baseline,No forecast trigger,2.55,0.0,0.0
2026-09-22,CAN,Dieppe,New Brunswick,46.07844,-64.68735,0.0,3.45,Baseline,No forecast trigger,8.41,0.0,0.0
2026-09-22,CAN,Miramichi,New Brunswick,47.02895,-65.50186,0.0,4.9,Baseline,No forecast trigger,0.0,0.0,0.0
2026-09-22,CAN,Halifax,Nova Scotia,44.64269,-63.57688,0.0,3.8,Baseline,No forecast trigger,16.24,0.0,0.0
2026-09-22,CAN,Dartmouth,Nova Scotia,44.67134,-63.57719,0.0,3.8,Baseline,No forecast trigger,2.13,0.0,0.0
2026-09-22,CAN,Sydney,Nova Scotia,46.1351,-60.1831,0.0,4.55,Baseline,No forecast trigger,0.0,0.0,0.0
2026-09-22,CAN,Truro,Nova Scotia,45.36685,-63.26538,0.0,3.2,Baseline,No forecast trigger,0.0,0.0,0.0
2026-09-22,CAN,New Glasgow,Nova Scotia,45.58344,-62.64863,0.0,2.6,Baseline,No forecast trigger,0.0,0.0,0.0
2026-09-22,CAN,Yellowknife,Northwest Territories,62.45411,-114.37248,0.0,2.65,Baseline,No forecast trigger,0.0,0.0,0.0
2026-09-22,CAN,Hay River,Northwest Territories,60.81555,-115.79993,0.157,2.95,Baseline,No forecast trigger,0.0,0.0,0.0
2026-09-22,CAN,Inuvik,Northwest Territories,68.36166,-133.72816,0.008,1.4,Baseline,No forecast trigger,0.0,0.0,0.0
2026-09-22,CAN,Fort Smith,Northwest Territories,60.00439,-111.88871,0.02,3.05,Baseline,No forecast trigger,0.0,0.0,0.0
2026-09-22,CAN,Behchokǫ̀,Northwest Territories,62.8025,-116.04639,0.0,2.6,Baseline,No forecast trigger,0.0,0.0,0.0
2026-09-22,CAN,Rankin Inlet,Nunavut,62.80906,-92.08534,0.0,2.3,Baseline,No forecast trigger,0.0,0.0,0.0
2026-09-22,CAN,Arviat,Nunavut,61.10883,-94.05848,0.024,2.95,Baseline,No forecast trigger,0.0,0.0,0.0
2026-09-22,CAN,Baker Lake,Nunavut,64.32009,-96.02123,0.0,2.0,Baseline,No forecast trigger,0.0,0.0,0.0
2026-09-22,CAN,Cambridge Bay,Nunavut,69.11489,-105.05484,0.047,1.05,Baseline,No forecast trigger,0.0,0.0,0.0
2026-09-22,CAN,Toronto,Ontario,43.70643,-79.39864,0.0,5.15,Baseline,No forecast trigger,334.87,0.0,0.0
2026-09-22,CAN,Ottawa,Ontario,45.41117,-75.69812,0.0,4.95,Baseline,No forecast trigger,109.11,0.0,0.0
2026-09-22,CAN,Kingston,Ontario,44.22976,-76.48098,0.0,5.1,Baseline,No forecast trigger,14.34,0.0,0.0
2026-09-22,CAN,Guelph,Ontario,43.54594,-80.25599,0.0,5.1,Baseline,No forecast trigger,20.4,0.0,0.0
2026-09-22,CAN,Markham,Ontario,43.86682,-79.2663,0.0,5.15,Baseline,No forecast trigger,26.91,0.0,0.0
2026-09-22,CAN,Charlottetown,Prince Edward Island,46.23459,-63.1256,0.0,2.4,Baseline,No forecast trigger,0.0,0.0,0.0
2026-09-22,CAN,Summerside,Prince Edward Island,46.3912,-63.78869,0.0,3.15,Baseline,No forecast trigger,0.0,0.0,0.0
2026-09-22,CAN,Cornwall,Prince Edward Island,46.22652,-63.21809,0.0,2.4,Baseline,No forecast trigger,0.0,0.0,0.0
2026-09-22,CAN,Montague,Prince Edward Island,46.16681,-62.64866,0.004,2.8,Baseline,No forecast trigger,0.0,0.0,0.0
2026-09-22,CAN,Montreal,Quebec,45.50884,-73.58781,0.0,5.05,Baseline,No forecast trigger,66.46000000000001,0.0,0.0
2026-09-22,CAN,Dorval,Quebec,45.4473,-73.75335,0.0,5.05,Baseline,No forecast trigger,5.01,0.0,0.0
2026-09-22,CAN,Blainville,Quebec,45.66678,-73.88249,0.0,5.0,Baseline,No forecast trigger,7.38,0.0,0.0
2026-09-22,CAN,Brossard,Quebec,45.45008,-73.46583,0.0,5.05,Baseline,No forecast trigger,5.35,0.0,0.0
2026-09-22,CAN,Cote-Saint-Luc,Quebec,45.46536,-73.66585,0.0,5.05,Baseline,No forecast trigger,4.49,0.0,0.0
2026-09-22,CAN,Saskatoon,Saskatchewan,52.13238,-106.66892,0.0,4.45,Baseline,No forecast trigger,11.52,0.0,0.0
2026-09-22,CAN,Yellow Grass,Saskatchewan,49.80006,-104.16781,0.0,4.9,Baseline,No forecast trigger,3.1,0.0,0.0
2026-09-22,CAN,Regina,Saskatchewan,50.45008,-104.6178,0.0,4.8,Baseline,No forecast trigger,2.42,0.0,0.0
2026-09-22,CAN,Prince Albert,Saskatchewan,53.20008,-105.76772,0.0,4.25,Baseline,No forecast trigger,0.0,0.0,0.0
2026-09-22,CAN,Moose Jaw,Saskatchewan,50.40005,-105.53445,0.0,4.8,Baseline,No forecast trigger,0.0,0.0,0.0
2026-09-22,CAN,Whitehorse,Yukon,60.71611,-135.05376,0.0,2.55,Baseline,No forecast trigger,0.0,0.0,0.0
2026-09-22,CAN,Dawson City,Yukon,64.06013,-139.43327,0.012,2.2,Baseline,No forecast trigger,0.0,0.0,0.0
2026-09-22,CAN,Watson Lake,Yukon,60.06349,-128.70892,0.0,3.1,Baseline,No forecast trigger,0.0,0.0,0.0
2026-09-22,CAN,Haines Junction,Yukon,60.75216,-137.51082,0.012,2.95,Baseline,No forecast trigger,0.0,0.0,0.0
2026-09-22,CAN,Mayo,Yukon,63.59274,-135.89984,0.004,2.15,Baseline,No forecast trigger,0.0,0.0,0.0
2026-09-22,US,Coeur D'Alene,Idaho,47.6777,-116.7805,0.0,5.15,Baseline,No forecast trigger,10.11,0.0,0.0
2026-09-22,US,Eagle Mountain,Utah,40.3144,-111.9849,0.0,5.5,Baseline,No forecast trigger,13.36,0.0,0.0
2026-09-22,US,Spokane,Washington,47.6569,-117.425,0.0,5.15,Baseline,No forecast trigger,96.94,0.0,0.0
2026-09-22,UK,Swansea,Wales,51.6214,-3.9436,0.0,4.3,Baseline,No forecast trigger,1.7999999999999998,0.0,0.0
2026-09-22,CAN,Grand Falls-Windsor,Newfoundland And Labrador,48.9332,-55.6649,0.173,2.2,Baseline,No forecast trigger,0.0,0.0,0.0
2026-09-22,CAN,Stratford,Prince Edward Island,46.2153,-63.0866,0.008,2.75,Baseline,No forecast trigger,0.0,0.0,0.0
2026-09-23,US,Washington,District Of Columbia,38.89511,-77.03637,0.476,1.55,Scale Umbrellas,Forecast rain 0.48 in ≥ 0.20 in,1762.83,4195.54,0.16107
2026-09-23,US,Naples,Florida,26.14234,-81.79596,0.472,6.2,Scale Umbrellas,Forecast rain 0.47 in ≥ 0.20 in,762.99,1800.66,0.069129
2026-09-23,US,Cincinnati,Ohio,39.12711,-84.51439,0.421,5.65,Scale Umbrellas,Forecast rain 0.42 in ≥ 0.20 in,743.62,1565.32,0.060094
2026-09-23,US,Columbus,Ohio,39.96118,-82.99879,0.457,3.15,Scale Umbrellas,Forecast rain 0.46 in ≥ 0.20 in,620.78,1418.48,0.054456
2026-09-23,US,Alexandria,Virginia,38.80484,-77.04692,0.307,1.45,Scale Umbrellas,Forecast rain 0.31 in ≥ 0.20 in,848.47,1302.4,0.05
2026-09-23,US,Raleigh,North Carolina,35.7721,-78.63861,0.386,1.35,Scale Umbrellas,Forecast rain 0.39 in ≥ 0.20 in,673.03,1298.95,0.049868
2026-09-23,US,Virginia Beach,Virginia,36.85293,-75.97799,0.531,1.15,Scale Umbrellas,Forecast rain 0.53 in ≥ 0.20 in,478.81,1271.24,0.048804
2026-09-23,US,Boca Raton,Florida,26.35869,-80.0831,0.421,7.6,Scale Umbrellas,Forecast rain 0.42 in ≥ 0.20 in,600.39,1263.82,0.048519
2026-09-23,US,Honolulu,Hawaii,21.30694,-157.85834,0.283,8.3,Scale Umbrellas,Forecast rain 0.28 in ≥ 0.20 in,835.68,1182.49,0.045397
2026-09-23,US,Arlington,Virginia,38.88101,-77.10428,0.386,1.1,Scale Umbrellas,Forecast rain 0.39 in ≥ 0.20 in,608.93,1175.23,0.045118
2026-09-23,US,Bethesda,Maryland,38.98067,-77.10026,0.587,1.15,Scale Umbrellas,Forecast rain 0.59 in ≥ 0.20 in,388.47,1140.16,0.043771
2026-09-23,US,Knoxville,Tennessee,35.96064,-83.92074,0.378,5.9,Scale Umbrellas,Forecast rain 0.38 in ≥ 0.20 in,413.12,780.8,0.029975
2026-09-23,US,Baltimore,Maryland,39.29038,-76.61219,0.413,3.05,Scale Umbrellas,Forecast rain 0.41 in ≥ 0.20 in,371.93,768.04,0.029486
2026-09-23,US,Rockville,Maryland,39.084,-77.15276,0.677,2.3,Scale Umbrellas,Forecast rain 0.68 in ≥ 0.20 in,205.82,617.46,0.023705
2026-09-23,US,Silver Spring,Maryland,38.99067,-77.02609,0.476,1.55,Scale Umbrellas,Forecast rain 0.48 in ≥ 0.20 in,220.5,524.79,0.020147
2026-09-23,US,Richmond,Virginia,37.55376,-77.46026,0.217,0.95,Scale Umbrellas,Forecast rain 0.22 in ≥ 0.20 in,471.04999999999995,511.09,0.019621
2026-09-23,US,Fairfax,Virginia,38.84622,-77.30637,0.346,0.55,Scale Umbrellas,Forecast rain 0.35 in ≥ 0.20 in,293.86,508.38,0.019517
2026-09-23,US,Lexington,Kentucky,37.98869,-84.47772,0.264,5.9,Scale Umbrellas,Forecast rain 0.26 in ≥ 0.20 in,362.01000000000005,477.85,0.018345
2026-09-23,US,Savannah,Georgia,32.08354,-81.09983,0.24,6.0,Scale Umbrellas,Forecast rain 0.24 in ≥ 0.20 in,320.40000000000003,384.48,0.01476
2026-09-23,US,Dublin,Ohio,40.09923,-83.11408,0.469,3.1,Scale Umbrellas,Forecast rain 0.47 in ≥ 0.20 in,163.25,382.82,0.014697
2026-09-23,US,Greenville,South Carolina,34.85262,-82.39401,0.209,3.1,Scale Umbrellas,Forecast rain 0.21 in ≥ 0.20 in,359.23,375.4,0.014412
2026-09-23,US,Kailua,Hawaii,21.40241,-157.74054,0.673,8.1,Scale Umbrellas,Forecast rain 0.67 in ≥ 0.20 in,115.81,347.43,0.013338
2026-09-23,US,Albuquerque,New Mexico,35.08449,-106.65114,0.217,2.05,Scale Umbrellas,Forecast rain 0.22 in ≥ 0.20 in,311.62,338.11,0.01298
2026-09-23,US,Kaneohe,Hawaii,21.39994,-157.79895,0.673,8.3,Scale Umbrellas,Forecast rain 0.67 in ≥ 0.20 in,106.22,318.66,0.012234
2026-09-23,US,Chattanooga,Tennessee,35.04563,-85.30968,0.327,5.9,Scale Umbrellas,Forecast rain 0.33 in ≥ 0.20 in,183.88,300.64,0.011542
2026-09-23,US,Santa Fe,New Mexico,35.68698,-105.9378,0.579,1.75,Scale Umbrellas,Forecast rain 0.58 in ≥ 0.20 in,101.49000000000001,293.81,0.01128
2026-09-23,US,Plymouth,Michigan,42.37143,-83.47021,0.217,1.4,Scale Umbrellas,Forecast rain 0.22 in ≥ 0.20 in,230.03,249.58,0.009582
2026-09-23,US,Las Cruces,New Mexico,32.31232,-106.77834,2.11,3.2,Scale Umbrellas,Forecast rain 2.11 in ≥ 0.20 in,71.61,214.83,0.008247
2026-09-23,US,Cleveland,Ohio,41.4995,-81.69541,0.28,5.05,Scale Umbrellas,Forecast rain 0.28 in ≥ 0.20 in,150.06,210.08,0.008065
2026-09-23,US,Ewa Beach,Hawaii,21.31556,-158.00722,0.106,8.4,Sun Protection (Hats/Shirts),Forecast UV 8.4 ≥ 8,165.22,173.48,0.00666
2026-09-23,US,Lewes,Delaware,38.77456,-75.13935,0.201,0.85,Scale Umbrellas,Forecast rain 0.20 in ≥ 0.20 in,92.15,92.61,0.003555
2026-09-23,US,Wheeling,West Virginia,40.06396,-80.72091,0.264,5.25,Scale Umbrellas,Forecast rain 0.26 in ≥ 0.20 in,57.44,75.82,0.002911
2026-09-23,US,Tijeras,New Mexico,35.08088,-106.38808,0.52,1.85,Scale Umbrellas,Forecast rain 0.52 in ≥ 0.20 in,28.75,74.75,0.00287
2026-09-23,US,Huntington,West Virginia,38.41925,-82.44515,0.256,5.05,Scale Umbrellas,Forecast rain 0.26 in ≥ 0.20 in,49.74,63.67,0.002444
2026-09-23,US,Los Alamos,New Mexico,35.88808,-106.30697,0.295,2.1,Scale Umbrellas,Forecast rain 0.29 in ≥ 0.20 in,32.22,47.52,0.001824
2026-09-23,US,Middlesboro,Kentucky,36.60842,-83.71658,0.358,5.8,Scale Umbrellas,Forecast rain 0.36 in ≥ 0.20 in,22.69,40.62,0.001559
2026-09-23,UK,Lisburn,Northern Ireland,54.52337,-6.03527,0.799,3.5,Scale Umbrellas,Forecast rain 0.80 in ≥ 0.20 in,0.0,33.98,0.001305
2026-09-23,UK,Bangor,Northern Ireland,54.66079,-5.66802,0.902,3.55,Scale Umbrellas,Forecast rain 0.90 in ≥ 0.20 in,0.0,33.98,0.001305
2026-09-23,UK,Glasgow,Scotland,55.86515,-4.25763,1.181,3.45,Scale Umbrellas,Forecast rain 1.18 in ≥ 0.20 in,10.739999999999998,32.22,0.001237
2026-09-23,UK,Manchester,England,53.48095,-2.23743,0.709,3.85,Scale Umbrellas,Forecast rain 0.71 in ≥ 0.20 in,8.35,25.05,0.000962
2026-09-23,UK,Edinburgh,Scotland,55.95206,-3.19648,0.555,1.9,Scale Umbrellas,Forecast rain 0.56 in ≥ 0.20 in,8.47,23.5,0.000902
2026-09-23,CAN,Arviat,Nunavut,61.10883,-94.05848,0.354,2.15,Scale Umbrellas,Forecast rain 0.35 in ≥ 0.20 in,0.0,20.05,0.00077
2026-09-23,UK,Dunfermline,Scotland,56.07156,-3.45887,0.787,3.3,Scale Umbrellas,Forecast rain 0.79 in ≥ 0.20 in,4.26,12.78,0.000491
2026-09-23,UK,Aberdeen,Scotland,57.14369,-2.09814,0.831,0.85,Scale Umbrellas,Forecast rain 0.83 in ≥ 0.20 in,4.23,12.69,0.000487
2026-09-23,UK,Derry,Northern Ireland,54.9981,-7.30934,0.22,3.65,Scale Umbrellas,Forecast rain 0.22 in ≥ 0.20 in,0.0,12.46,0.000478
2026-09-23,UK,Newry,Northern Ireland,54.17841,-6.33739,0.673,3.4,Scale Umbrellas,Forecast rain 0.67 in ≥ 0.20 in,3.96,11.88,0.000456
2026-09-23,UK,Banchory,Scotland,57.05168,-2.48824,0.929,1.1,Scale Umbrellas,Forecast rain 0.93 in ≥ 0.20 in,2.5900000000000003,7.77,0.000298
2026-09-23,UK,Barrhead,Scotland,55.79916,-4.39285,1.181,3.45,Scale Umbrellas,Forecast rain 1.18 in ≥ 0.20 in,2.17,6.51,0.00025
2026-09-23,UK,Belfast,Northern Ireland,54.59682,-5.92541,0.76,3.5,Scale Umbrellas,Forecast rain 0.76 in ≥ 0.20 in,2.08,6.24,0.00024
2026-09-23,UK,Balerno,Scotland,55.88437,-3.33975,0.65,2.05,Scale Umbrellas,Forecast rain 0.65 in ≥ 0.20 in,2.0,6.0,0.00023
2026-09-23,UK,Craigavon,Northern Ireland,54.44709,-6.387,0.815,3.5,Scale Umbrellas,Forecast rain 0.81 in ≥ 0.20 in,1.91,5.73,0.00022
2026-09-23,UK,Dromara,Northern Ireland,54.36667,-6.01667,0.594,3.25,Scale Umbrellas,Forecast rain 0.59 in ≥ 0.20 in,1.77,5.26,0.000202
2026-09-23,UK,Aboyne,Scotland,57.07546,-2.78023,1.004,1.55,Scale Umbrellas,Forecast rain 1.00 in ≥ 0.20 in,1.63,4.89,0.000188
2026-09-23,US,Anchorage,Alaska,61.21806,-149.90028,0.0,2.8,Baseline,No forecast trigger,76.25,0.0,0.0
2026-09-23,US,Fairbanks,Alaska,64.83778,-147.71638,0.0,2.15,Baseline,No forecast trigger,22.16,0.0,0.0
2026-09-23,US,Sitka,Alaska,57.05315,-135.33089,0.161,3.25,Baseline,No forecast trigger,16.05,0.0,0.0
2026-09-23,US,Cordova,Alaska,60.5432,-145.75867,0.024,2.9,Baseline,No forecast trigger,29.560000000000002,0.0,0.0
2026-09-23,US,Wasilla,Alaska,61.5809,-149.4415,0.0,2.75,Baseline,No forecast trigger,9.92,0.0,0.0
2026-09-23,US,Birmingham,Alabama,33.52066,-86.80249,0.039,6.85,Baseline,No forecast trigger,372.08000000000004,0.0,0.0
2026-09-23,US,Huntsville,Alabama,34.7304,-86.58594,0.059,6.7,Baseline,No forecast trigger,297.28,0.0,0.0
2026-09-23,US,Mobile,Alabama,30.69436,-88.04305,0.039,7.3,Baseline,No forecast trigger,162.07999999999998,0.0,0.0
2026-09-23,US,Madison,Alabama,34.69926,-86.74833,0.055,6.7,Baseline,No forecast trigger,410.99,0.0,0.0
2026-09-23,US,Fairhope,Alabama,30.52297,-87.90333,0.134,7.35,Baseline,No forecast trigger,98.15,0.0,0.0
2026-09-23,US,Little Rock,Arkansas,34.74648,-92.28959,0.0,6.65,Baseline,No forecast trigger,255.9,0.0,0.0
2026-09-23,US,Jonesboro,Arkansas,35.8423,-90.70428,0.0,6.35,Baseline,No forecast trigger,94.24,0.0,0.0
2026-09-23,US,Bentonville,Arkansas,36.37285,-94.20882,0.0,6.45,Baseline,No forecast trigger,139.7,0.0,0.0
2026-09-23,US,Fayetteville,Arkansas,36.06258,-94.15743,0.0,6.45,Baseline,No forecast trigger,94.36999999999999,0.0,0.0
2026-09-23,US,Rogers,Arkansas,36.33202,-94.11854,0.0,6.45,Baseline,No forecast trigger,102.64,0.0,0.0
2026-09-23,US,Phoenix,Arizona,33.44838,-112.07404,0.008,6.7,Baseline,No forecast trigger,459.78999999999996,0.0,0.0
2026-09-23,US,Tucson,Arizona,32.22174,-110.92648,0.0,7.05,Baseline,No forecast trigger,402.63,0.0,0.0
2026-09-23,US,Scottsdale,Arizona,33.50921,-111.89903,0.004,6.65,Baseline,No forecast trigger,373.86,0.0,0.0
2026-09-23,US,Gilbert,Arizona,33.35283,-111.78903,0.008,6.45,Baseline,No forecast trigger,134.3,0.0,0.0
2026-09-23,US,Mesa,Arizona,33.42227,-111.82264,0.004,6.5,Baseline,No forecast trigger,138.07999999999998,0.0,0.0
2026-09-23,US,Los Angeles,California,34.05223,-118.24368,0.0,6.85,Baseline,No forecast trigger,2423.83,0.0,0.0
2026-09-23,US,San Francisco,California,37.77493,-122.41942,0.0,6.35,Baseline,No forecast trigger,2496.73,0.0,0.0
2026-09-23,US,San Diego,California,32.71571,-117.16472,0.0,7.0,Baseline,No forecast trigger,1237.81,0.0,0.0
2026-09-23,US,San Jose,California,37.33939,-121.89496,0.0,6.45,Baseline,No forecast trigger,981.03,0.0,0.0
2026-09-23,US,Oakland,California,37.80437,-122.2708,0.0,6.3,Baseline,No forecast trigger,669.47,0.0,0.0
2026-09-23,US,Denver,Colorado,39.73915,-104.9847,0.004,3.85,Baseline,No forecast trigger,562.38,0.0,0.0
2026-09-23,US,Colorado Springs,Colorado,38.83388,-104.82136,0.067,3.15,Baseline,No forecast trigger,290.65000000000003,0.0,0.0
2026-09-23,US,Littleton,Colorado,39.61332,-105.01665,0.0,4.25,Baseline,No forecast trigger,163.32,0.0,0.0
2026-09-23,US,Aurora,Colorado,39.72943,-104.83192,0.0,4.05,Baseline,No forecast trigger,134.32,0.0,0.0
2026-09-23,US,Fort Collins,Colorado,40.58526,-105.08442,0.02,5.05,Baseline,No forecast trigger,139.49,0.0,0.0
2026-09-23,US,Norwalk,Connecticut,41.1176,-73.4079,0.0,5.1,Baseline,No forecast trigger,136.45,0.0,0.0
2026-09-23,US,Greenwich,Connecticut,41.02649,-73.62846,0.0,4.95,Baseline,No forecast trigger,421.93,0.0,0.0
2026-09-23,US,Stamford,Connecticut,41.05343,-73.53873,0.0,4.95,Baseline,No forecast trigger,162.43,0.0,0.0
2026-09-23,US,Fairfield,Connecticut,41.14121,-73.26373,0.0,5.2,Baseline,No forecast trigger,155.76,0.0,0.0
2026-09-23,US,New Canaan,Connecticut,41.14676,-73.49484,0.0,5.4,Baseline,No forecast trigger,167.03,0.0,0.0
2026-09-23,US,Wilmington,Delaware,39.74595,-75.54659,0.004,1.45,Baseline,No forecast trigger,591.95,0.0,0.0
2026-09-23,US,New Castle,Delaware,39.65948,-75.56359,0.008,1.75,Baseline,No forecast trigger,98.9,0.0,0.0
2026-09-23,US,Newark,Delaware,39.68372,-75.74966,0.004,1.95,Baseline,No forecast trigger,107.28,0.0,0.0
2026-09-23,US,Middletown,Delaware,39.44956,-75.71632,0.008,2.1,Baseline,No forecast trigger,47.87,0.0,0.0
2026-09-23,US,Miami,Florida,25.77427,-80.19366,0.0,6.8,Baseline,No forecast trigger,2709.77,0.0,0.0
2026-09-23,US,Orlando,Florida,28.53834,-81.37924,0.012,7.35,Baseline,No forecast trigger,977.27,0.0,0.0
2026-09-23,US,Tampa,Florida,27.94752,-82.45843,0.161,7.65,Baseline,No forecast trigger,696.35,0.0,0.0
2026-09-23,US,Atlanta,Georgia,33.749,-84.38798,0.098,5.35,Baseline,No forecast trigger,1204.27,0.0,0.0
2026-09-23,US,Marietta,Georgia,33.9526,-84.54993,0.055,6.0,Baseline,No forecast trigger,563.3,0.0,0.0
2026-09-23,US,Alpharetta,Georgia,34.07538,-84.29409,0.004,3.8,Baseline,No forecast trigger,264.8,0.0,0.0
2026-09-23,US,Decatur,Georgia,33.77483,-84.29631,0.091,5.15,Baseline,No forecast trigger,199.81,0.0,0.0
2026-09-23,US,Mililani,Hawaii,21.4504,-158.01503,0.083,7.3,Baseline,No forecast trigger,89.56,0.0,0.0
2026-09-23,US,Cedar Rapids,Iowa,42.00833,-91.64407,0.004,5.4,Baseline,No forecast trigger,99.48,0.0,0.0
2026-09-23,US,Iowa City,Iowa,41.66113,-91.53017,0.004,5.45,Baseline,No forecast trigger,72.6,0.0,0.0
2026-09-23,US,Des Moines,Iowa,41.60054,-93.60911,0.0,5.55,Baseline,No forecast trigger,67.94,0.0,0.0
2026-09-23,US,Ames,Iowa,42.03471,-93.61994,0.0,5.6,Baseline,No forecast trigger,47.92,0.0,0.0
2026-09-23,US,West Des Moines,Iowa,41.57721,-93.71133,0.0,5.45,Baseline,No forecast trigger,55.04,0.0,0.0
2026-09-23,US,Boise,Idaho,43.6135,-116.20345,0.0,5.7,Baseline,No forecast trigger,166.37,0.0,0.0
2026-09-23,US,Meridian,Idaho,43.61211,-116.39151,0.0,5.65,Baseline,No forecast trigger,98.59,0.0,0.0
2026-09-23,US,Eagle,Idaho,43.69544,-116.35401,0.0,5.65,Baseline,No forecast trigger,45.19,0.0,0.0
2026-09-23,US,Kuna,Idaho,43.49183,-116.42012,0.0,5.7,Baseline,No forecast trigger,75.89999999999999,0.0,0.0
2026-09-23,US,Chicago,Illinois,41.85003,-87.65005,0.02,1.9,Baseline,No forecast trigger,2943.2799999999997,0.0,0.0
2026-09-23,US,Naperville,Illinois,41.78586,-88.14729,0.0,1.5,Baseline,No forecast trigger,303.12,0.0,0.0
2026-09-23,US,Evanston,Illinois,42.04114,-87.69006,0.024,1.4,Baseline,No forecast trigger,177.62,0.0,0.0
2026-09-23,US,Wilmette,Illinois,42.07225,-87.72284,0.063,1.1,Baseline,No forecast trigger,164.29000000000002,0.0,0.0
2026-09-23,US,Downers Grove,Illinois,41.80892,-88.01117,0.0,1.65,Baseline,No forecast trigger,144.54,0.0,0.0
2026-09-23,US,Indianapolis,Indiana,39.76838,-86.15804,0.012,5.1,Baseline,No forecast trigger,482.22,0.0,0.0
2026-09-23,US,Carmel,Indiana,39.97837,-86.11804,0.004,4.05,Baseline,No forecast trigger,271.69,0.0,0.0
2026-09-23,US,Fort Wayne,Indiana,41.1306,-85.12886,0.055,1.7,Baseline,No forecast trigger,204.32,0.0,0.0
2026-09-23,US,Bloomington,Indiana,39.16533,-86.52639,0.016,5.1,Baseline,No forecast trigger,147.0,0.0,0.0
2026-09-23,US,West Lafayette,Indiana,40.42587,-86.90807,0.012,4.7,Baseline,No forecast trigger,91.86,0.0,0.0
2026-09-23,US,Wichita,Kansas,37.69224,-97.33754,0.0,6.3,Baseline,No forecast trigger,232.9,0.0,0.0
2026-09-23,US,Overland Park,Kansas,38.98223,-94.67079,0.0,6.1,Baseline,No forecast trigger,217.21,0.0,0.0
2026-09-23,US,Olathe,Kansas,38.8814,-94.81913,0.0,6.15,Baseline,No forecast trigger,116.0,0.0,0.0
2026-09-23,US,Lawrence,Kansas,38.97167,-95.23525,0.0,6.15,Baseline,No forecast trigger,70.14,0.0,0.0
2026-09-23,US,Leawood,Kansas,38.96667,-94.6169,0.0,6.1,Baseline,No forecast trigger,64.51,0.0,0.0
2026-09-23,US,Louisville,Kentucky,38.25424,-85.75941,0.106,5.9,Baseline,No forecast trigger,525.05,0.0,0.0
2026-09-23,US,Bowling Green,Kentucky,36.99032,-86.4436,0.189,6.05,Baseline,No forecast trigger,68.25,0.0,0.0
2026-09-23,US,Paducah,Kentucky,37.08339,-88.60005,0.0,5.95,Baseline,No forecast trigger,83.11,0.0,0.0
2026-09-23,US,Baton Rouge,Louisiana,30.44332,-91.18747,0.012,7.3,Baseline,No forecast trigger,417.5,0.0,0.0
2026-09-23,US,New Orleans,Louisiana,29.95465,-90.07507,0.0,7.45,Baseline,No forecast trigger,322.7,0.0,0.0
2026-09-23,US,Lafayette,Louisiana,30.22409,-92.01984,0.008,7.3,Baseline,No forecast trigger,244.69,0.0,0.0
2026-09-23,US,Shreveport,Louisiana,32.52515,-93.75018,0.0,7.0,Baseline,No forecast trigger,290.65,0.0,0.0
2026-09-23,US,Metairie,Louisiana,29.98409,-90.15285,0.0,7.45,Baseline,No forecast trigger,149.57999999999998,0.0,0.0
2026-09-23,US,Reading,Massachusetts,42.52565,-71.09533,0.0,5.15,Baseline,No forecast trigger,951.13,0.0,0.0
2026-09-23,US,Boston,Massachusetts,42.35843,-71.05977,0.012,4.9,Baseline,No forecast trigger,994.42,0.0,0.0
2026-09-23,US,Cambridge,Massachusetts,42.3751,-71.10561,0.0,4.9,Baseline,No forecast trigger,357.35,0.0,0.0
2026-09-23,US,Berkley,Massachusetts,41.84593,-71.08282,0.008,3.4,Baseline,No forecast trigger,104.64,0.0,0.0
2026-09-23,US,Somerville,Massachusetts,42.3876,-71.0995,0.0,4.9,Baseline,No forecast trigger,182.65,0.0,0.0
2026-09-23,US,Annapolis,Maryland,38.97859,-76.49184,0.173,0.8,Baseline,No forecast trigger,193.67,0.0,0.0
2026-09-23,US,Portland,Maine,43.65737,-70.2589,0.0,4.4,Baseline,No forecast trigger,1114.68,0.0,0.0
2026-09-23,US,Scarborough,Maine,43.57814,-70.32172,0.0,4.4,Baseline,No forecast trigger,60.37,0.0,0.0
2026-09-23,US,Falmouth,Maine,43.72953,-70.24199,0.0,4.5,Baseline,No forecast trigger,41.55,0.0,0.0
2026-09-23,US,Bangor,Maine,44.79884,-68.77265,0.0,5.25,Baseline,No forecast trigger,29.74,0.0,0.0
2026-09-23,US,Eliot,Maine,43.15314,-70.80006,0.0,4.9,Baseline,No forecast trigger,23.41,0.0,0.0
2026-09-23,US,Ann Arbor,Michigan,42.27756,-83.74088,0.181,1.1,Baseline,No forecast trigger,275.62,0.0,0.0
2026-09-23,US,Grand Rapids,Michigan,42.96336,-85.66809,0.016,0.65,Baseline,No forecast trigger,302.26,0.0,0.0
2026-09-23,US,Bloomfield Hills,Michigan,42.58364,-83.24549,0.197,1.3,Baseline,No forecast trigger,181.23,0.0,0.0
2026-09-23,US,Macomb,Michigan,42.70087,-82.95909,0.154,1.65,Baseline,No forecast trigger,93.54,0.0,0.0
2026-09-23,US,Minneapolis,Minnesota,44.97997,-93.26384,0.0,5.15,Baseline,No forecast trigger,522.84,0.0,0.0
2026-09-23,US,Saint Paul,Minnesota,44.94441,-93.09327,0.0,5.1,Baseline,No forecast trigger,263.32,0.0,0.0
2026-09-23,US,Plymouth,Minnesota,45.01052,-93.45551,0.0,5.15,Baseline,No forecast trigger,230.03,0.0,0.0
2026-09-23,US,Minnetonka,Minnesota,44.9133,-93.50329,0.0,5.15,Baseline,No forecast trigger,67.31,0.0,0.0
2026-09-23,US,Eden Prairie,Minnesota,44.85469,-93.47079,0.0,5.15,Baseline,No forecast trigger,81.93,0.0,0.0
2026-09-23,US,Saint Louis,Missouri,38.65174,-90.20525,0.0,5.1,Baseline,No forecast trigger,503.97999999999996,0.0,0.0
2026-09-23,US,Kansas City,Missouri,39.09973,-94.57857,0.0,6.1,Baseline,No forecast trigger,295.01,0.0,0.0
2026-09-23,US,Chesterfield,Missouri,38.66311,-90.57707,0.0,5.15,Baseline,No forecast trigger,154.27,0.0,0.0
2026-09-23,US,Saint Charles,Missouri,38.78394,-90.48123,0.0,5.15,Baseline,No forecast trigger,112.03,0.0,0.0
2026-09-23,US,Springfield,Missouri,37.21533,-93.29824,0.0,6.3,Baseline,No forecast trigger,113.33,0.0,0.0
2026-09-23,US,Madison,Mississippi,32.46181,-90.11536,0.0,7.0,Baseline,No forecast trigger,410.99,0.0,0.0
2026-09-23,US,Gulfport,Mississippi,30.36742,-89.09282,0.008,7.35,Baseline,No forecast trigger,65.27,0.0,0.0
2026-09-23,US,Hattiesburg,Mississippi,31.32712,-89.29034,0.028,7.2,Baseline,No forecast trigger,35.83,0.0,0.0
2026-09-23,US,Jackson,Mississippi,32.29876,-90.18481,0.075,7.05,Baseline,No forecast trigger,40.010000000000005,0.0,0.0
2026-09-23,US,Southaven,Mississippi,34.98898,-90.01259,0.0,6.65,Baseline,No forecast trigger,42.06,0.0,0.0
2026-09-23,US,Bozeman,Montana,45.67965,-111.03856,0.0,5.7,Baseline,No forecast trigger,49.2,0.0,0.0
2026-09-23,US,Billings,Montana,45.78329,-108.50069,0.0,4.55,Baseline,No forecast trigger,63.75,0.0,0.0
2026-09-23,US,Great Falls,Montana,47.50024,-111.30081,0.004,5.3,Baseline,No forecast trigger,29.419999999999998,0.0,0.0
2026-09-23,US,Missoula,Montana,46.87215,-113.994,0.0,5.35,Baseline,No forecast trigger,28.06,0.0,0.0
2026-09-23,US,Kalispell,Montana,48.19579,-114.31291,0.0,5.1,Baseline,No forecast trigger,36.16,0.0,0.0
2026-09-23,US,Charlotte,North Carolina,35.22709,-80.84313,0.024,1.35,Baseline,No forecast trigger,1057.24,0.0,0.0
2026-09-23,US,Durham,North Carolina,35.99403,-78.89862,0.181,1.55,Baseline,No forecast trigger,223.35999999999999,0.0,0.0
2026-09-23,US,Wilmington,North Carolina,34.23556,-77.94604,0.012,5.1,Baseline,No forecast trigger,591.95,0.0,0.0
2026-09-23,US,Chapel Hill,North Carolina,35.9132,-79.05584,0.15,1.3,Baseline,No forecast trigger,234.24,0.0,0.0
2026-09-23,US,Fargo,North Dakota,46.87719,-96.7898,0.0,5.05,Baseline,No forecast trigger,65.82,0.0,0.0
2026-09-23,US,West Fargo,North Dakota,46.87497,-96.90036,0.0,5.1,Baseline,No forecast trigger,39.59,0.0,0.0
2026-09-23,US,Bismarck,North Dakota,46.80833,-100.78374,0.008,4.55,Baseline,No forecast trigger,27.36,0.0,0.0
2026-09-23,US,Dickinson,North Dakota,46.87918,-102.78962,0.0,5.15,Baseline,No forecast trigger,26.21,0.0,0.0
2026-09-23,US,Grand Forks,North Dakota,47.92526,-97.03285,0.0,4.95,Baseline,No forecast trigger,8.92,0.0,0.0
2026-09-23,US,Omaha,Nebraska,41.25626,-95.94043,0.004,5.45,Baseline,No forecast trigger,232.41,0.0,0.0
2026-09-23,US,Lincoln,Nebraska,40.8,-96.66696,0.0,4.25,Baseline,No forecast trigger,106.0,0.0,0.0
2026-09-23,US,Elkhorn,Nebraska,41.345,-96.256,0.012,5.45,Baseline,No forecast trigger,58.6,0.0,0.0
2026-09-23,US,Bellevue,Nebraska,41.13667,-95.89084,0.0,5.45,Baseline,No forecast trigger,296.72,0.0,0.0
2026-09-23,US,Papillion,Nebraska,41.15444,-96.04224,0.0,5.45,Baseline,No forecast trigger,37.15,0.0,0.0
2026-09-23,US,Manchester,New Hampshire,42.99564,-71.45479,0.0,4.55,Baseline,No forecast trigger,84.45,0.0,0.0
2026-09-23,US,Nashua,New Hampshire,42.76537,-71.46757,0.0,4.75,Baseline,No forecast trigger,85.91,0.0,0.0
2026-09-23,US,Hampton,New Hampshire,42.93759,-70.83894,0.004,5.3,Baseline,No forecast trigger,58.470000000000006,0.0,0.0
2026-09-23,US,Portsmouth,New Hampshire,43.07704,-70.75766,0.0,5.2,Baseline,No forecast trigger,51.69,0.0,0.0
2026-09-23,US,Exeter,New Hampshire,42.98148,-70.94783,0.0,5.3,Baseline,No forecast trigger,37.24,0.0,0.0
2026-09-23,US,Jersey City,New Jersey,40.72816,-74.07764,0.0,4.65,Baseline,No forecast trigger,586.88,0.0,0.0
2026-09-23,US,Hoboken,New Jersey,40.74399,-74.03236,0.0,4.65,Baseline,No forecast trigger,303.13,0.0,0.0
2026-09-23,US,Morristown,New Jersey,40.79677,-74.48154,0.0,4.6,Baseline,No forecast trigger,202.98999999999998,0.0,0.0
2026-09-23,US,Westfield,New Jersey,40.65899,-74.34737,0.0,4.75,Baseline,No forecast trigger,185.79,0.0,0.0
2026-09-23,US,Princeton,New Jersey,40.34872,-74.65905,0.02,2.85,Baseline,No forecast trigger,151.32999999999998,0.0,0.0
2026-09-23,US,Henderson,Nevada,36.0397,-114.98194,0.0,6.6,Baseline,No forecast trigger,221.68,0.0,0.0
2026-09-23,US,Las Vegas,Nevada,36.17497,-115.13722,0.0,6.85,Baseline,No forecast trigger,602.71,0.0,0.0
2026-09-23,US,Reno,Nevada,39.52963,-119.8138,0.0,6.25,Baseline,No forecast trigger,198.0,0.0,0.0
2026-09-23,US,Carson City,Nevada,39.1638,-119.7674,0.0,6.45,Baseline,No forecast trigger,22.23,0.0,0.0
2026-09-23,US,North Las Vegas,Nevada,36.19886,-115.1175,0.0,6.85,Baseline,No forecast trigger,21.009999999999998,0.0,0.0
2026-09-23,US,New York,New York,40.71427,-74.00597,0.0,4.65,Baseline,No forecast trigger,7823.84,0.0,0.0
2026-09-23,US,Brooklyn,New York,40.6501,-73.94958,0.0,4.55,Baseline,No forecast trigger,3916.93,0.0,0.0
2026-09-23,US,Bronx,New York,40.84985,-73.86641,0.0,3.6,Baseline,No forecast trigger,453.86,0.0,0.0
2026-09-23,US,Staten Island,New York,40.56233,-74.13986,0.0,4.6,Baseline,No forecast trigger,497.68,0.0,0.0
2026-09-23,US,Astoria,New York,40.77205,-73.93014,0.0,4.4,Baseline,No forecast trigger,273.25,0.0,0.0
2026-09-23,US,Dayton,Ohio,39.75895,-84.19161,0.173,5.6,Baseline,No forecast trigger,236.76,0.0,0.0
2026-09-23,US,Edmond,Oklahoma,35.65283,-97.4781,0.012,6.6,Baseline,No forecast trigger,380.66,0.0,0.0
2026-09-23,US,Tulsa,Oklahoma,36.15398,-95.99277,0.0,6.5,Baseline,No forecast trigger,450.78,0.0,0.0
2026-09-23,US,Oklahoma City,Oklahoma,35.46756,-97.51643,0.012,6.65,Baseline,No forecast trigger,229.98,0.0,0.0
2026-09-23,US,Norman,Oklahoma,35.22257,-97.43948,0.094,6.55,Baseline,No forecast trigger,114.31,0.0,0.0
2026-09-23,US,Broken Arrow,Oklahoma,36.0526,-95.79082,0.0,6.45,Baseline,No forecast trigger,88.45,0.0,0.0
2026-09-23,US,Portland,Oregon,45.52345,-122.67621,0.0,5.15,Baseline,No forecast trigger,1114.68,0.0,0.0
2026-09-23,US,Lake Oswego,Oregon,45.42067,-122.67065,0.0,5.15,Baseline,No forecast trigger,180.67999999999998,0.0,0.0
2026-09-23,US,Beaverton,Oregon,45.48706,-122.80371,0.0,5.15,Baseline,No forecast trigger,120.91,0.0,0.0
2026-09-23,US,Eugene,Oregon,44.05207,-123.08675,0.0,4.85,Baseline,No forecast trigger,128.59,0.0,0.0
2026-09-23,US,Salem,Oregon,44.9429,-123.0351,0.0,4.9,Baseline,No forecast trigger,105.42,0.0,0.0
2026-09-23,US,Philadelphia,Pennsylvania,39.95238,-75.16362,0.0,1.4,Baseline,No forecast trigger,1092.95,0.0,0.0
2026-09-23,US,Pittsburgh,Pennsylvania,40.44062,-79.99589,0.047,4.45,Baseline,No forecast trigger,679.83,0.0,0.0
2026-09-23,US,Lancaster,Pennsylvania,40.03788,-76.30551,0.091,1.55,Baseline,No forecast trigger,180.85,0.0,0.0
2026-09-23,US,West Chester,Pennsylvania,39.96097,-75.60804,0.008,1.05,Baseline,No forecast trigger,175.43,0.0,0.0
2026-09-23,US,Doylestown,Pennsylvania,40.31011,-75.12989,0.039,1.85,Baseline,No forecast trigger,162.19,0.0,0.0
2026-09-23,US,Providence,Rhode Island,41.82399,-71.41283,0.0,3.1,Baseline,No forecast trigger,147.89000000000001,0.0,0.0
2026-09-23,US,Barrington,Rhode Island,41.74066,-71.30866,0.0,4.5,Baseline,No forecast trigger,78.64,0.0,0.0
2026-09-23,US,Cranston,Rhode Island,41.77982,-71.43728,0.004,3.6,Baseline,No forecast trigger,41.57,0.0,0.0
2026-09-23,US,Warwick,Rhode Island,41.7001,-71.41617,0.0,4.5,Baseline,No forecast trigger,46.92,0.0,0.0
2026-09-23,US,East Greenwich,Rhode Island,41.66038,-71.45589,0.004,4.7,Baseline,No forecast trigger,36.96,0.0,0.0
2026-09-23,US,Charleston,South Carolina,32.77632,-79.93275,0.012,6.4,Baseline,No forecast trigger,364.17,0.0,0.0
2026-09-23,US,Mount Pleasant,South Carolina,32.79407,-79.86259,0.012,6.4,Baseline,No forecast trigger,211.1,0.0,0.0
2026-09-23,US,Columbia,South Carolina,34.00071,-81.03481,0.083,3.9,Baseline,No forecast trigger,230.48999999999998,0.0,0.0
2026-09-23,US,Myrtle Beach,South Carolina,33.68906,-78.88669,0.004,6.2,Baseline,No forecast trigger,246.49,0.0,0.0
2026-09-23,US,Sioux Falls,South Dakota,43.54997,-96.70033,0.0,5.5,Baseline,No forecast trigger,60.74,0.0,0.0
2026-09-23,US,Rapid City,South Dakota,44.08054,-103.23101,0.0,5.3,Baseline,No forecast trigger,31.86,0.0,0.0
2026-09-23,US,Lennox,South Dakota,43.35415,-96.892,0.0,5.2,Baseline,No forecast trigger,18.65,0.0,0.0
2026-09-23,US,Madison,South Dakota,44.00608,-97.11395,0.0,5.55,Baseline,No forecast trigger,410.99,0.0,0.0
2026-09-23,US,Aberdeen,South Dakota,45.4647,-98.48648,0.024,4.15,Baseline,No forecast trigger,8.59,0.0,0.0
2026-09-23,US,Nashville,Tennessee,36.16589,-86.78444,0.067,6.25,Baseline,No forecast trigger,709.8,0.0,0.0
2026-09-23,US,Memphis,Tennessee,35.14953,-90.04898,0.0,6.35,Baseline,No forecast trigger,320.84,0.0,0.0
2026-09-23,US,Franklin,Tennessee,35.92506,-86.86889,0.177,6.25,Baseline,No forecast trigger,301.59000000000003,0.0,0.0
2026-09-23,US,Houston,Texas,29.76328,-95.36327,0.0,7.35,Baseline,No forecast trigger,2773.2400000000002,0.0,0.0
2026-09-23,US,Austin,Texas,30.26715,-97.74306,0.0,7.0,Baseline,No forecast trigger,1550.3,0.0,0.0
2026-09-23,US,Dallas,Texas,32.78306,-96.80667,0.012,6.9,Baseline,No forecast trigger,1503.73,0.0,0.0
2026-09-23,US,San Antonio,Texas,29.42412,-98.49363,0.004,7.2,Baseline,No forecast trigger,767.21,0.0,0.0
2026-09-23,US,Fort Worth,Texas,32.72541,-97.32085,0.004,6.85,Baseline,No forecast trigger,625.93,0.0,0.0
2026-09-23,US,Salt Lake City,Utah,40.76078,-111.89105,0.0,6.25,Baseline,No forecast trigger,169.14000000000001,0.0,0.0
2026-09-23,US,South Jordan,Utah,40.56217,-111.92966,0.0,6.3,Baseline,No forecast trigger,91.31,0.0,0.0
2026-09-23,US,Park City,Utah,40.64606,-111.49797,0.0,6.35,Baseline,No forecast trigger,72.53999999999999,0.0,0.0
2026-09-23,US,Sandy,Utah,40.59161,-111.8841,0.0,6.3,Baseline,No forecast trigger,58.64,0.0,0.0
2026-09-23,US,Burlington,Vermont,44.47588,-73.21207,0.0,5.25,Baseline,No forecast trigger,36.37,0.0,0.0
2026-09-23,US,Essex Junction,Vermont,44.49061,-73.11096,0.0,5.25,Baseline,No forecast trigger,24.2,0.0,0.0
2026-09-23,US,Hyde Park,Vermont,44.59394,-72.61651,0.0,5.3,Baseline,No forecast trigger,20.75,0.0,0.0
2026-09-23,US,South Burlington,Vermont,44.46699,-73.17096,0.0,5.25,Baseline,No forecast trigger,46.62,0.0,0.0
2026-09-23,US,Stowe,Vermont,44.46533,-72.68456,0.0,5.35,Baseline,No forecast trigger,32.36,0.0,0.0
2026-09-23,US,Seattle,Washington,47.60621,-122.33207,0.0,4.55,Baseline,No forecast trigger,1541.73,0.0,0.0
2026-09-23,US,Bellevue,Washington,47.61038,-122.20068,0.0,3.95,Baseline,No forecast trigger,296.72,0.0,0.0
2026-09-23,US,Vancouver,Washington,45.63873,-122.66149,0.0,5.1,Baseline,No forecast trigger,272.42,0.0,0.0
2026-09-23,US,Tacoma,Washington,47.25288,-122.44429,0.0,3.9,Baseline,No forecast trigger,223.86,0.0,0.0
2026-09-23,US,Milwaukee,Wisconsin,43.0389,-87.90647,0.118,0.7,Baseline,No forecast trigger,260.35,0.0,0.0
2026-09-23,US,Madison,Wisconsin,43.07305,-89.40123,0.0,1.15,Baseline,No forecast trigger,410.99,0.0,0.0
2026-09-23,US,Waukesha,Wisconsin,43.01168,-88.23148,0.02,0.65,Baseline,No forecast trigger,65.98,0.0,0.0
2026-09-23,US,Whitefish Bay,Wisconsin,43.11334,-87.90009,0.106,0.75,Baseline,No forecast trigger,67.08,0.0,0.0
2026-09-23,US,Appleton,Wisconsin,44.26193,-88.41538,0.0,4.55,Baseline,No forecast trigger,60.74,0.0,0.0
2026-09-23,US,Morgantown,West Virginia,39.62953,-79.9559,0.031,5.6,Baseline,No forecast trigger,102.16,0.0,0.0
2026-09-23,US,Charleston,West Virginia,38.34982,-81.63262,0.134,5.65,Baseline,No forecast trigger,364.17,0.0,0.0
2026-09-23,US,Hurricane,West Virginia,38.43259,-82.02014,0.173,5.35,Baseline,No forecast trigger,25.85,0.0,0.0
2026-09-23,US,Cheyenne,Wyoming,41.13998,-104.82025,0.012,5.85,Baseline,No forecast trigger,50.27,0.0,0.0
2026-09-23,US,Sheridan,Wyoming,44.79719,-106.95618,0.004,5.4,Baseline,No forecast trigger,41.14,0.0,0.0
2026-09-23,US,Rock Springs,Wyoming,41.58746,-109.2029,0.0,6.45,Baseline,No forecast trigger,32.5,0.0,0.0
2026-09-23,US,Cody,Wyoming,44.52634,-109.05653,0.0,5.85,Baseline,No forecast trigger,14.1,0.0,0.0
2026-09-23,US,Casper,Wyoming,42.86663,-106.31308,0.0,5.7,Baseline,No forecast trigger,10.32,0.0,0.0
2026-09-23,UK,London,England,51.50853,-0.12574,0.0,3.75,Baseline,No forecast trigger,226.18,0.0,0.0
2026-09-23,UK,Bristol,England,51.45523,-2.59665,0.012,3.9,Baseline,No forecast trigger,30.48,0.0,0.0
2026-09-23,UK,Sheffield,England,53.38297,-1.4659,0.154,3.9,Baseline,No forecast trigger,13.110000000000001,0.0,0.0
2026-09-23,UK,Swindon,England,51.55797,-1.78116,0.0,3.75,Baseline,No forecast trigger,15.98,0.0,0.0
2026-09-23,UK,Birmingham,England,52.48142,-1.89983,0.094,4.1,Baseline,No forecast trigger,8.75,0.0,0.0
2026-09-23,UK,Brighton,England,50.82838,-0.13947,0.0,4.0,Baseline,No forecast trigger,7.11,0.0,0.0
2026-09-23,UK,Hove,England,50.83088,-0.1672,0.0,4.0,Baseline,No forecast trigger,8.76,0.0,0.0
2026-09-23,UK,Cardiff,Wales,51.48,-3.18,0.024,4.05,Baseline,No forecast trigger,5.72,0.0,0.0
2026-09-23,UK,Aberdare,Wales,51.71438,-3.44918,0.071,4.1,Baseline,No forecast trigger,4.02,0.0,0.0
2026-09-23,UK,Clarbeston Road,Wales,51.85139,-4.88056,0.165,4.0,Baseline,No forecast trigger,1.92,0.0,0.0
2026-09-23,UK,Cwmbran,Wales,51.65446,-3.02281,0.012,4.1,Baseline,No forecast trigger,1.8900000000000001,0.0,0.0
2026-09-23,UK,Llanidloes,Wales,52.44977,-3.53997,0.118,4.05,Baseline,No forecast trigger,1.7999999999999998,0.0,0.0
2026-09-23,UK,Merthyr Tydfil,Wales,51.74794,-3.37779,0.035,4.1,Baseline,No forecast trigger,2.11,0.0,0.0
2026-09-23,UK,Port Talbot,Wales,51.59241,-3.78019,0.13,4.15,Baseline,No forecast trigger,2.2,0.0,0.0
2026-09-23,CAN,Calgary,Alberta,51.05011,-114.08529,0.0,4.15,Baseline,No forecast trigger,113.25,0.0,0.0
2026-09-23,CAN,Edmonton,Alberta,53.55014,-113.46871,0.028,3.5,Baseline,No forecast trigger,48.61,0.0,0.0
2026-09-23,CAN,St. Albert,Alberta,53.63344,-113.63533,0.028,3.55,Baseline,No forecast trigger,5.91,0.0,0.0
2026-09-23,CAN,Wainwright,Alberta,52.83482,-110.85342,0.106,3.7,Baseline,No forecast trigger,1.8499999999999999,0.0,0.0
2026-09-23,CAN,West Baptiste,Alberta,54.75016,-113.5688,0.094,3.4,Baseline,No forecast trigger,1.1,0.0,0.0
2026-09-23,CAN,Vancouver,British Columbia,49.24966,-123.11934,0.035,3.35,Baseline,No forecast trigger,256.08000000000004,0.0,0.0
2026-09-23,CAN,Victoria,British Columbia,48.4359,-123.35155,0.016,3.65,Baseline,No forecast trigger,60.489999999999995,0.0,0.0
2026-09-23,CAN,Surrey,British Columbia,49.10635,-122.82509,0.197,2.0,Baseline,No forecast trigger,80.17,0.0,0.0
2026-09-23,CAN,Burnaby,British Columbia,49.26636,-122.95263,0.039,2.7,Baseline,No forecast trigger,69.46,0.0,0.0
2026-09-23,CAN,North Vancouver,British Columbia,49.31636,-123.06934,0.031,2.9,Baseline,No forecast trigger,52.06,0.0,0.0
2026-09-23,CAN,Headingley,Manitoba,49.8753,-97.40896,0.0,4.7,Baseline,No forecast trigger,2.27,0.0,0.0
2026-09-23,CAN,Winnipeg,Manitoba,49.8844,-97.14704,0.0,4.7,Baseline,No forecast trigger,12.530000000000001,0.0,0.0
2026-09-23,CAN,Brandon,Manitoba,49.84692,-99.95306,0.0,4.25,Baseline,No forecast trigger,0.0,0.0,0.0
2026-09-23,CAN,Steinbach,Manitoba,49.52579,-96.68451,0.0,4.7,Baseline,No forecast trigger,0.0,0.0,0.0
2026-09-23,CAN,Thompson,Manitoba,55.7435,-97.85579,0.0,3.8,Baseline,No forecast trigger,0.0,0.0,0.0
2026-09-23,CAN,Moncton,New Brunswick,46.09454,-64.7965,0.0,5.0,Baseline,No forecast trigger,4.02,0.0,0.0
2026-09-23,CAN,Saint John,New Brunswick,45.27076,-66.05616,0.0,5.15,Baseline,No forecast trigger,0.0,0.0,0.0
2026-09-23,CAN,Fredericton,New Brunswick,45.94541,-66.66558,0.0,5.05,Baseline,No forecast trigger,2.55,0.0,0.0
2026-09-23,CAN,Dieppe,New Brunswick,46.07844,-64.68735,0.0,5.0,Baseline,No forecast trigger,8.41,0.0,0.0
2026-09-23,CAN,Miramichi,New Brunswick,47.02895,-65.50186,0.0,4.9,Baseline,No forecast trigger,0.0,0.0,0.0
2026-09-23,CAN,St. John'S,Newfoundland And Labrador,47.56494,-52.70931,0.0,4.75,Baseline,No forecast trigger,2.7600000000000002,0.0,0.0
2026-09-23,CAN,Mount Pearl,Newfoundland And Labrador,47.51659,-52.78135,0.0,4.8,Baseline,No forecast trigger,0.0,0.0,0.0
2026-09-23,CAN,Corner Brook,Newfoundland And Labrador,48.95001,-57.95202,0.0,4.6,Baseline,No forecast trigger,0.0,0.0,0.0
2026-09-23,CAN,Halifax,Nova Scotia,44.64269,-63.57688,0.0,5.2,Baseline,No forecast trigger,16.24,0.0,0.0
2026-09-23,CAN,Dartmouth,Nova Scotia,44.67134,-63.57719,0.0,5.2,Baseline,No forecast trigger,2.13,0.0,0.0
2026-09-23,CAN,Sydney,Nova Scotia,46.1351,-60.1831,0.0,4.95,Baseline,No forecast trigger,0.0,0.0,0.0
2026-09-23,CAN,Truro,Nova Scotia,45.36685,-63.26538,0.0,5.1,Baseline,No forecast trigger,0.0,0.0,0.0
2026-09-23,CAN,New Glasgow,Nova Scotia,45.58344,-62.64863,0.0,5.0,Baseline,No forecast trigger,0.0,0.0,0.0
2026-09-23,CAN,Yellowknife,Northwest Territories,62.45411,-114.37248,0.0,2.6,Baseline,No forecast trigger,0.0,0.0,0.0
2026-09-23,CAN,Hay River,Northwest Territories,60.81555,-115.79993,0.0,2.85,Baseline,No forecast trigger,0.0,0.0,0.0
2026-09-23,CAN,Inuvik,Northwest Territories,68.36166,-133.72816,0.024,1.8,Baseline,No forecast trigger,0.0,0.0,0.0
2026-09-23,CAN,Fort Smith,Northwest Territories,60.00439,-111.88871,0.0,2.8,Baseline,No forecast trigger,0.0,0.0,0.0
2026-09-23,CAN,Behchokǫ̀,Northwest Territories,62.8025,-116.04639,0.0,2.55,Baseline,No forecast trigger,0.0,0.0,0.0
2026-09-23,CAN,Iqaluit,Nunavut,63.74697,-68.51727,0.012,1.7,Baseline,No forecast trigger,0.0,0.0,0.0
2026-09-23,CAN,Rankin Inlet,Nunavut,62.80906,-92.08534,0.13,2.6,Baseline,No forecast trigger,0.0,0.0,0.0
2026-09-23,CAN,Baker Lake,Nunavut,64.32009,-96.02123,0.0,2.25,Baseline,No forecast trigger,0.0,0.0,0.0
2026-09-23,CAN,Cambridge Bay,Nunavut,69.11489,-105.05484,0.0,1.55,Baseline,No forecast trigger,0.0,0.0,0.0
2026-09-23,CAN,Toronto,Ontario,43.70643,-79.39864,0.0,5.1,Baseline,No forecast trigger,334.87,0.0,0.0
2026-09-23,CAN,Ottawa,Ontario,45.41117,-75.69812,0.0,4.9,Baseline,No forecast trigger,109.11,0.0,0.0
2026-09-23,CAN,Kingston,Ontario,44.22976,-76.48098,0.0,5.05,Baseline,No forecast trigger,14.34,0.0,0.0
2026-09-23,CAN,Guelph,Ontario,43.54594,-80.25599,0.0,5.2,Baseline,No forecast trigger,20.4,0.0,0.0
2026-09-23,CAN,Markham,Ontario,43.86682,-79.2663,0.0,5.1,Baseline,No forecast trigger,26.91,0.0,0.0
2026-09-23,CAN,Charlottetown,Prince Edward Island,46.23459,-63.1256,0.0,4.95,Baseline,No forecast trigger,0.0,0.0,0.0
2026-09-23,CAN,Summerside,Prince Edward Island,46.3912,-63.78869,0.0,5.0,Baseline,No forecast trigger,0.0,0.0,0.0
2026-09-23,CAN,Cornwall,Prince Edward Island,46.22652,-63.21809,0.0,4.95,Baseline,No forecast trigger,0.0,0.0,0.0
2026-09-23,CAN,Montague,Prince Edward Island,46.16681,-62.64866,0.0,4.95,Baseline,No forecast trigger,0.0,0.0,0.0
2026-09-23,CAN,Montreal,Quebec,45.50884,-73.58781,0.0,5.0,Baseline,No forecast trigger,66.46000000000001,0.0,0.0
2026-09-23,CAN,Dorval,Quebec,45.4473,-73.75335,0.0,5.0,Baseline,No forecast trigger,5.01,0.0,0.0
2026-09-23,CAN,Blainville,Quebec,45.66678,-73.88249,0.0,4.95,Baseline,No forecast trigger,7.38,0.0,0.0
2026-09-23,CAN,Brossard,Quebec,45.45008,-73.46583,0.0,5.0,Baseline,No forecast trigger,5.35,0.0,0.0
2026-09-23,CAN,Cote-Saint-Luc,Quebec,45.46536,-73.66585,0.0,5.0,Baseline,No forecast trigger,4.49,0.0,0.0
2026-09-23,CAN,Saskatoon,Saskatchewan,52.13238,-106.66892,0.0,4.4,Baseline,No forecast trigger,11.52,0.0,0.0
2026-09-23,CAN,Yellow Grass,Saskatchewan,49.80006,-104.16781,0.0,4.35,Baseline,No forecast trigger,3.1,0.0,0.0
2026-09-23,CAN,Regina,Saskatchewan,50.45008,-104.6178,0.0,4.45,Baseline,No forecast trigger,2.42,0.0,0.0
2026-09-23,CAN,Prince Albert,Saskatchewan,53.20008,-105.76772,0.0,4.2,Baseline,No forecast trigger,0.0,0.0,0.0
2026-09-23,CAN,Moose Jaw,Saskatchewan,50.40005,-105.53445,0.0,4.7,Baseline,No forecast trigger,0.0,0.0,0.0
2026-09-23,CAN,Whitehorse,Yukon,60.71611,-135.05376,0.0,2.95,Baseline,No forecast trigger,0.0,0.0,0.0
2026-09-23,CAN,Dawson City,Yukon,64.06013,-139.43327,0.0,1.6,Baseline,No forecast trigger,0.0,0.0,0.0
2026-09-23,CAN,Watson Lake,Yukon,60.06349,-128.70892,0.094,2.35,Baseline,No forecast trigger,0.0,0.0,0.0
2026-09-23,CAN,Haines Junction,Yukon,60.75216,-137.51082,0.0,2.95,Baseline,No forecast trigger,0.0,0.0,0.0
2026-09-23,CAN,Mayo,Yukon,63.59274,-135.89984,0.0,2.0,Baseline,No forecast trigger,0.0,0.0,0.0
2026-09-23,US,Coeur D'Alene,Idaho,47.6777,-116.7805,0.0,5.0,Baseline,No forecast trigger,10.11,0.0,0.0
2026-09-23,US,Eagle Mountain,Utah,40.3144,-111.9849,0.0,6.4,Baseline,No forecast trigger,13.36,0.0,0.0
2026-09-23,US,Spokane,Washington,47.6569,-117.425,0.0,5.0,Baseline,No forecast trigger,96.94,0.0,0.0
2026-09-23,UK,Swansea,Wales,51.6214,-3.9436,0.118,4.05,Baseline,No forecast trigger,1.7999999999999998,0.0,0.0
2026-09-23,CAN,Grand Falls-Windsor,Newfoundland And Labrador,48.9332,-55.6649,0.0,4.6,Baseline,No forecast trigger,0.0,0.0,0.0
2026-09-23,CAN,Paradise,Newfoundland And Labrador,47.5333,-52.9667,0.02,4.8,Baseline,No forecast trigger,2.55,0.0,0.0
2026-09-23,CAN,Stratford,Prince Edward Island,46.2153,-63.0866,0.0,4.95,Baseline,No forecast trigger,0.0,0.0,0.0
2026-09-24,US,Brooklyn,New York,40.6501,-73.94958,0.248,1.85,Scale Umbrellas,Forecast rain 0.25 in ≥ 0.20 in,3916.93,4856.99,0.254028
2026-09-24,US,Naples,Florida,26.14234,-81.79596,0.559,7.65,Scale Umbrellas,Forecast rain 0.56 in ≥ 0.20 in,762.99,2132.56,0.111536
2026-09-24,US,Honolulu,Hawaii,21.30694,-157.85834,0.496,7.35,Scale Umbrellas,Forecast rain 0.50 in ≥ 0.20 in,835.68,2072.49,0.108394
2026-09-24,US,Boca Raton,Florida,26.35869,-80.0831,1.059,7.35,Scale Umbrellas,Forecast rain 1.06 in ≥ 0.20 in,600.39,1801.17,0.094204
2026-09-24,US,Bellevue,Nebraska,41.13667,-95.89084,0.776,0.35,Scale Umbrellas,Forecast rain 0.78 in ≥ 0.20 in,296.72,890.16,0.046557
2026-09-24,US,Knoxville,Tennessee,35.96064,-83.92074,0.374,3.5,Scale Umbrellas,Forecast rain 0.37 in ≥ 0.20 in,413.12,772.53,0.040405
2026-09-24,US,Omaha,Nebraska,41.25626,-95.94043,0.744,0.35,Scale Umbrellas,Forecast rain 0.74 in ≥ 0.20 in,232.41,697.23,0.036466
2026-09-24,US,Edmond,Oklahoma,35.65283,-97.4781,0.295,6.4,Scale Umbrellas,Forecast rain 0.29 in ≥ 0.20 in,380.66,561.47,0.029366
2026-09-24,US,Bronx,New York,40.84985,-73.86641,0.236,2.05,Scale Umbrellas,Forecast rain 0.24 in ≥ 0.20 in,453.86,535.55,0.02801
2026-09-24,US,Charleston,West Virginia,38.34982,-81.63262,0.209,2.4,Scale Umbrellas,Forecast rain 0.21 in ≥ 0.20 in,364.17,380.56,0.019904
2026-09-24,US,Kailua,Hawaii,21.40241,-157.74054,1.618,7.3,Scale Umbrellas,Forecast rain 1.62 in ≥ 0.20 in,115.81,347.43,0.018171
2026-09-24,US,Wichita,Kansas,37.69224,-97.33754,0.295,4.15,Scale Umbrellas,Forecast rain 0.29 in ≥ 0.20 in,232.9,343.53,0.017967
2026-09-24,US,Kaneohe,Hawaii,21.39994,-157.79895,1.618,7.35,Scale Umbrellas,Forecast rain 1.62 in ≥ 0.20 in,106.22,318.66,0.016666
2026-09-24,US,Lincoln,Nebraska,40.8,-96.66696,0.626,0.4,Scale Umbrellas,Forecast rain 0.63 in ≥ 0.20 in,106.0,318.0,0.016632
2026-09-24,US,Norman,Oklahoma,35.22257,-97.43948,0.551,6.5,Scale Umbrellas,Forecast rain 0.55 in ≥ 0.20 in,114.31,314.92,0.016471
2026-09-24,US,Astoria,New York,40.77205,-73.93014,0.201,1.8,Scale Umbrellas,Forecast rain 0.20 in ≥ 0.20 in,273.25,274.62,0.014363
2026-09-24,US,Ewa Beach,Hawaii,21.31556,-158.00722,0.331,7.45,Scale Umbrellas,Forecast rain 0.33 in ≥ 0.20 in,165.22,273.44,0.014301
2026-09-24,US,Oklahoma City,Oklahoma,35.46756,-97.51643,0.22,6.55,Scale Umbrellas,Forecast rain 0.22 in ≥ 0.20 in,229.98,252.98,0.013231
2026-09-24,US,Mililani,Hawaii,21.4504,-158.01503,0.484,6.15,Scale Umbrellas,Forecast rain 0.48 in ≥ 0.20 in,89.56,216.74,0.011336
2026-09-24,US,Fairfield,Connecticut,41.14121,-73.26373,0.272,2.65,Scale Umbrellas,Forecast rain 0.27 in ≥ 0.20 in,155.76,211.83,0.011079
2026-09-24,US,Elkhorn,Nebraska,41.345,-96.256,0.665,0.3,Scale Umbrellas,Forecast rain 0.67 in ≥ 0.20 in,58.6,175.8,0.009195
2026-09-24,US,Providence,Rhode Island,41.82399,-71.41283,0.224,1.4,Scale Umbrellas,Forecast rain 0.22 in ≥ 0.20 in,147.89000000000001,165.64,0.008663
2026-09-24,US,West Des Moines,Iowa,41.57721,-93.71133,0.618,1.35,Scale Umbrellas,Forecast rain 0.62 in ≥ 0.20 in,55.04,165.12,0.008636
2026-09-24,US,Des Moines,Iowa,41.60054,-93.60911,0.433,1.5,Scale Umbrellas,Forecast rain 0.43 in ≥ 0.20 in,67.94,147.09,0.007693
2026-09-24,US,Lewes,Delaware,38.77456,-75.13935,0.272,0.75,Scale Umbrellas,Forecast rain 0.27 in ≥ 0.20 in,92.15,125.32,0.006554
2026-09-24,US,Papillion,Nebraska,41.15444,-96.04224,0.744,0.3,Scale Umbrellas,Forecast rain 0.74 in ≥ 0.20 in,37.15,111.45,0.005829
2026-09-24,US,Berkley,Massachusetts,41.84593,-71.08282,0.201,1.25,Scale Umbrellas,Forecast rain 0.20 in ≥ 0.20 in,104.64,105.16,0.0055
2026-09-24,US,Fargo,North Dakota,46.87719,-96.7898,0.283,0.5,Scale Umbrellas,Forecast rain 0.28 in ≥ 0.20 in,65.82,93.14,0.004871
2026-09-24,US,Barrington,Rhode Island,41.74066,-71.30866,0.236,1.25,Scale Umbrellas,Forecast rain 0.24 in ≥ 0.20 in,78.64,92.8,0.004854
2026-09-24,US,East Greenwich,Rhode Island,41.66038,-71.45589,0.307,1.15,Scale Umbrellas,Forecast rain 0.31 in ≥ 0.20 in,36.96,56.73,0.002967
2026-09-24,US,Warwick,Rhode Island,41.7001,-71.41617,0.236,1.25,Scale Umbrellas,Forecast rain 0.24 in ≥ 0.20 in,46.92,55.37,0.002896
2026-09-24,US,West Fargo,North Dakota,46.87497,-96.90036,0.26,0.75,Scale Umbrellas,Forecast rain 0.26 in ≥ 0.20 in,39.59,51.47,0.002692
2026-09-24,US,Cranston,Rhode Island,41.77982,-71.43728,0.236,1.3,Scale Umbrellas,Forecast rain 0.24 in ≥ 0.20 in,41.57,49.05,0.002565
2026-09-24,US,Ames,Iowa,42.03471,-93.61994,0.201,2.4,Scale Umbrellas,Forecast rain 0.20 in ≥ 0.20 in,47.92,48.16,0.002519
2026-09-24,US,Hurricane,West Virginia,38.43259,-82.02014,0.224,2.2,Scale Umbrellas,Forecast rain 0.22 in ≥ 0.20 in,25.85,28.95,0.001514
2026-09-24,CAN,Arviat,Nunavut,61.10883,-94.05848,0.453,1.0,Scale Umbrellas,Forecast rain 0.45 in ≥ 0.20 in,0.0,25.65,0.001342
2026-09-24,CAN,Yellowknife,Northwest Territories,62.45411,-114.37248,0.268,1.65,Scale Umbrellas,Forecast rain 0.27 in ≥ 0.20 in,0.0,15.18,0.000794
2026-09-24,CAN,Behchokǫ̀,Northwest Territories,62.8025,-116.04639,0.24,2.05,Scale Umbrellas,Forecast rain 0.24 in ≥ 0.20 in,0.0,13.59,0.000711
2026-09-24,CAN,Thompson,Manitoba,55.7435,-97.85579,0.201,3.4,Scale Umbrellas,Forecast rain 0.20 in ≥ 0.20 in,0.0,11.38,0.000595
2026-09-24,US,Grand Forks,North Dakota,47.92526,-97.03285,0.224,0.4,Scale Umbrellas,Forecast rain 0.22 in ≥ 0.20 in,8.92,9.99,0.000522
2026-09-24,US,Anchorage,Alaska,61.21806,-149.90028,0.004,2.45,Baseline,No forecast trigger,76.25,0.0,0.0
2026-09-24,US,Fairbanks,Alaska,64.83778,-147.71638,0.0,1.85,Baseline,No forecast trigger,22.16,0.0,0.0
2026-09-24,US,Sitka,Alaska,57.05315,-135.33089,0.13,2.75,Baseline,No forecast trigger,16.05,0.0,0.0
2026-09-24,US,Cordova,Alaska,60.5432,-145.75867,0.035,2.75,Baseline,No forecast trigger,29.560000000000002,0.0,0.0
2026-09-24,US,Wasilla,Alaska,61.5809,-149.4415,0.0,2.35,Baseline,No forecast trigger,9.92,0.0,0.0
2026-09-24,US,Birmingham,Alabama,33.52066,-86.80249,0.02,6.5,Baseline,No forecast trigger,372.08000000000004,0.0,0.0
2026-09-24,US,Huntsville,Alabama,34.7304,-86.58594,0.016,5.9,Baseline,No forecast trigger,297.28,0.0,0.0
2026-09-24,US,Mobile,Alabama,30.69436,-88.04305,0.031,6.95,Baseline,No forecast trigger,162.07999999999998,0.0,0.0
2026-09-24,US,Madison,Alabama,34.69926,-86.74833,0.012,5.2,Baseline,No forecast trigger,410.99,0.0,0.0
2026-09-24,US,Fairhope,Alabama,30.52297,-87.90333,0.024,6.55,Baseline,No forecast trigger,98.15,0.0,0.0
2026-09-24,US,Little Rock,Arkansas,34.74648,-92.28959,0.0,6.05,Baseline,No forecast trigger,255.9,0.0,0.0
2026-09-24,US,Jonesboro,Arkansas,35.8423,-90.70428,0.0,6.2,Baseline,No forecast trigger,94.24,0.0,0.0
2026-09-24,US,Bentonville,Arkansas,36.37285,-94.20882,0.012,3.35,Baseline,No forecast trigger,139.7,0.0,0.0
2026-09-24,US,Fayetteville,Arkansas,36.06258,-94.15743,0.0,4.9,Baseline,No forecast trigger,94.36999999999999,0.0,0.0
2026-09-24,US,Rogers,Arkansas,36.33202,-94.11854,0.0,3.6,Baseline,No forecast trigger,102.64,0.0,0.0
2026-09-24,US,Phoenix,Arizona,33.44838,-112.07404,0.0,7.1,Baseline,No forecast trigger,459.78999999999996,0.0,0.0
2026-09-24,US,Tucson,Arizona,32.22174,-110.92648,0.059,7.35,Baseline,No forecast trigger,402.63,0.0,0.0
2026-09-24,US,Scottsdale,Arizona,33.50921,-111.89903,0.0,7.1,Baseline,No forecast trigger,373.86,0.0,0.0
2026-09-24,US,Gilbert,Arizona,33.35283,-111.78903,0.0,7.1,Baseline,No forecast trigger,134.3,0.0,0.0
2026-09-24,US,Mesa,Arizona,33.42227,-111.82264,0.0,7.1,Baseline,No forecast trigger,138.07999999999998,0.0,0.0
2026-09-24,US,Los Angeles,California,34.05223,-118.24368,0.0,6.85,Baseline,No forecast trigger,2423.83,0.0,0.0
2026-09-24,US,San Francisco,California,37.77493,-122.41942,0.0,5.75,Baseline,No forecast trigger,2496.73,0.0,0.0
2026-09-24,US,San Diego,California,32.71571,-117.16472,0.0,7.0,Baseline,No forecast trigger,1237.81,0.0,0.0
2026-09-24,US,San Jose,California,37.33939,-121.89496,0.0,6.35,Baseline,No forecast trigger,981.03,0.0,0.0
2026-09-24,US,Oakland,California,37.80437,-122.2708,0.0,5.8,Baseline,No forecast trigger,669.47,0.0,0.0
2026-09-24,US,Denver,Colorado,39.73915,-104.9847,0.0,6.55,Baseline,No forecast trigger,562.38,0.0,0.0
2026-09-24,US,Colorado Springs,Colorado,38.83388,-104.82136,0.0,4.5,Baseline,No forecast trigger,290.65000000000003,0.0,0.0
2026-09-24,US,Littleton,Colorado,39.61332,-105.01665,0.0,6.55,Baseline,No forecast trigger,163.32,0.0,0.0
2026-09-24,US,Aurora,Colorado,39.72943,-104.83192,0.0,6.55,Baseline,No forecast trigger,134.32,0.0,0.0
2026-09-24,US,Fort Collins,Colorado,40.58526,-105.08442,0.0,6.45,Baseline,No forecast trigger,139.49,0.0,0.0
2026-09-24,US,Norwalk,Connecticut,41.1176,-73.4079,0.177,2.55,Baseline,No forecast trigger,136.45,0.0,0.0
2026-09-24,US,Greenwich,Connecticut,41.02649,-73.62846,0.142,2.35,Baseline,No forecast trigger,421.93,0.0,0.0
2026-09-24,US,Stamford,Connecticut,41.05343,-73.53873,0.142,2.35,Baseline,No forecast trigger,162.43,0.0,0.0
2026-09-24,US,New Canaan,Connecticut,41.14676,-73.49484,0.154,2.75,Baseline,No forecast trigger,167.03,0.0,0.0
2026-09-24,US,Wilmington,Delaware,39.74595,-75.54659,0.012,1.0,Baseline,No forecast trigger,591.95,0.0,0.0
2026-09-24,US,New Castle,Delaware,39.65948,-75.56359,0.012,1.05,Baseline,No forecast trigger,98.9,0.0,0.0
2026-09-24,US,Newark,Delaware,39.68372,-75.74966,0.024,1.0,Baseline,No forecast trigger,107.28,0.0,0.0
2026-09-24,US,Middletown,Delaware,39.44956,-75.71632,0.024,0.8,Baseline,No forecast trigger,47.87,0.0,0.0
2026-09-24,US,Miami,Florida,25.77427,-80.19366,0.189,7.55,Baseline,No forecast trigger,2709.77,0.0,0.0
2026-09-24,US,Orlando,Florida,28.53834,-81.37924,0.012,5.65,Baseline,No forecast trigger,977.27,0.0,0.0
2026-09-24,US,Tampa,Florida,27.94752,-82.45843,0.0,7.4,Baseline,No forecast trigger,696.35,0.0,0.0
2026-09-24,US,Atlanta,Georgia,33.749,-84.38798,0.035,3.75,Baseline,No forecast trigger,1204.27,0.0,0.0
2026-09-24,US,Marietta,Georgia,33.9526,-84.54993,0.047,3.15,Baseline,No forecast trigger,563.3,0.0,0.0
2026-09-24,US,Savannah,Georgia,32.08354,-81.09983,0.0,5.4,Baseline,No forecast trigger,320.40000000000003,0.0,0.0
2026-09-24,US,Alpharetta,Georgia,34.07538,-84.29409,0.035,3.25,Baseline,No forecast trigger,264.8,0.0,0.0
2026-09-24,US,Decatur,Georgia,33.77483,-84.29631,0.024,4.0,Baseline,No forecast trigger,199.81,0.0,0.0
2026-09-24,US,Cedar Rapids,Iowa,42.00833,-91.64407,0.114,2.8,Baseline,No forecast trigger,99.48,0.0,0.0
2026-09-24,US,Iowa City,Iowa,41.66113,-91.53017,0.079,2.8,Baseline,No forecast trigger,72.6,0.0,0.0
2026-09-24,US,Boise,Idaho,43.6135,-116.20345,0.0,5.45,Baseline,No forecast trigger,166.37,0.0,0.0
2026-09-24,US,Meridian,Idaho,43.61211,-116.39151,0.0,5.3,Baseline,No forecast trigger,98.59,0.0,0.0
2026-09-24,US,Eagle,Idaho,43.69544,-116.35401,0.0,5.3,Baseline,No forecast trigger,45.19,0.0,0.0
2026-09-24,US,Kuna,Idaho,43.49183,-116.42012,0.0,5.5,Baseline,No forecast trigger,75.89999999999999,0.0,0.0
2026-09-24,US,Chicago,Illinois,41.85003,-87.65005,0.016,3.45,Baseline,No forecast trigger,2943.2799999999997,0.0,0.0
2026-09-24,US,Naperville,Illinois,41.78586,-88.14729,0.0,2.55,Baseline,No forecast trigger,303.12,0.0,0.0
2026-09-24,US,Evanston,Illinois,42.04114,-87.69006,0.031,3.35,Baseline,No forecast trigger,177.62,0.0,0.0
2026-09-24,US,Wilmette,Illinois,42.07225,-87.72284,0.067,2.9,Baseline,No forecast trigger,164.29000000000002,0.0,0.0
2026-09-24,US,Downers Grove,Illinois,41.80892,-88.01117,0.0,2.9,Baseline,No forecast trigger,144.54,0.0,0.0
2026-09-24,US,Indianapolis,Indiana,39.76838,-86.15804,0.0,1.9,Baseline,No forecast trigger,482.22,0.0,0.0
2026-09-24,US,Carmel,Indiana,39.97837,-86.11804,0.0,1.5,Baseline,No forecast trigger,271.69,0.0,0.0
2026-09-24,US,Fort Wayne,Indiana,41.1306,-85.12886,0.012,1.4,Baseline,No forecast trigger,204.32,0.0,0.0
2026-09-24,US,Bloomington,Indiana,39.16533,-86.52639,0.0,3.15,Baseline,No forecast trigger,147.0,0.0,0.0
2026-09-24,US,West Lafayette,Indiana,40.42587,-86.90807,0.0,2.0,Baseline,No forecast trigger,91.86,0.0,0.0
2026-09-24,US,Overland Park,Kansas,38.98223,-94.67079,0.098,1.65,Baseline,No forecast trigger,217.21,0.0,0.0
2026-09-24,US,Olathe,Kansas,38.8814,-94.81913,0.051,2.0,Baseline,No forecast trigger,116.0,0.0,0.0
2026-09-24,US,Lawrence,Kansas,38.97167,-95.23525,0.11,2.05,Baseline,No forecast trigger,70.14,0.0,0.0
2026-09-24,US,Leawood,Kansas,38.96667,-94.6169,0.075,1.65,Baseline,No forecast trigger,64.51,0.0,0.0
2026-09-24,US,Louisville,Kentucky,38.25424,-85.75941,0.0,5.45,Baseline,No forecast trigger,525.05,0.0,0.0
2026-09-24,US,Lexington,Kentucky,37.98869,-84.47772,0.008,2.8,Baseline,No forecast trigger,362.01000000000005,0.0,0.0
2026-09-24,US,Bowling Green,Kentucky,36.99032,-86.4436,0.0,5.7,Baseline,No forecast trigger,68.25,0.0,0.0
2026-09-24,US,Paducah,Kentucky,37.08339,-88.60005,0.0,5.9,Baseline,No forecast trigger,83.11,0.0,0.0
2026-09-24,US,Middlesboro,Kentucky,36.60842,-83.71658,0.142,2.15,Baseline,No forecast trigger,22.69,0.0,0.0
2026-09-24,US,Baton Rouge,Louisiana,30.44332,-91.18747,0.0,6.75,Baseline,No forecast trigger,417.5,0.0,0.0
2026-09-24,US,New Orleans,Louisiana,29.95465,-90.07507,0.0,7.25,Baseline,No forecast trigger,322.7,0.0,0.0
2026-09-24,US,Lafayette,Louisiana,30.22409,-92.01984,0.0,6.65,Baseline,No forecast trigger,244.69,0.0,0.0
2026-09-24,US,Shreveport,Louisiana,32.52515,-93.75018,0.0,7.05,Baseline,No forecast trigger,290.65,0.0,0.0
2026-09-24,US,Metairie,Louisiana,29.98409,-90.15285,0.0,7.25,Baseline,No forecast trigger,149.57999999999998,0.0,0.0
2026-09-24,US,Reading,Massachusetts,42.52565,-71.09533,0.0,2.8,Baseline,No forecast trigger,951.13,0.0,0.0
2026-09-24,US,Boston,Massachusetts,42.35843,-71.05977,0.035,2.0,Baseline,No forecast trigger,994.42,0.0,0.0
2026-09-24,US,Cambridge,Massachusetts,42.3751,-71.10561,0.035,2.0,Baseline,No forecast trigger,357.35,0.0,0.0
2026-09-24,US,Somerville,Massachusetts,42.3876,-71.0995,0.035,2.0,Baseline,No forecast trigger,182.65,0.0,0.0
2026-09-24,US,Baltimore,Maryland,39.29038,-76.61219,0.047,0.65,Baseline,No forecast trigger,371.93,0.0,0.0
2026-09-24,US,Bethesda,Maryland,38.98067,-77.10026,0.012,1.05,Baseline,No forecast trigger,388.47,0.0,0.0
2026-09-24,US,Silver Spring,Maryland,38.99067,-77.02609,0.024,0.95,Baseline,No forecast trigger,220.5,0.0,0.0
2026-09-24,US,Rockville,Maryland,39.084,-77.15276,0.012,1.0,Baseline,No forecast trigger,205.82,0.0,0.0
2026-09-24,US,Annapolis,Maryland,38.97859,-76.49184,0.0,1.25,Baseline,No forecast trigger,193.67,0.0,0.0
2026-09-24,US,Portland,Maine,43.65737,-70.2589,0.0,4.85,Baseline,No forecast trigger,1114.68,0.0,0.0
2026-09-24,US,Scarborough,Maine,43.57814,-70.32172,0.0,4.85,Baseline,No forecast trigger,60.37,0.0,0.0
2026-09-24,US,Falmouth,Maine,43.72953,-70.24199,0.0,4.85,Baseline,No forecast trigger,41.55,0.0,0.0
2026-09-24,US,Bangor,Maine,44.79884,-68.77265,0.0,4.7,Baseline,No forecast trigger,29.74,0.0,0.0
2026-09-24,US,Eliot,Maine,43.15314,-70.80006,0.0,4.7,Baseline,No forecast trigger,23.41,0.0,0.0
2026-09-24,US,Ann Arbor,Michigan,42.27756,-83.74088,0.0,2.55,Baseline,No forecast trigger,275.62,0.0,0.0
2026-09-24,US,Grand Rapids,Michigan,42.96336,-85.66809,0.0,3.0,Baseline,No forecast trigger,302.26,0.0,0.0
2026-09-24,US,Bloomfield Hills,Michigan,42.58364,-83.24549,0.008,2.85,Baseline,No forecast trigger,181.23,0.0,0.0
2026-09-24,US,Plymouth,Michigan,42.37143,-83.47021,0.0,2.55,Baseline,No forecast trigger,230.03,0.0,0.0
2026-09-24,US,Macomb,Michigan,42.70087,-82.95909,0.004,3.0,Baseline,No forecast trigger,93.54,0.0,0.0
2026-09-24,US,Minneapolis,Minnesota,44.97997,-93.26384,0.0,2.35,Baseline,No forecast trigger,522.84,0.0,0.0
2026-09-24,US,Saint Paul,Minnesota,44.94441,-93.09327,0.0,2.3,Baseline,No forecast trigger,263.32,0.0,0.0
2026-09-24,US,Plymouth,Minnesota,45.01052,-93.45551,0.0,2.55,Baseline,No forecast trigger,230.03,0.0,0.0
2026-09-24,US,Minnetonka,Minnesota,44.9133,-93.50329,0.0,2.5,Baseline,No forecast trigger,67.31,0.0,0.0
2026-09-24,US,Eden Prairie,Minnesota,44.85469,-93.47079,0.0,2.55,Baseline,No forecast trigger,81.93,0.0,0.0
2026-09-24,US,Saint Louis,Missouri,38.65174,-90.20525,0.0,5.75,Baseline,No forecast trigger,503.97999999999996,0.0,0.0
2026-09-24,US,Kansas City,Missouri,39.09973,-94.57857,0.126,1.7,Baseline,No forecast trigger,295.01,0.0,0.0
2026-09-24,US,Chesterfield,Missouri,38.66311,-90.57707,0.0,5.7,Baseline,No forecast trigger,154.27,0.0,0.0
2026-09-24,US,Saint Charles,Missouri,38.78394,-90.48123,0.0,5.7,Baseline,No forecast trigger,112.03,0.0,0.0
2026-09-24,US,Springfield,Missouri,37.21533,-93.29824,0.0,5.05,Baseline,No forecast trigger,113.33,0.0,0.0
2026-09-24,US,Madison,Mississippi,32.46181,-90.11536,0.0,6.25,Baseline,No forecast trigger,410.99,0.0,0.0
2026-09-24,US,Gulfport,Mississippi,30.36742,-89.09282,0.0,6.75,Baseline,No forecast trigger,65.27,0.0,0.0
2026-09-24,US,Hattiesburg,Mississippi,31.32712,-89.29034,0.0,6.35,Baseline,No forecast trigger,35.83,0.0,0.0
2026-09-24,US,Jackson,Mississippi,32.29876,-90.18481,0.0,5.95,Baseline,No forecast trigger,40.010000000000005,0.0,0.0
2026-09-24,US,Southaven,Mississippi,34.98898,-90.01259,0.0,6.2,Baseline,No forecast trigger,42.06,0.0,0.0
2026-09-24,US,Bozeman,Montana,45.67965,-111.03856,0.0,5.5,Baseline,No forecast trigger,49.2,0.0,0.0
2026-09-24,US,Billings,Montana,45.78329,-108.50069,0.0,5.5,Baseline,No forecast trigger,63.75,0.0,0.0
2026-09-24,US,Great Falls,Montana,47.50024,-111.30081,0.0,5.2,Baseline,No forecast trigger,29.419999999999998,0.0,0.0
2026-09-24,US,Missoula,Montana,46.87215,-113.994,0.0,5.3,Baseline,No forecast trigger,28.06,0.0,0.0
2026-09-24,US,Kalispell,Montana,48.19579,-114.31291,0.0,4.8,Baseline,No forecast trigger,36.16,0.0,0.0
2026-09-24,US,Charlotte,North Carolina,35.22709,-80.84313,0.028,3.2,Baseline,No forecast trigger,1057.24,0.0,0.0
2026-09-24,US,Raleigh,North Carolina,35.7721,-78.63861,0.004,3.8,Baseline,No forecast trigger,673.03,0.0,0.0
2026-09-24,US,Durham,North Carolina,35.99403,-78.89862,0.028,2.9,Baseline,No forecast trigger,223.35999999999999,0.0,0.0
2026-09-24,US,Wilmington,North Carolina,34.23556,-77.94604,0.0,4.65,Baseline,No forecast trigger,591.95,0.0,0.0
2026-09-24,US,Chapel Hill,North Carolina,35.9132,-79.05584,0.031,4.5,Baseline,No forecast trigger,234.24,0.0,0.0
2026-09-24,US,Bismarck,North Dakota,46.80833,-100.78374,0.0,2.8,Baseline,No forecast trigger,27.36,0.0,0.0
2026-09-24,US,Dickinson,North Dakota,46.87918,-102.78962,0.0,5.05,Baseline,No forecast trigger,26.21,0.0,0.0
2026-09-24,US,Manchester,New Hampshire,42.99564,-71.45479,0.0,3.75,Baseline,No forecast trigger,84.45,0.0,0.0
2026-09-24,US,Nashua,New Hampshire,42.76537,-71.46757,0.0,3.4,Baseline,No forecast trigger,85.91,0.0,0.0
2026-09-24,US,Hampton,New Hampshire,42.93759,-70.83894,0.0,2.55,Baseline,No forecast trigger,58.470000000000006,0.0,0.0
2026-09-24,US,Portsmouth,New Hampshire,43.07704,-70.75766,0.0,3.45,Baseline,No forecast trigger,51.69,0.0,0.0
2026-09-24,US,Exeter,New Hampshire,42.98148,-70.94783,0.0,2.75,Baseline,No forecast trigger,37.24,0.0,0.0
2026-09-24,US,Jersey City,New Jersey,40.72816,-74.07764,0.154,1.9,Baseline,No forecast trigger,586.88,0.0,0.0
2026-09-24,US,Hoboken,New Jersey,40.74399,-74.03236,0.154,1.9,Baseline,No forecast trigger,303.13,0.0,0.0
2026-09-24,US,Morristown,New Jersey,40.79677,-74.48154,0.0,2.6,Baseline,No forecast trigger,202.98999999999998,0.0,0.0
2026-09-24,US,Westfield,New Jersey,40.65899,-74.34737,0.083,2.05,Baseline,No forecast trigger,185.79,0.0,0.0
2026-09-24,US,Princeton,New Jersey,40.34872,-74.65905,0.0,1.75,Baseline,No forecast trigger,151.32999999999998,0.0,0.0
2026-09-24,US,Albuquerque,New Mexico,35.08449,-106.65114,0.0,6.8,Baseline,No forecast trigger,311.62,0.0,0.0
2026-09-24,US,Santa Fe,New Mexico,35.68698,-105.9378,0.012,6.9,Baseline,No forecast trigger,101.49000000000001,0.0,0.0
2026-09-24,US,Las Cruces,New Mexico,32.31232,-106.77834,0.028,6.55,Baseline,No forecast trigger,71.61,0.0,0.0
2026-09-24,US,Tijeras,New Mexico,35.08088,-106.38808,0.031,6.6,Baseline,No forecast trigger,28.75,0.0,0.0
2026-09-24,US,Los Alamos,New Mexico,35.88808,-106.30697,0.004,7.5,Baseline,No forecast trigger,32.22,0.0,0.0
2026-09-24,US,Henderson,Nevada,36.0397,-114.98194,0.0,6.55,Baseline,No forecast trigger,221.68,0.0,0.0
2026-09-24,US,Las Vegas,Nevada,36.17497,-115.13722,0.0,7.0,Baseline,No forecast trigger,602.71,0.0,0.0
2026-09-24,US,Reno,Nevada,39.52963,-119.8138,0.0,5.9,Baseline,No forecast trigger,198.0,0.0,0.0
2026-09-24,US,Carson City,Nevada,39.1638,-119.7674,0.0,6.25,Baseline,No forecast trigger,22.23,0.0,0.0
2026-09-24,US,North Las Vegas,Nevada,36.19886,-115.1175,0.0,6.85,Baseline,No forecast trigger,21.009999999999998,0.0,0.0
2026-09-24,US,New York,New York,40.71427,-74.00597,0.154,1.9,Baseline,No forecast trigger,7823.84,0.0,0.0
2026-09-24,US,Staten Island,New York,40.56233,-74.13986,0.13,2.2,Baseline,No forecast trigger,497.68,0.0,0.0
2026-09-24,US,Cincinnati,Ohio,39.12711,-84.51439,0.0,2.9,Baseline,No forecast trigger,743.62,0.0,0.0
2026-09-24,US,Columbus,Ohio,39.96118,-82.99879,0.11,2.6,Baseline,No forecast trigger,620.78,0.0,0.0
2026-09-24,US,Dayton,Ohio,39.75895,-84.19161,0.024,1.75,Baseline,No forecast trigger,236.76,0.0,0.0
2026-09-24,US,Dublin,Ohio,40.09923,-83.11408,0.126,2.45,Baseline,No forecast trigger,163.25,0.0,0.0
2026-09-24,US,Cleveland,Ohio,41.4995,-81.69541,0.047,4.2,Baseline,No forecast trigger,150.06,0.0,0.0
2026-09-24,US,Tulsa,Oklahoma,36.15398,-95.99277,0.012,5.15,Baseline,No forecast trigger,450.78,0.0,0.0
2026-09-24,US,Broken Arrow,Oklahoma,36.0526,-95.79082,0.0,4.95,Baseline,No forecast trigger,88.45,0.0,0.0
2026-09-24,US,Portland,Oregon,45.52345,-122.67621,0.0,4.6,Baseline,No forecast trigger,1114.68,0.0,0.0
2026-09-24,US,Lake Oswego,Oregon,45.42067,-122.67065,0.0,4.6,Baseline,No forecast trigger,180.67999999999998,0.0,0.0
2026-09-24,US,Beaverton,Oregon,45.48706,-122.80371,0.0,4.6,Baseline,No forecast trigger,120.91,0.0,0.0
2026-09-24,US,Eugene,Oregon,44.05207,-123.08675,0.0,4.8,Baseline,No forecast trigger,128.59,0.0,0.0
2026-09-24,US,Salem,Oregon,44.9429,-123.0351,0.0,4.85,Baseline,No forecast trigger,105.42,0.0,0.0
2026-09-24,US,Philadelphia,Pennsylvania,39.95238,-75.16362,0.0,1.9,Baseline,No forecast trigger,1092.95,0.0,0.0
2026-09-24,US,Pittsburgh,Pennsylvania,40.44062,-79.99589,0.012,5.25,Baseline,No forecast trigger,679.83,0.0,0.0
2026-09-24,US,Lancaster,Pennsylvania,40.03788,-76.30551,0.012,0.7,Baseline,No forecast trigger,180.85,0.0,0.0
2026-09-24,US,West Chester,Pennsylvania,39.96097,-75.60804,0.0,1.35,Baseline,No forecast trigger,175.43,0.0,0.0
2026-09-24,US,Doylestown,Pennsylvania,40.31011,-75.12989,0.0,2.0,Baseline,No forecast trigger,162.19,0.0,0.0
2026-09-24,US,Greenville,South Carolina,34.85262,-82.39401,0.012,1.95,Baseline,No forecast trigger,359.23,0.0,0.0
2026-09-24,US,Charleston,South Carolina,32.77632,-79.93275,0.0,6.0,Baseline,No forecast trigger,364.17,0.0,0.0
2026-09-24,US,Mount Pleasant,South Carolina,32.79407,-79.86259,0.0,6.0,Baseline,No forecast trigger,211.1,0.0,0.0
2026-09-24,US,Columbia,South Carolina,34.00071,-81.03481,0.0,4.1,Baseline,No forecast trigger,230.48999999999998,0.0,0.0
2026-09-24,US,Myrtle Beach,South Carolina,33.68906,-78.88669,0.0,6.2,Baseline,No forecast trigger,246.49,0.0,0.0
2026-09-24,US,Sioux Falls,South Dakota,43.54997,-96.70033,0.177,1.05,Baseline,No forecast trigger,60.74,0.0,0.0
2026-09-24,US,Rapid City,South Dakota,44.08054,-103.23101,0.0,5.8,Baseline,No forecast trigger,31.86,0.0,0.0
2026-09-24,US,Lennox,South Dakota,43.35415,-96.892,0.165,0.95,Baseline,No forecast trigger,18.65,0.0,0.0
2026-09-24,US,Madison,South Dakota,44.00608,-97.11395,0.091,1.6,Baseline,No forecast trigger,410.99,0.0,0.0
2026-09-24,US,Aberdeen,South Dakota,45.4647,-98.48648,0.189,2.7,Baseline,No forecast trigger,8.59,0.0,0.0
2026-09-24,US,Nashville,Tennessee,36.16589,-86.78444,0.0,5.95,Baseline,No forecast trigger,709.8,0.0,0.0
2026-09-24,US,Memphis,Tennessee,35.14953,-90.04898,0.0,6.0,Baseline,No forecast trigger,320.84,0.0,0.0
2026-09-24,US,Franklin,Tennessee,35.92506,-86.86889,0.0,5.95,Baseline,No forecast trigger,301.59000000000003,0.0,0.0
2026-09-24,US,Chattanooga,Tennessee,35.04563,-85.30968,0.047,3.15,Baseline,No forecast trigger,183.88,0.0,0.0
2026-09-24,US,Houston,Texas,29.76328,-95.36327,0.0,7.6,Baseline,No forecast trigger,2773.2400000000002,0.0,0.0
2026-09-24,US,Austin,Texas,30.26715,-97.74306,0.0,7.45,Baseline,No forecast trigger,1550.3,0.0,0.0
2026-09-24,US,Dallas,Texas,32.78306,-96.80667,0.094,6.65,Baseline,No forecast trigger,1503.73,0.0,0.0
2026-09-24,US,San Antonio,Texas,29.42412,-98.49363,0.0,7.7,Baseline,No forecast trigger,767.21,0.0,0.0
2026-09-24,US,Fort Worth,Texas,32.72541,-97.32085,0.11,7.2,Baseline,No forecast trigger,625.93,0.0,0.0
2026-09-24,US,Salt Lake City,Utah,40.76078,-111.89105,0.0,6.2,Baseline,No forecast trigger,169.14000000000001,0.0,0.0
2026-09-24,US,South Jordan,Utah,40.56217,-111.92966,0.0,6.25,Baseline,No forecast trigger,91.31,0.0,0.0
2026-09-24,US,Park City,Utah,40.64606,-111.49797,0.0,6.35,Baseline,No forecast trigger,72.53999999999999,0.0,0.0
2026-09-24,US,Sandy,Utah,40.59161,-111.8841,0.0,6.25,Baseline,No forecast trigger,58.64,0.0,0.0
2026-09-24,US,Alexandria,Virginia,38.80484,-77.04692,0.012,1.0,Baseline,No forecast trigger,848.47,0.0,0.0
2026-09-24,US,Arlington,Virginia,38.88101,-77.10428,0.012,1.05,Baseline,No forecast trigger,608.93,0.0,0.0
2026-09-24,US,Virginia Beach,Virginia,36.85293,-75.97799,0.134,1.55,Baseline,No forecast trigger,478.81,0.0,0.0
2026-09-24,US,Richmond,Virginia,37.55376,-77.46026,0.004,1.55,Baseline,No forecast trigger,471.04999999999995,0.0,0.0
2026-09-24,US,Fairfax,Virginia,38.84622,-77.30637,0.0,1.35,Baseline,No forecast trigger,293.86,0.0,0.0
2026-09-24,US,Burlington,Vermont,44.47588,-73.21207,0.0,4.5,Baseline,No forecast trigger,36.37,0.0,0.0
2026-09-24,US,Essex Junction,Vermont,44.49061,-73.11096,0.0,4.5,Baseline,No forecast trigger,24.2,0.0,0.0
2026-09-24,US,Hyde Park,Vermont,44.59394,-72.61651,0.0,4.5,Baseline,No forecast trigger,20.75,0.0,0.0
2026-09-24,US,South Burlington,Vermont,44.46699,-73.17096,0.0,4.5,Baseline,No forecast trigger,46.62,0.0,0.0
2026-09-24,US,Stowe,Vermont,44.46533,-72.68456,0.0,4.5,Baseline,No forecast trigger,32.36,0.0,0.0
2026-09-24,US,Seattle,Washington,47.60621,-122.33207,0.0,4.2,Baseline,No forecast trigger,1541.73,0.0,0.0
2026-09-24,US,Bellevue,Washington,47.61038,-122.20068,0.0,4.25,Baseline,No forecast trigger,296.72,0.0,0.0
2026-09-24,US,Vancouver,Washington,45.63873,-122.66149,0.0,4.6,Baseline,No forecast trigger,272.42,0.0,0.0
2026-09-24,US,Tacoma,Washington,47.25288,-122.44429,0.0,4.15,Baseline,No forecast trigger,223.86,0.0,0.0
2026-09-24,US,Milwaukee,Wisconsin,43.0389,-87.90647,0.0,3.5,Baseline,No forecast trigger,260.35,0.0,0.0
2026-09-24,US,Madison,Wisconsin,43.07305,-89.40123,0.012,2.55,Baseline,No forecast trigger,410.99,0.0,0.0
2026-09-24,US,Waukesha,Wisconsin,43.01168,-88.23148,0.0,3.45,Baseline,No forecast trigger,65.98,0.0,0.0
2026-09-24,US,Whitefish Bay,Wisconsin,43.11334,-87.90009,0.0,3.8,Baseline,No forecast trigger,67.08,0.0,0.0
2026-09-24,US,Appleton,Wisconsin,44.26193,-88.41538,0.0,2.85,Baseline,No forecast trigger,60.74,0.0,0.0
2026-09-24,US,Morgantown,West Virginia,39.62953,-79.9559,0.012,5.75,Baseline,No forecast trigger,102.16,0.0,0.0
2026-09-24,US,Huntington,West Virginia,38.41925,-82.44515,0.138,1.55,Baseline,No forecast trigger,49.74,0.0,0.0
2026-09-24,US,Wheeling,West Virginia,40.06396,-80.72091,0.063,4.25,Baseline,No forecast trigger,57.44,0.0,0.0
2026-09-24,US,Cheyenne,Wyoming,41.13998,-104.82025,0.0,6.45,Baseline,No forecast trigger,50.27,0.0,0.0
2026-09-24,US,Sheridan,Wyoming,44.79719,-106.95618,0.0,5.75,Baseline,No forecast trigger,41.14,0.0,0.0
2026-09-24,US,Rock Springs,Wyoming,41.58746,-109.2029,0.0,6.4,Baseline,No forecast trigger,32.5,0.0,0.0
2026-09-24,US,Cody,Wyoming,44.52634,-109.05653,0.0,6.0,Baseline,No forecast trigger,14.1,0.0,0.0
2026-09-24,US,Casper,Wyoming,42.86663,-106.31308,0.0,6.2,Baseline,No forecast trigger,10.32,0.0,0.0
2026-09-24,US,Washington,District Of Columbia,38.89511,-77.03637,0.024,0.95,Baseline,No forecast trigger,1762.83,0.0,0.0
2026-09-24,UK,London,England,51.50853,-0.12574,0.0,3.85,Baseline,No forecast trigger,226.18,0.0,0.0
2026-09-24,UK,Bristol,England,51.45523,-2.59665,0.0,3.95,Baseline,No forecast trigger,30.48,0.0,0.0
2026-09-24,UK,Sheffield,England,53.38297,-1.4659,0.0,3.55,Baseline,No forecast trigger,13.110000000000001,0.0,0.0
2026-09-24,UK,Swindon,England,51.55797,-1.78116,0.0,3.9,Baseline,No forecast trigger,15.98,0.0,0.0
2026-09-24,UK,Birmingham,England,52.48142,-1.89983,0.0,3.65,Baseline,No forecast trigger,8.75,0.0,0.0
2026-09-24,UK,Brighton,England,50.82838,-0.13947,0.0,4.0,Baseline,No forecast trigger,7.11,0.0,0.0
2026-09-24,UK,Hove,England,50.83088,-0.1672,0.0,4.0,Baseline,No forecast trigger,8.76,0.0,0.0
2026-09-24,UK,Manchester,England,53.48095,-2.23743,0.0,3.4,Baseline,No forecast trigger,8.35,0.0,0.0
2026-09-24,UK,Glasgow,Scotland,55.86515,-4.25763,0.0,2.85,Baseline,No forecast trigger,10.739999999999998,0.0,0.0
2026-09-24,UK,Edinburgh,Scotland,55.95206,-3.19648,0.0,3.1,Baseline,No forecast trigger,8.47,0.0,0.0
2026-09-24,UK,Aberdeen,Scotland,57.14369,-2.09814,0.0,2.9,Baseline,No forecast trigger,4.23,0.0,0.0
2026-09-24,UK,Dunfermline,Scotland,56.07156,-3.45887,0.0,2.85,Baseline,No forecast trigger,4.26,0.0,0.0
2026-09-24,UK,Aboyne,Scotland,57.07546,-2.78023,0.0,2.85,Baseline,No forecast trigger,1.63,0.0,0.0
2026-09-24,UK,Balerno,Scotland,55.88437,-3.33975,0.0,3.05,Baseline,No forecast trigger,2.0,0.0,0.0
2026-09-24,UK,Banchory,Scotland,57.05168,-2.48824,0.0,2.85,Baseline,No forecast trigger,2.5900000000000003,0.0,0.0
2026-09-24,UK,Barrhead,Scotland,55.79916,-4.39285,0.0,2.85,Baseline,No forecast trigger,2.17,0.0,0.0
2026-09-24,UK,Cardiff,Wales,51.48,-3.18,0.0,3.95,Baseline,No forecast trigger,5.72,0.0,0.0
2026-09-24,UK,Aberdare,Wales,51.71438,-3.44918,0.0,3.95,Baseline,No forecast trigger,4.02,0.0,0.0
2026-09-24,UK,Clarbeston Road,Wales,51.85139,-4.88056,0.0,3.95,Baseline,No forecast trigger,1.92,0.0,0.0
2026-09-24,UK,Cwmbran,Wales,51.65446,-3.02281,0.0,3.95,Baseline,No forecast trigger,1.8900000000000001,0.0,0.0
2026-09-24,UK,Llanidloes,Wales,52.44977,-3.53997,0.0,3.7,Baseline,No forecast trigger,1.7999999999999998,0.0,0.0
2026-09-24,UK,Merthyr Tydfil,Wales,51.74794,-3.37779,0.0,3.95,Baseline,No forecast trigger,2.11,0.0,0.0
2026-09-24,UK,Port Talbot,Wales,51.59241,-3.78019,0.0,3.95,Baseline,No forecast trigger,2.2,0.0,0.0
2026-09-24,UK,Newry,Northern Ireland,54.17841,-6.33739,0.0,3.3,Baseline,No forecast trigger,3.96,0.0,0.0
2026-09-24,UK,Belfast,Northern Ireland,54.59682,-5.92541,0.0,3.3,Baseline,No forecast trigger,2.08,0.0,0.0
2026-09-24,UK,Craigavon,Northern Ireland,54.44709,-6.387,0.0,3.3,Baseline,No forecast trigger,1.91,0.0,0.0
2026-09-24,UK,Dromara,Northern Ireland,54.36667,-6.01667,0.0,3.35,Baseline,No forecast trigger,1.77,0.0,0.0
2026-09-24,UK,Derry,Northern Ireland,54.9981,-7.30934,0.0,3.3,Baseline,No forecast trigger,0.0,0.0,0.0
2026-09-24,UK,Lisburn,Northern Ireland,54.52337,-6.03527,0.0,3.35,Baseline,No forecast trigger,0.0,0.0,0.0
2026-09-24,UK,Bangor,Northern Ireland,54.66079,-5.66802,0.0,3.25,Baseline,No forecast trigger,0.0,0.0,0.0
2026-09-24,CAN,Calgary,Alberta,51.05011,-114.08529,0.0,3.6,Baseline,No forecast trigger,113.25,0.0,0.0
2026-09-24,CAN,Edmonton,Alberta,53.55014,-113.46871,0.008,3.55,Baseline,No forecast trigger,48.61,0.0,0.0
2026-09-24,CAN,St. Albert,Alberta,53.63344,-113.63533,0.008,3.65,Baseline,No forecast trigger,5.91,0.0,0.0
2026-09-24,CAN,Wainwright,Alberta,52.83482,-110.85342,0.0,3.9,Baseline,No forecast trigger,1.8499999999999999,0.0,0.0
2026-09-24,CAN,West Baptiste,Alberta,54.75016,-113.5688,0.012,3.45,Baseline,No forecast trigger,1.1,0.0,0.0
2026-09-24,CAN,Vancouver,British Columbia,49.24966,-123.11934,0.0,3.75,Baseline,No forecast trigger,256.08000000000004,0.0,0.0
2026-09-24,CAN,Victoria,British Columbia,48.4359,-123.35155,0.0,4.2,Baseline,No forecast trigger,60.489999999999995,0.0,0.0
2026-09-24,CAN,Surrey,British Columbia,49.10635,-122.82509,0.0,4.15,Baseline,No forecast trigger,80.17,0.0,0.0
2026-09-24,CAN,Burnaby,British Columbia,49.26636,-122.95263,0.0,3.95,Baseline,No forecast trigger,69.46,0.0,0.0
2026-09-24,CAN,North Vancouver,British Columbia,49.31636,-123.06934,0.0,3.8,Baseline,No forecast trigger,52.06,0.0,0.0
2026-09-24,CAN,Headingley,Manitoba,49.8753,-97.40896,0.0,4.3,Baseline,No forecast trigger,2.27,0.0,0.0
2026-09-24,CAN,Winnipeg,Manitoba,49.8844,-97.14704,0.0,4.3,Baseline,No forecast trigger,12.530000000000001,0.0,0.0
2026-09-24,CAN,Brandon,Manitoba,49.84692,-99.95306,0.0,4.3,Baseline,No forecast trigger,0.0,0.0,0.0
2026-09-24,CAN,Steinbach,Manitoba,49.52579,-96.68451,0.0,4.0,Baseline,No forecast trigger,0.0,0.0,0.0
2026-09-24,CAN,Moncton,New Brunswick,46.09454,-64.7965,0.0,4.75,Baseline,No forecast trigger,4.02,0.0,0.0
2026-09-24,CAN,Saint John,New Brunswick,45.27076,-66.05616,0.0,4.7,Baseline,No forecast trigger,0.0,0.0,0.0
2026-09-24,CAN,Fredericton,New Brunswick,45.94541,-66.66558,0.0,4.85,Baseline,No forecast trigger,2.55,0.0,0.0
2026-09-24,CAN,Dieppe,New Brunswick,46.07844,-64.68735,0.0,4.8,Baseline,No forecast trigger,8.41,0.0,0.0
2026-09-24,CAN,Miramichi,New Brunswick,47.02895,-65.50186,0.0,4.7,Baseline,No forecast trigger,0.0,0.0,0.0
2026-09-24,CAN,St. John'S,Newfoundland And Labrador,47.56494,-52.70931,0.0,4.6,Baseline,No forecast trigger,2.7600000000000002,0.0,0.0
2026-09-24,CAN,Mount Pearl,Newfoundland And Labrador,47.51659,-52.78135,0.0,4.65,Baseline,No forecast trigger,0.0,0.0,0.0
2026-09-24,CAN,Corner Brook,Newfoundland And Labrador,48.95001,-57.95202,0.0,4.5,Baseline,No forecast trigger,0.0,0.0,0.0
2026-09-24,CAN,Halifax,Nova Scotia,44.64269,-63.57688,0.0,4.7,Baseline,No forecast trigger,16.24,0.0,0.0
2026-09-24,CAN,Dartmouth,Nova Scotia,44.67134,-63.57719,0.0,4.7,Baseline,No forecast trigger,2.13,0.0,0.0
2026-09-24,CAN,Sydney,Nova Scotia,46.1351,-60.1831,0.0,4.8,Baseline,No forecast trigger,0.0,0.0,0.0
2026-09-24,CAN,Truro,Nova Scotia,45.36685,-63.26538,0.0,4.7,Baseline,No forecast trigger,0.0,0.0,0.0
2026-09-24,CAN,New Glasgow,Nova Scotia,45.58344,-62.64863,0.0,4.8,Baseline,No forecast trigger,0.0,0.0,0.0
2026-09-24,CAN,Hay River,Northwest Territories,60.81555,-115.79993,0.0,2.65,Baseline,No forecast trigger,0.0,0.0,0.0
2026-09-24,CAN,Inuvik,Northwest Territories,68.36166,-133.72816,0.0,1.65,Baseline,No forecast trigger,0.0,0.0,0.0
2026-09-24,CAN,Fort Smith,Northwest Territories,60.00439,-111.88871,0.094,2.25,Baseline,No forecast trigger,0.0,0.0,0.0
2026-09-24,CAN,Iqaluit,Nunavut,63.74697,-68.51727,0.0,1.0,Baseline,No forecast trigger,0.0,0.0,0.0
2026-09-24,CAN,Rankin Inlet,Nunavut,62.80906,-92.08534,0.028,2.15,Baseline,No forecast trigger,0.0,0.0,0.0
2026-09-24,CAN,Baker Lake,Nunavut,64.32009,-96.02123,0.0,2.0,Baseline,No forecast trigger,0.0,0.0,0.0
2026-09-24,CAN,Cambridge Bay,Nunavut,69.11489,-105.05484,0.0,1.3,Baseline,No forecast trigger,0.0,0.0,0.0
2026-09-24,CAN,Toronto,Ontario,43.70643,-79.39864,0.0,4.75,Baseline,No forecast trigger,334.87,0.0,0.0
2026-09-24,CAN,Ottawa,Ontario,45.41117,-75.69812,0.0,4.5,Baseline,No forecast trigger,109.11,0.0,0.0
2026-09-24,CAN,Kingston,Ontario,44.22976,-76.48098,0.0,4.65,Baseline,No forecast trigger,14.34,0.0,0.0
2026-09-24,CAN,Guelph,Ontario,43.54594,-80.25599,0.0,4.65,Baseline,No forecast trigger,20.4,0.0,0.0
2026-09-24,CAN,Markham,Ontario,43.86682,-79.2663,0.0,4.75,Baseline,No forecast trigger,26.91,0.0,0.0
2026-09-24,CAN,Charlottetown,Prince Edward Island,46.23459,-63.1256,0.0,4.8,Baseline,No forecast trigger,0.0,0.0,0.0
2026-09-24,CAN,Summerside,Prince Edward Island,46.3912,-63.78869,0.0,4.8,Baseline,No forecast trigger,0.0,0.0,0.0
2026-09-24,CAN,Cornwall,Prince Edward Island,46.22652,-63.21809,0.0,4.8,Baseline,No forecast trigger,0.0,0.0,0.0
2026-09-24,CAN,Montague,Prince Edward Island,46.16681,-62.64866,0.0,4.8,Baseline,No forecast trigger,0.0,0.0,0.0
2026-09-24,CAN,Montreal,Quebec,45.50884,-73.58781,0.0,4.4,Baseline,No forecast trigger,66.46000000000001,0.0,0.0
2026-09-24,CAN,Dorval,Quebec,45.4473,-73.75335,0.0,4.4,Baseline,No forecast trigger,5.01,0.0,0.0
2026-09-24,CAN,Blainville,Quebec,45.66678,-73.88249,0.0,4.45,Baseline,No forecast trigger,7.38,0.0,0.0
2026-09-24,CAN,Brossard,Quebec,45.45008,-73.46583,0.0,4.4,Baseline,No forecast trigger,5.35,0.0,0.0
2026-09-24,CAN,Cote-Saint-Luc,Quebec,45.46536,-73.66585,0.0,4.4,Baseline,No forecast trigger,4.49,0.0,0.0
2026-09-24,CAN,Saskatoon,Saskatchewan,52.13238,-106.66892,0.0,4.15,Baseline,No forecast trigger,11.52,0.0,0.0
2026-09-24,CAN,Yellow Grass,Saskatchewan,49.80006,-104.16781,0.0,4.45,Baseline,No forecast trigger,3.1,0.0,0.0
2026-09-24,CAN,Regina,Saskatchewan,50.45008,-104.6178,0.0,4.35,Baseline,No forecast trigger,2.42,0.0,0.0
2026-09-24,CAN,Prince Albert,Saskatchewan,53.20008,-105.76772,0.012,3.9,Baseline,No forecast trigger,0.0,0.0,0.0
2026-09-24,CAN,Moose Jaw,Saskatchewan,50.40005,-105.53445,0.0,4.4,Baseline,No forecast trigger,0.0,0.0,0.0
2026-09-24,CAN,Whitehorse,Yukon,60.71611,-135.05376,0.0,2.8,Baseline,No forecast trigger,0.0,0.0,0.0
2026-09-24,CAN,Dawson City,Yukon,64.06013,-139.43327,0.0,2.3,Baseline,No forecast trigger,0.0,0.0,0.0
2026-09-24,CAN,Watson Lake,Yukon,60.06349,-128.70892,0.0,2.4,Baseline,No forecast trigger,0.0,0.0,0.0
2026-09-24,CAN,Haines Junction,Yukon,60.75216,-137.51082,0.0,2.8,Baseline,No forecast trigger,0.0,0.0,0.0
2026-09-24,CAN,Mayo,Yukon,63.59274,-135.89984,0.035,2.4,Baseline,No forecast trigger,0.0,0.0,0.0
2026-09-24,US,Coeur D'Alene,Idaho,47.6777,-116.7805,0.0,4.75,Baseline,No forecast trigger,10.11,0.0,0.0
2026-09-24,US,Eagle Mountain,Utah,40.3144,-111.9849,0.0,6.35,Baseline,No forecast trigger,13.36,0.0,0.0
2026-09-24,US,Spokane,Washington,47.6569,-117.425,0.0,4.7,Baseline,No forecast trigger,96.94,0.0,0.0
2026-09-24,UK,Swansea,Wales,51.6214,-3.9436,0.0,3.95,Baseline,No forecast trigger,1.7999999999999998,0.0,0.0
2026-09-24,CAN,Grand Falls-Windsor,Newfoundland And Labrador,48.9332,-55.6649,0.0,4.45,Baseline,No forecast trigger,0.0,0.0,0.0
2026-09-24,CAN,Paradise,Newfoundland And Labrador,47.5333,-52.9667,0.0,4.65,Baseline,No forecast trigger,2.55,0.0,0.0
2026-09-24,CAN,Stratford,Prince Edward Island,46.2153,-63.0866,0.0,4.8,Baseline,No forecast trigger,0.0,0.0,0.0
