Date,Region,City,State,Lat,Lon,Umbrella_Revenue,Umbrella_Units,Non_Umbrella_Revenue,Non_Umbrella_Units,Observed_Precip_In,Is_Rainy,Verified_Match
2026-09-09,CAN,Blainville,Quebec,45.6668,-73.8825,3.19,0,0.0,0.0,0.2204724409448818,True,True
2026-09-09,CAN,Brossard,Quebec,45.4501,-73.4658,2.31,0,0.0,0.0,0.1574803149606299,False,False
2026-09-09,CAN,Burnaby,British Columbia,49.2664,-122.9526,29.990000000000002,0,0.0,0.0,0.0,False,False
2026-09-09,CAN,Calgary,Alberta,51.0501,-114.0853,48.89,1,0.0,0.0,0.0,False,False
2026-09-09,CAN,Cote-Saint-Luc,Quebec,45.4654,-73.6659,1.94,0,0.0,0.0,0.1692913385826771,False,False
2026-09-09,CAN,Dartmouth,Nova Scotia,44.6713,-63.5772,0.92,0,0.0,0.0,0.0,False,False
2026-09-09,CAN,Dieppe,New Brunswick,46.0784,-64.6874,3.62,0,0.0,0.0,0.0,False,False
2026-09-09,CAN,Dorval,Quebec,45.4473,-73.7534,2.19,0,0.0,0.0,0.1968503937007873,False,False
2026-09-09,CAN,Edmonton,Alberta,53.5501,-113.4687,20.93,0,0.0,0.0,0.0236220472440944,False,False
2026-09-09,CAN,Fredericton,New Brunswick,45.9454,-66.6656,1.09,0,0.0,0.0,0.0,False,False
2026-09-09,CAN,Guelph,Ontario,43.5459,-80.256,8.81,0,0.0,0.0,0.1496062992125984,False,False
2026-09-09,CAN,Halifax,Nova Scotia,44.6427,-63.5769,7.029999999999999,0,0.0,0.0,0.0,False,False
2026-09-09,CAN,Headingley,Manitoba,49.8753,-97.409,0.97,0,0.0,0.0,0.1102362204724409,False,False
2026-09-09,CAN,Kingston,Ontario,44.2298,-76.481,6.2,0,0.0,0.0,0.2677165354330708,True,True
2026-09-09,CAN,Markham,Ontario,43.8668,-79.2663,11.59,0,0.0,0.0,0.1299212598425196,False,False
2026-09-09,CAN,Moncton,New Brunswick,46.0945,-64.7965,1.75,0,0.0,0.0,0.0,False,False
2026-09-09,CAN,Montreal,Quebec,45.5088,-73.5878,28.65,0,0.0,0.0,0.1653543307086614,False,False
2026-09-09,CAN,North Vancouver,British Columbia,49.3164,-123.0693,22.45,0,0.0,0.0,0.0,False,False
2026-09-09,CAN,Ottawa,Ontario,45.4112,-75.6981,47.07,0,0.0,0.0,0.4960629921259842,True,True
2026-09-09,CAN,Paradise,Newfoundland and Labrador,47.5333,-52.9667,1.09,0,0.0,0.0,0.1299212598425196,False,False
2026-09-09,CAN,Regina,Saskatchewan,50.4501,-104.6178,1.03,0,0.0,0.0,0.0157480314960629,False,False
2026-09-09,CAN,Saskatoon,Saskatchewan,52.1324,-106.6689,4.97,0,0.0,0.0,0.0039370078740157,False,False
2026-09-09,CAN,St. Albert,Alberta,53.6334,-113.6353,2.55,0,0.0,0.0,0.0393700787401574,False,False
2026-09-09,CAN,St. John'S,Newfoundland and Labrador,47.5649,-52.7093,1.1800000000000002,0,0.0,0.0,0.1338582677165354,False,False
2026-09-09,CAN,Surrey,British Columbia,49.1064,-122.8251,34.55,0,0.0,0.0,0.0,False,False
2026-09-09,CAN,Toronto,Ontario,43.7064,-79.3986,144.44,9,0.0,0.0,0.4133858267716535,True,True
2026-09-09,CAN,Vancouver,British Columbia,49.2497,-123.1193,110.44,2,0.0,0.0,0.0,False,False
2026-09-09,CAN,Victoria,British Columbia,48.4359,-123.3516,26.099999999999998,0,0.0,0.0,0.0,False,False
2026-09-09,CAN,Wainwright,Alberta,52.8348,-110.8534,0.79,0,0.0,0.0,0.0,False,False
2026-09-09,CAN,West Baptiste,Alberta,54.7502,-113.5688,0.46,0,0.0,0.0,0.0039370078740157,False,False
2026-09-09,CAN,Winnipeg,Manitoba,49.8844,-97.147,5.38,0,0.0,0.0,0.1456692913385827,False,False
2026-09-09,CAN,Yellow Grass,Saskatchewan,49.8001,-104.1678,1.34,0,0.0,0.0,0.0196850393700787,False,False
2026-09-09,UK,Aberdare,Wales,51.7144,-3.4492,2.62,0,0.0,0.0,0.0078740157480314,False,False
2026-09-09,UK,Aberdeen,Scotland,57.1437,-2.0981,2.75,0,0.0,0.0,0.0078740157480314,False,False
2026-09-09,UK,Aboyne,Scotland,57.0755,-2.7802,1.05,0,0.0,0.0,0.0,False,False
2026-09-09,UK,Balerno,Scotland,55.8844,-3.3398,1.3,0,0.0,0.0,0.0157480314960629,False,False
2026-09-09,UK,Banchory,Scotland,57.0517,-2.4882,1.69,0,0.0,0.0,0.0118110236220472,False,False
2026-09-09,UK,Barrhead,Scotland,55.7992,-4.3928,1.4100000000000001,0,0.0,0.0,0.0,False,False
2026-09-09,UK,Belfast,Northern Ireland,54.5968,-5.9254,1.3599999999999999,0,0.0,0.0,0.0,False,False
2026-09-09,UK,Birmingham,England,52.4814,-1.8998,5.68,0,0.0,0.0,0.0,False,False
2026-09-09,UK,Brighton,England,50.8284,-0.1395,4.62,0,0.0,0.0,0.0,False,False
2026-09-09,UK,Bristol,England,51.4552,-2.5966,19.78,0,0.0,0.0,0.0,False,False
2026-09-09,UK,Cardiff,Wales,51.48,-3.18,3.7199999999999998,0,0.0,0.0,0.0039370078740157,False,False
2026-09-09,UK,Clarbeston Road,Wales,51.8514,-4.8806,1.25,0,0.0,0.0,0.0196850393700787,False,False
2026-09-09,UK,Craigavon,Northern Ireland,54.4471,-6.387,1.24,0,0.0,0.0,0.0039370078740157,False,False
2026-09-09,UK,Cwmbran,Wales,51.6545,-3.0228,1.23,0,0.0,0.0,0.0,False,False
2026-09-09,UK,Dromara,Northern Ireland,54.3667,-6.0167,1.15,0,0.0,0.0,0.0,False,False
2026-09-09,UK,Dunfermline,Scotland,56.0716,-3.4589,2.77,0,0.0,0.0,0.0,False,False
2026-09-09,UK,Edinburgh,Scotland,55.9521,-3.1965,5.5,0,0.0,0.0,0.0118110236220472,False,False
2026-09-09,UK,Glasgow,Scotland,55.8652,-4.2576,6.97,0,0.0,0.0,0.0,False,False
2026-09-09,UK,Hove,England,50.8309,-0.1672,5.69,0,0.0,0.0,0.0,False,False
2026-09-09,UK,Llanidloes,Wales,52.4498,-3.54,1.17,0,0.0,0.0,0.0,False,False
2026-09-09,UK,London,England,51.5085,-0.1257,146.74,3,0.0,0.0,0.0,False,False
2026-09-09,UK,Manchester,England,53.481,-2.2374,5.43,0,0.0,0.0,0.0157480314960629,False,False
2026-09-09,UK,Merthyr Tydfil,Wales,51.7479,-3.3778,1.3599999999999999,0,0.0,0.0,0.0078740157480314,False,False
2026-09-09,UK,Newry,Northern Ireland,54.1784,-6.3374,2.59,0,0.0,0.0,0.0196850393700787,False,False
2026-09-09,UK,Port Talbot,Wales,51.5924,-3.7802,1.43,0,0.0,0.0,0.0039370078740157,False,False
2026-09-09,UK,Sheffield,England,53.383,-1.4659,8.51,0,0.0,0.0,0.0,False,False
2026-09-09,UK,Swansea,Wales,51.6214,-3.9436,1.17,0,0.0,0.0,0.0078740157480314,False,False
2026-09-09,UK,Swindon,England,51.558,-1.7812,10.370000000000001,0,0.0,0.0,0.0,False,False
2026-09-09,US,Aberdeen,South Dakota,45.4647,-98.4865,1.1300000000000001,0,0.01,0.0,0.0,False,False
2026-09-09,US,Albuquerque,New Mexico,35.0845,-106.6511,39.2,0,0.25,0.0,0.0433070866141732,False,False
2026-09-09,US,Alexandria,Virginia,38.8048,-77.0469,106.76,0,0.68,0.0,0.0,False,False
2026-09-09,US,Alpharetta,Georgia,34.0754,-84.2941,33.38,0,0.21,0.0,0.0,False,False
2026-09-09,US,Ames,Iowa,42.0347,-93.6199,5.98,0,0.04,0.0,0.7874015748031495,True,True
2026-09-09,US,Anchorage,Alaska,61.2181,-149.9003,9.59,0,0.06,0.0,0.1535433070866141,False,False
2026-09-09,US,Ann Arbor,Michigan,42.2776,-83.7409,34.71,0,0.22,0.0,0.7244094488188976,True,True
2026-09-09,US,Annapolis,Maryland,38.9786,-76.4918,24.33,0,0.15,0.0,0.0,False,False
2026-09-09,US,Appleton,Wisconsin,44.2619,-88.4154,7.63,0,0.05,0.0,0.0,False,False
2026-09-09,US,Arlington,Virginia,38.881,-77.1043,76.68,0,0.48,0.0,0.0,False,False
2026-09-09,US,Astoria,New York,40.772,-73.9301,34.37,0,0.22,0.0,0.0511811023622047,False,False
2026-09-09,US,Atlanta,Georgia,33.749,-84.388,151.55,0,0.96,0.0,0.0,False,False
2026-09-09,US,Aurora,Colorado,39.7294,-104.8319,16.919999999999998,0,0.11,0.0,0.0,False,False
2026-09-09,US,Austin,Texas,30.2672,-97.7431,195.01,2,1.23,0.0,0.0511811023622047,False,False
2026-09-09,US,Baltimore,Maryland,39.2904,-76.6122,46.84,0,0.29,0.0,0.0,False,False
2026-09-09,US,Bangor,Maine,44.7988,-68.7726,3.7600000000000002,0,0.02,0.0,0.0,False,False
2026-09-09,US,Barrington,Rhode Island,41.7407,-71.3087,9.89,0,0.06,0.0,0.0669291338582677,False,False
2026-09-09,US,Baton Rouge,Louisiana,30.4433,-91.1875,52.56,0,0.33,0.0,0.0078740157480314,False,False
2026-09-09,US,Beaverton,Oregon,45.4871,-122.8037,15.26,0,0.1,0.0,0.0,False,False
2026-09-09,US,Bellevue,Nebraska,41.1367,-95.8908,3.11,0,0.02,0.0,0.3031496062992126,True,True
2026-09-09,US,Bellevue,Washington,47.6104,-122.2007,34.25,0,0.21,0.0,0.0,False,False
2026-09-09,US,Bentonville,Arkansas,36.3728,-94.2088,17.57,0,0.12,0.0,0.0,False,False
2026-09-09,US,Berkley,Massachusetts,41.8459,-71.0828,13.18,0,0.08,0.0,0.0314960629921259,False,False
2026-09-09,US,Bethesda,Maryland,38.9807,-77.1003,48.93,0,0.31,0.0,0.0,False,False
2026-09-09,US,Billings,Montana,45.7833,-108.5007,7.96,0,0.05,0.0,0.0,False,False
2026-09-09,US,Birmingham,Alabama,33.5207,-86.8025,46.83,0,0.3,0.0,0.0,False,False
2026-09-09,US,Bismarck,North Dakota,46.8083,-100.7837,3.45,0,0.02,0.0,0.0,False,False
2026-09-09,US,Bloomfield Hills,Michigan,42.5836,-83.2455,22.78,0,0.14,0.0,0.4133858267716535,True,True
2026-09-09,US,Bloomington,Indiana,39.1653,-86.5264,18.44,0,0.12,0.0,0.1299212598425196,False,False
2026-09-09,US,Boca Raton,Florida,26.3587,-80.0831,75.51,0,0.48,0.0,0.4448818897637795,True,True
2026-09-09,US,Boise,Idaho,43.6135,-116.2034,20.96,0,0.13,0.0,0.0,False,False
2026-09-09,US,Boston,Massachusetts,42.3584,-71.0598,125.12,0,0.79,0.0,0.0708661417322834,False,False
2026-09-09,US,Bowling Green,Kentucky,36.9903,-86.4436,8.540000000000001,0,0.05,0.0,0.0433070866141732,False,False
2026-09-09,US,Bozeman,Montana,45.6796,-111.0386,6.22,0,0.04,0.0,0.0,False,False
2026-09-09,US,Broken Arrow,Oklahoma,36.0526,-95.7908,11.16,0,0.07,0.0,0.0078740157480314,False,False
2026-09-09,US,Bronx,New York,40.8499,-73.8664,57.050000000000004,0,0.37,0.0,0.0472440944881889,False,False
2026-09-09,US,Brooklyn,New York,40.6501,-73.9496,492.79,33,3.12,0.0,0.0393700787401574,False,False
2026-09-09,US,Burlington,Vermont,44.4759,-73.2121,4.58,0,0.03,0.0,0.2952755905511811,True,True
2026-09-09,US,Cambridge,Massachusetts,42.3751,-71.1056,44.95,0,0.28,0.0,0.0708661417322834,False,False
2026-09-09,US,Carmel,Indiana,39.9784,-86.118,34.15,0,0.22,0.0,0.1023622047244094,False,False
2026-09-09,US,Carson City,Nevada,39.1638,-119.7674,2.7800000000000002,0,0.02,0.0,0.0,False,False
2026-09-09,US,Casper,Wyoming,42.8666,-106.3131,1.33,0,0.01,0.0,0.0,False,False
2026-09-09,US,Cedar Rapids,Iowa,42.0083,-91.6441,12.52,0,0.08,0.0,0.9330708661417324,True,True
2026-09-09,US,Chapel Hill,North Carolina,35.9132,-79.0558,29.5,0,0.19,0.0,0.0,False,False
2026-09-09,US,Charleston,South Carolina,32.7763,-79.9328,40.51,0,0.25,0.0,0.0314960629921259,False,False
2026-09-09,US,Charleston,West Virginia,38.3498,-81.6326,5.32,0,0.03,0.0,0.0157480314960629,False,False
2026-09-09,US,Charlotte,North Carolina,35.2271,-80.8431,132.99,0,0.84,0.0,0.0,False,False
2026-09-09,US,Chattanooga,Tennessee,35.0456,-85.3097,23.13,0,0.15,0.0,0.0,False,False
2026-09-09,US,Chesterfield,Missouri,38.6631,-90.5771,19.4,0,0.12,0.0,0.0,False,False
2026-09-09,US,Cheyenne,Wyoming,41.14,-104.8202,6.36,0,0.04,0.0,0.0,False,False
2026-09-09,US,Chicago,Illinois,41.85,-87.65,370.26,21,2.35,0.0,0.6023622047244095,True,True
2026-09-09,US,Cincinnati,Ohio,39.1271,-84.5144,93.6,0,0.59,0.0,0.0905511811023622,False,False
2026-09-09,US,Cleveland,Ohio,41.4995,-81.6954,18.88,0,0.12,0.0,0.1968503937007873,False,False
2026-09-09,US,Cody,Wyoming,44.5263,-109.0565,1.76,0,0.01,0.0,0.0,False,False
2026-09-09,US,Coeur D'Alene,Idaho,47.6777,-116.7805,1.29,0,0.01,0.0,0.0,False,False
2026-09-09,US,Colorado Springs,Colorado,38.8339,-104.8214,36.589999999999996,0,0.23,0.0,0.0590551181102362,False,False
2026-09-09,US,Columbia,South Carolina,34.0007,-81.0348,28.97,0,0.18,0.0,0.0,False,False
2026-09-09,US,Columbus,Ohio,39.9612,-82.9988,78.13,0,0.49,0.0,0.0669291338582677,False,False
2026-09-09,US,Cordova,Alaska,60.5432,-145.7587,3.73,0,0.02,0.0,0.2283464566929133,True,True
2026-09-09,US,Cranston,Rhode Island,41.7798,-71.4373,5.22,0,0.03,0.0,0.0078740157480314,False,False
2026-09-09,US,Dallas,Texas,32.7831,-96.8067,189.17,1,1.19,0.0,0.0039370078740157,False,False
2026-09-09,US,Dayton,Ohio,39.759,-84.1916,29.77,0,0.19,0.0,0.0944881889763779,False,False
2026-09-09,US,Decatur,Georgia,33.7748,-84.2963,25.14,0,0.16,0.0,0.0,False,False
2026-09-09,US,Denver,Colorado,39.7392,-104.9847,70.8,0,0.45,0.0,0.0039370078740157,False,False
2026-09-09,US,Des Moines,Iowa,41.6005,-93.6091,8.53,0,0.06,0.0,0.3937007874015747,True,True
2026-09-09,US,Dickinson,North Dakota,46.8792,-102.7896,3.27,0,0.02,0.0,0.0,False,False
2026-09-09,US,Downers Grove,Illinois,41.8089,-88.0112,18.22,0,0.12,0.0,0.6929133858267718,True,True
2026-09-09,US,Doylestown,Pennsylvania,40.3101,-75.1299,20.43,0,0.13,0.0,0.0,False,False
2026-09-09,US,Dublin,Ohio,40.0992,-83.1141,20.55,0,0.13,0.0,0.0708661417322834,False,False
2026-09-09,US,Durham,North Carolina,35.994,-78.8986,28.09,0,0.18,0.0,0.0,False,False
2026-09-09,US,Eagle,Idaho,43.6954,-116.354,5.68,0,0.04,0.0,0.0,False,False
2026-09-09,US,Eagle Mountain,Utah,40.3144,-111.9849,1.72,0,0.01,0.0,0.0,False,False
2026-09-09,US,East Greenwich,Rhode Island,41.6604,-71.4559,4.65,0,0.03,0.0,0.0236220472440944,False,False
2026-09-09,US,Eden Prairie,Minnesota,44.8547,-93.4708,10.3,0,0.07,0.0,0.0314960629921259,False,False
2026-09-09,US,Edmond,Oklahoma,35.6528,-97.4781,47.88,0,0.3,0.0,0.0078740157480314,False,False
2026-09-09,US,Eliot,Maine,43.1531,-70.8001,2.96,0,0.02,0.0,0.0157480314960629,False,False
2026-09-09,US,Elkhorn,Nebraska,41.345,-96.256,7.34,0,0.05,0.0,0.8188976377952756,True,True
2026-09-09,US,Essex Junction,Vermont,44.4906,-73.111,3.0700000000000003,0,0.02,0.0,0.3307086614173228,True,True
2026-09-09,US,Eugene,Oregon,44.0521,-123.0868,16.16,0,0.1,0.0,0.0,False,False
2026-09-09,US,Evanston,Illinois,42.0411,-87.6901,22.33,0,0.14,0.0,0.3503937007874015,True,True
2026-09-09,US,Ewa Beach,Hawaii,21.3156,-158.0072,20.85,0,0.13,0.0,0.0,False,False
2026-09-09,US,Exeter,New Hampshire,42.9815,-70.9478,4.65,0,0.03,0.0,0.0354330708661417,False,False
2026-09-09,US,Fairbanks,Alaska,64.8378,-147.7164,2.8200000000000003,0,0.01,0.0,0.3228346456692913,True,True
2026-09-09,US,Fairfax,Virginia,38.8462,-77.3064,36.99,0,0.24,0.0,0.0,False,False
2026-09-09,US,Fairfield,Connecticut,41.1412,-73.2637,19.59,0,0.12,0.0,0.0236220472440944,False,False
2026-09-09,US,Fairhope,Alabama,30.523,-87.9033,12.370000000000001,0,0.08,0.0,0.0472440944881889,False,False
2026-09-09,US,Falmouth,Maine,43.7295,-70.242,5.22,0,0.03,0.0,0.0314960629921259,False,False
2026-09-09,US,Fargo,North Dakota,46.8772,-96.7898,8.27,0,0.05,0.0,0.0236220472440944,False,False
2026-09-09,US,Fayetteville,Arkansas,36.0626,-94.1574,11.89,0,0.08,0.0,0.0039370078740157,False,False
2026-09-09,US,Fort Collins,Colorado,40.5853,-105.0844,17.54,0,0.11,0.0,0.0,False,False
2026-09-09,US,Fort Wayne,Indiana,41.1306,-85.1289,25.71,0,0.16,0.0,0.0472440944881889,False,False
2026-09-09,US,Fort Worth,Texas,32.7254,-97.3208,78.72,0,0.5,0.0,0.0,False,False
2026-09-09,US,Franklin,Tennessee,35.9251,-86.8689,37.98,0,0.24,0.0,0.0236220472440944,False,False
2026-09-09,US,Gilbert,Arizona,33.3528,-111.789,16.919999999999998,0,0.11,0.0,0.0,False,False
2026-09-09,US,Grand Forks,North Dakota,47.9253,-97.0328,1.18,0,0.01,0.0,0.0236220472440944,False,False
2026-09-09,US,Grand Rapids,Michigan,42.9634,-85.6681,38.06,0,0.24,0.0,0.4606299212598425,True,True
2026-09-09,US,Great Falls,Montana,47.5002,-111.3008,3.72,0,0.02,0.0,0.0,False,False
2026-09-09,US,Greenville,South Carolina,34.8526,-82.394,45.16,0,0.29,0.0,0.0,False,False
2026-09-09,US,Greenwich,Connecticut,41.0265,-73.6285,53.11,0,0.33,0.0,0.0236220472440944,False,False
2026-09-09,US,Gulfport,Mississippi,30.3674,-89.0928,8.19,0,0.05,0.0,0.0275590551181102,False,False
2026-09-09,US,Hampton,New Hampshire,42.9376,-70.8389,7.33,0,0.05,0.0,0.0314960629921259,False,False
2026-09-09,US,Hattiesburg,Mississippi,31.3271,-89.2903,4.49,0,0.03,0.0,0.0078740157480314,False,False
2026-09-09,US,Henderson,Nevada,36.0397,-114.9819,27.88,0,0.17,0.0,0.0,False,False
2026-09-09,US,Hoboken,New Jersey,40.744,-74.0324,38.2,0,0.24,0.0,0.0,False,False
2026-09-09,US,Honolulu,Hawaii,21.3069,-157.8583,105.15,0,0.67,0.0,0.0236220472440944,False,False
2026-09-09,US,Houston,Texas,29.7633,-95.3633,348.87,8,2.21,0.0,0.3149606299212598,True,True
2026-09-09,US,Huntington,West Virginia,38.4192,-82.4452,6.28,0,0.04,0.0,0.0157480314960629,False,False
2026-09-09,US,Huntsville,Alabama,34.7304,-86.5859,37.48,0,0.24,0.0,0.0078740157480314,False,False
2026-09-09,US,Hurricane,West Virginia,38.4326,-82.0201,3.24,0,0.02,0.0,0.0275590551181102,False,False
2026-09-09,US,Hyde Park,Vermont,44.5939,-72.6165,2.58,0,0.02,0.0,0.1299212598425196,False,False
2026-09-09,US,Indianapolis,Indiana,39.7684,-86.158,60.68,0,0.39,0.0,0.0826771653543307,False,False
2026-09-09,US,Iowa City,Iowa,41.6611,-91.5302,9.15,0,0.06,0.0,0.8543307086614172,True,True
2026-09-09,US,Jackson,Mississippi,32.2988,-90.1848,5.07,0,0.03,0.0,0.0196850393700787,False,False
2026-09-09,US,Jersey City,New Jersey,40.7282,-74.0776,73.78999999999999,0,0.47,0.0,0.0,False,False
2026-09-09,US,Jonesboro,Arkansas,35.8423,-90.7043,11.870000000000001,0,0.08,0.0,0.0511811023622047,False,False
2026-09-09,US,Kailua,Hawaii,21.4024,-157.7405,14.58,0,0.09,0.0,0.0354330708661417,False,False
2026-09-09,US,Kalispell,Montana,48.1958,-114.3129,4.53,0,0.03,0.0,0.0039370078740157,False,False
2026-09-09,US,Kaneohe,Hawaii,21.3999,-157.799,13.46,0,0.09,0.0,0.0354330708661417,False,False
2026-09-09,US,Kansas City,Missouri,39.0997,-94.5786,37.18,0,0.23,0.0,0.5551181102362205,True,True
2026-09-09,US,Knoxville,Tennessee,35.9606,-83.9207,51.94,0,0.33,0.0,0.0,False,False
2026-09-09,US,Kuna,Idaho,43.4918,-116.4201,9.57,0,0.06,0.0,0.0,False,False
2026-09-09,US,Lafayette,Louisiana,30.2241,-92.0198,30.77,0,0.19,0.0,0.0196850393700787,False,False
2026-09-09,US,Lake Oswego,Oregon,45.4207,-122.6706,22.75,0,0.14,0.0,0.0,False,False
2026-09-09,US,Lancaster,Pennsylvania,40.0379,-76.3055,22.74,0,0.14,0.0,0.0039370078740157,False,False
2026-09-09,US,Las Cruces,New Mexico,32.3123,-106.7783,9.02,0,0.06,0.0,0.0590551181102362,False,False
2026-09-09,US,Las Vegas,Nevada,36.175,-115.1372,75.75,0,0.48,0.0,0.0,False,False
2026-09-09,US,Lawrence,Kansas,38.9717,-95.2352,8.84,0,0.06,0.0,0.2637795275590551,True,True
2026-09-09,US,Leawood,Kansas,38.9667,-94.6169,8.16,0,0.05,0.0,0.5118110236220472,True,True
2026-09-09,US,Lennox,South Dakota,43.3541,-96.892,2.34,0,0.01,0.0,0.0,False,False
2026-09-09,US,Lewes,Delaware,38.7746,-75.1393,11.59,0,0.07,0.0,0.0,False,False
2026-09-09,US,Lexington,Kentucky,37.9887,-84.4777,45.6,0,0.29,0.0,0.0039370078740157,False,False
2026-09-09,US,Lincoln,Nebraska,40.8,-96.667,13.33,0,0.08,0.0,0.2952755905511811,True,True
2026-09-09,US,Little Rock,Arkansas,34.7465,-92.2896,32.2,0,0.21,0.0,0.0590551181102362,False,False
2026-09-09,US,Littleton,Colorado,39.6133,-105.0166,20.54,0,0.13,0.0,0.0078740157480314,False,False
2026-09-09,US,Los Alamos,New Mexico,35.8881,-106.307,4.07,0,0.03,0.0,0.1771653543307086,False,False
2026-09-09,US,Los Angeles,California,34.0522,-118.2437,305.03000000000003,15,1.93,0.0,0.0,False,False
2026-09-09,US,Louisville,Kentucky,38.2542,-85.7594,66.13,0,0.42,0.0,0.0472440944881889,False,False
2026-09-09,US,Macomb,Michigan,42.7009,-82.9591,11.75,0,0.07,0.0,0.5905511811023622,True,True
2026-09-09,US,Madison,Alabama,34.6993,-86.7483,14.75,0,0.09,0.0,0.0039370078740157,False,False
2026-09-09,US,Madison,Mississippi,32.4618,-90.1154,9.4,0,0.06,0.0,0.0157480314960629,False,False
2026-09-09,US,Madison,South Dakota,44.0061,-97.114,1.55,0,0.01,0.0,0.0,False,False
2026-09-09,US,Madison,Wisconsin,43.073,-89.4012,25.94,0,0.16,0.0,0.452755905511811,True,True
2026-09-09,US,Manchester,New Hampshire,42.9956,-71.4548,10.59,0,0.07,0.0,0.0748031496062992,False,False
2026-09-09,US,Marietta,Georgia,33.9526,-84.5499,70.82000000000001,0,0.45,0.0,0.0,False,False
2026-09-09,US,Memphis,Tennessee,35.1495,-90.049,40.39,0,0.26,0.0,0.0354330708661417,False,False
2026-09-09,US,Meridian,Idaho,43.6121,-116.3915,12.44,0,0.08,0.0,0.0,False,False
2026-09-09,US,Mesa,Arizona,33.4223,-111.8226,17.4,0,0.11,0.0,0.0039370078740157,False,False
2026-09-09,US,Metairie,Louisiana,29.9841,-90.1528,18.83,0,0.12,0.0,0.0157480314960629,False,False
2026-09-09,US,Miami,Florida,25.7743,-80.1937,340.92,4,2.16,0.0,0.3779527559055118,True,True
2026-09-09,US,Middlesboro,Kentucky,36.6084,-83.7166,2.84,0,0.02,0.0,0.0433070866141732,False,False
2026-09-09,US,Middletown,Delaware,39.4496,-75.7163,6.07,0,0.04,0.0,0.0,False,False
2026-09-09,US,Mililani,Hawaii,21.4504,-158.015,11.27,0,0.07,0.0,0.0511811023622047,False,False
2026-09-09,US,Milwaukee,Wisconsin,43.0389,-87.9065,32.74,0,0.21,0.0,0.468503937007874,True,True
2026-09-09,US,Minneapolis,Minnesota,44.98,-93.2638,65.81,0,0.41,0.0,0.0196850393700787,False,False
2026-09-09,US,Minnetonka,Minnesota,44.9133,-93.5033,8.45,0,0.05,0.0,0.0314960629921259,False,False
2026-09-09,US,Missoula,Montana,46.8722,-113.994,3.55,0,0.02,0.0,0.0,False,False
2026-09-09,US,Mobile,Alabama,30.6944,-88.043,20.4,0,0.13,0.0,0.0,False,False
2026-09-09,US,Morgantown,West Virginia,39.6295,-79.9559,12.88,0,0.08,0.0,0.0196850393700787,False,False
2026-09-09,US,Morristown,New Jersey,40.7968,-74.4815,25.57,0,0.16,0.0,0.0078740157480314,False,False
2026-09-09,US,Mount Pleasant,South Carolina,32.7941,-79.8626,26.61,0,0.17,0.0,0.0944881889763779,False,False
2026-09-09,US,Myrtle Beach,South Carolina,33.6891,-78.8867,30.96,0,0.2,0.0,0.0,False,False
2026-09-09,US,Naperville,Illinois,41.7859,-88.1473,38.11,0,0.24,0.0,0.6889763779527559,True,True
2026-09-09,US,Naples,Florida,26.1423,-81.796,96.0,0,0.61,0.0,0.7992125984251969,True,True
2026-09-09,US,Nashua,New Hampshire,42.7654,-71.4676,10.81,0,0.07,0.0,0.0433070866141732,False,False
2026-09-09,US,Nashville,Tennessee,36.1659,-86.7844,89.26,0,0.56,0.0,0.0826771653543307,False,False
2026-09-09,US,New Canaan,Connecticut,41.1468,-73.4948,21.03,0,0.13,0.0,0.0629921259842519,False,False
2026-09-09,US,New Castle,Delaware,39.6595,-75.5636,12.45,0,0.08,0.0,0.0,False,False
2026-09-09,US,New Orleans,Louisiana,29.9546,-90.0751,40.59,0,0.26,0.0,0.0157480314960629,False,False
2026-09-09,US,New York,New York,40.7143,-74.006,982.58,64,6.28,1.0,0.0,False,False
2026-09-09,US,Newark,Delaware,39.6837,-75.7497,13.5,0,0.09,0.0,0.0,False,False
2026-09-09,US,Norman,Oklahoma,35.2226,-97.4395,14.39,0,0.09,0.0,0.0039370078740157,False,False
2026-09-09,US,North Las Vegas,Nevada,36.1989,-115.1175,2.64,0,0.02,0.0,0.0,False,False
2026-09-09,US,Norwalk,Connecticut,41.1176,-73.4079,17.19,0,0.11,0.0,0.0118110236220472,False,False
2026-09-09,US,Oakland,California,37.8044,-122.2708,84.25,0,0.53,0.0,0.0,False,False
2026-09-09,US,Oklahoma City,Oklahoma,35.4676,-97.5164,28.94,0,0.18,0.0,0.0039370078740157,False,False
2026-09-09,US,Olathe,Kansas,38.8814,-94.8191,14.6,0,0.09,0.0,0.2401574803149606,True,True
2026-09-09,US,Omaha,Nebraska,41.2563,-95.9404,29.26,0,0.19,0.0,0.3622047244094488,True,True
2026-09-09,US,Orlando,Florida,28.5383,-81.3792,122.92999999999999,0,0.78,0.0,0.1377952755905512,False,False
2026-09-09,US,Overland Park,Kansas,38.9822,-94.6708,27.3,0,0.17,0.0,0.3858267716535433,True,True
2026-09-09,US,Paducah,Kentucky,37.0834,-88.6,10.43,0,0.07,0.0,0.1023622047244094,False,False
2026-09-09,US,Papillion,Nebraska,41.1544,-96.0422,4.65,0,0.03,0.0,0.4606299212598425,True,True
2026-09-09,US,Park City,Utah,40.6461,-111.498,9.15,0,0.06,0.0,0.0,False,False
2026-09-09,US,Philadelphia,Pennsylvania,39.9524,-75.1636,137.49,1,0.87,0.0,0.0,False,False
2026-09-09,US,Phoenix,Arizona,33.4484,-112.074,57.77,0,0.36,0.0,0.0,False,False
2026-09-09,US,Pittsburgh,Pennsylvania,40.4406,-79.9959,85.58,0,0.54,0.0,0.0787401574803149,False,False
2026-09-09,US,Plymouth,Michigan,42.3714,-83.4702,13.67,0,0.09,0.0,0.7322834645669292,True,True
2026-09-09,US,Plymouth,Minnesota,45.0105,-93.4555,15.34,0,0.1,0.0,0.0039370078740157,False,False
2026-09-09,US,Portland,Maine,43.6574,-70.2589,11.49,0,0.07,0.0,0.0275590551181102,False,False
2026-09-09,US,Portland,Oregon,45.5234,-122.6762,128.76,0,0.82,0.0,0.0,False,False
2026-09-09,US,Portsmouth,New Hampshire,43.077,-70.7577,6.47,0,0.04,0.0,0.0157480314960629,False,False
2026-09-09,US,Princeton,New Jersey,40.3487,-74.659,19.07,0,0.12,0.0,0.0,False,False
2026-09-09,US,Providence,Rhode Island,41.824,-71.4128,18.59,0,0.12,0.0,0.0236220472440944,False,False
2026-09-09,US,Raleigh,North Carolina,35.7721,-78.6386,84.77,0,0.53,0.0,0.0,False,False
2026-09-09,US,Rapid City,South Dakota,44.0805,-103.231,4.01,0,0.03,0.0,0.0,False,False
2026-09-09,US,Reading,Massachusetts,42.5256,-71.0953,119.65,6,0.76,0.0,0.0314960629921259,False,False
2026-09-09,US,Reno,Nevada,39.5296,-119.8138,24.9,0,0.16,0.0,0.0,False,False
2026-09-09,US,Richmond,Virginia,37.5538,-77.4603,59.3,0,0.38,0.0,0.0,False,False
2026-09-09,US,Rock Springs,Wyoming,41.5875,-109.2029,4.1,0,0.03,0.0,0.0,False,False
2026-09-09,US,Rockville,Maryland,39.084,-77.1528,25.94,0,0.17,0.0,0.0,False,False
2026-09-09,US,Rogers,Arkansas,36.332,-94.1185,12.950000000000001,0,0.08,0.0,0.0,False,False
2026-09-09,US,Saint Charles,Missouri,38.7839,-90.4812,14.09,0,0.09,0.0,0.0118110236220472,False,False
2026-09-09,US,Saint Louis,Missouri,38.6517,-90.2053,63.43,0,0.4,0.0,0.0039370078740157,False,False
2026-09-09,US,Saint Paul,Minnesota,44.9444,-93.0933,33.19,0,0.21,0.0,0.0275590551181102,False,False
2026-09-09,US,Salem,Oregon,44.9429,-123.0351,13.27,0,0.09,0.0,0.0,False,False
2026-09-09,US,Salt Lake City,Utah,40.7608,-111.891,21.3,0,0.14,0.0,0.0,False,False
2026-09-09,US,San Antonio,Texas,29.4241,-98.4936,96.51,0,0.61,0.0,0.0118110236220472,False,False
2026-09-09,US,San Diego,California,32.7157,-117.1647,155.7,2,0.98,0.0,0.0078740157480314,False,False
2026-09-09,US,San Francisco,California,37.7749,-122.4194,314.07,13,1.99,0.0,0.0,False,False
2026-09-09,US,San Jose,California,37.3394,-121.895,123.43,1,0.79,0.0,0.0,False,False
2026-09-09,US,Sandy,Utah,40.5916,-111.8841,7.35,0,0.05,0.0,0.0,False,False
2026-09-09,US,Santa Fe,New Mexico,35.687,-105.9378,12.83,0,0.08,0.0,0.0669291338582677,False,False
2026-09-09,US,Savannah,Georgia,32.0835,-81.0998,40.33,0,0.26,0.0,0.2637795275590551,True,True
2026-09-09,US,Scarborough,Maine,43.5781,-70.3217,7.6000000000000005,0,0.05,0.0,0.0236220472440944,False,False
2026-09-09,US,Scottsdale,Arizona,33.5092,-111.899,47.09,0,0.3,0.0,0.0,False,False
2026-09-09,US,Seattle,Washington,47.6062,-122.3321,193.93,3,1.23,0.0,0.0,False,False
2026-09-09,US,Sheridan,Wyoming,44.7972,-106.9562,5.18,0,0.03,0.0,0.0,False,False
2026-09-09,US,Shreveport,Louisiana,32.5251,-93.7502,36.61,0,0.23,0.0,0.0078740157480314,False,False
2026-09-09,US,Silver Spring,Maryland,38.9907,-77.0261,27.759999999999998,0,0.18,0.0,0.0,False,False
2026-09-09,US,Sioux Falls,South Dakota,43.55,-96.7003,7.63,0,0.05,0.0,0.0,False,False
2026-09-09,US,Sitka,Alaska,57.0532,-135.3309,1.99,0,0.01,0.0,2.4960629921259843,True,True
2026-09-09,US,Somerville,Massachusetts,42.3876,-71.0995,23.03,0,0.15,0.0,0.0314960629921259,False,False
2026-09-09,US,South Burlington,Vermont,44.467,-73.171,5.86,0,0.04,0.0,0.2952755905511811,True,True
2026-09-09,US,South Jordan,Utah,40.5622,-111.9297,11.5,0,0.07,0.0,0.0,False,False
2026-09-09,US,Southaven,Mississippi,34.989,-90.0126,5.2700000000000005,0,0.03,0.0,0.0118110236220472,False,False
2026-09-09,US,Spokane,Washington,47.6569,-117.425,12.23,0,0.08,0.0,0.0,False,False
2026-09-09,US,Springfield,Missouri,37.2153,-93.2982,14.24,0,0.09,0.0,0.0196850393700787,False,False
2026-09-09,US,Stamford,Connecticut,41.0534,-73.5387,20.45,0,0.13,0.0,0.0314960629921259,False,False
2026-09-09,US,Staten Island,New York,40.5623,-74.1399,62.62,0,0.39,0.0,0.0,False,False
2026-09-09,US,Stowe,Vermont,44.4653,-72.6846,4.08,0,0.03,0.0,0.1496062992125984,False,False
2026-09-09,US,Tacoma,Washington,47.2529,-122.4443,28.16,0,0.18,0.0,0.0,False,False
2026-09-09,US,Tampa,Florida,27.9475,-82.4584,87.63,0,0.56,0.0,0.1496062992125984,False,False
2026-09-09,US,Tijeras,New Mexico,35.0809,-106.3881,3.67,0,0.02,0.0,0.2992125984251968,True,True
2026-09-09,US,Tucson,Arizona,32.2217,-110.9265,50.660000000000004,0,0.32,0.0,0.0039370078740157,False,False
2026-09-09,US,Tulsa,Oklahoma,36.154,-95.9928,56.67,0,0.36,0.0,0.0039370078740157,False,False
2026-09-09,US,Vancouver,Washington,45.6387,-122.6615,34.33,0,0.21,0.0,0.0,False,False
2026-09-09,US,Virginia Beach,Virginia,36.8529,-75.978,60.29,0,0.38,0.0,0.0,False,False
2026-09-09,US,Warwick,Rhode Island,41.7001,-71.4162,5.91,0,0.03,0.0,0.0039370078740157,False,False
2026-09-09,US,Washington,District of Columbia,38.8951,-77.0364,221.81,3,1.41,0.0,0.0,False,False
2026-09-09,US,Wasilla,Alaska,61.5809,-149.4415,1.26,0,0.01,0.0,0.2322834645669291,True,True
2026-09-09,US,Waukesha,Wisconsin,43.0117,-88.2315,8.28,0,0.05,0.0,0.3661417322834646,True,True
2026-09-09,US,West Chester,Pennsylvania,39.961,-75.608,22.06,0,0.14,0.0,0.0,False,False
2026-09-09,US,West Des Moines,Iowa,41.5772,-93.7113,6.92,0,0.04,0.0,0.3503937007874015,True,True
2026-09-09,US,West Fargo,North Dakota,46.875,-96.9004,5.02,0,0.03,0.0,0.0236220472440944,False,False
2026-09-09,US,West Lafayette,Indiana,40.4259,-86.9081,11.55,0,0.07,0.0,0.0196850393700787,False,False
2026-09-09,US,Westfield,New Jersey,40.659,-74.3474,23.41,0,0.15,0.0,0.0039370078740157,False,False
2026-09-09,US,Wheeling,West Virginia,40.064,-80.7209,7.22,0,0.05,0.0,0.0275590551181102,False,False
2026-09-09,US,Whitefish Bay,Wisconsin,43.1133,-87.9001,8.41,0,0.05,0.0,0.5748031496062992,True,True
2026-09-09,US,Wichita,Kansas,37.6922,-97.3375,29.25,0,0.19,0.0,0.374015748031496,True,True
2026-09-09,US,Wilmette,Illinois,42.0722,-87.7228,20.71,0,0.13,0.0,0.3503937007874015,True,True
2026-09-09,US,Wilmington,Delaware,39.746,-75.5466,34.95,0,0.22,0.0,0.0,False,False
2026-09-09,US,Wilmington,North Carolina,34.2356,-77.946,39.55,0,0.25,0.0,0.0,False,False
2026-09-10,CAN,Blainville,Quebec,45.6668,-73.8825,4.0200000000000005,0,0.0,0.0,0.4606299212598425,True,True
2026-09-10,CAN,Brossard,Quebec,45.4501,-73.4658,2.91,0,0.0,0.0,0.4763779527559055,True,True
2026-09-10,CAN,Burnaby,British Columbia,49.2664,-122.9526,37.879999999999995,0,0.0,0.0,0.0,False,False
2026-09-10,CAN,Calgary,Alberta,51.0501,-114.0853,61.78,0,0.0,0.0,0.2834645669291338,True,True
2026-09-10,CAN,Cote-Saint-Luc,Quebec,45.4654,-73.6659,2.47,0,0.0,0.0,0.3503937007874015,True,True
2026-09-10,CAN,Dartmouth,Nova Scotia,44.6713,-63.5772,1.17,0,0.0,0.0,0.6968503937007874,True,True
2026-09-10,CAN,Dieppe,New Brunswick,46.0784,-64.6874,4.59,0,0.0,0.0,0.5708661417322834,True,True
2026-09-10,CAN,Dorval,Quebec,45.4473,-73.7534,2.7600000000000002,0,0.0,0.0,0.2204724409448818,True,True
2026-09-10,CAN,Edmonton,Alberta,53.5501,-113.4687,26.5,0,0.0,0.0,0.0708661417322834,False,False
2026-09-10,CAN,Fredericton,New Brunswick,45.9454,-66.6656,1.3900000000000001,0,0.0,0.0,0.5393700787401574,True,True
2026-09-10,CAN,Guelph,Ontario,43.5459,-80.256,11.14,0,0.0,0.0,0.0433070866141732,False,False
2026-09-10,CAN,Halifax,Nova Scotia,44.6427,-63.5769,8.9,0,0.0,0.0,0.7401574803149606,True,True
2026-09-10,CAN,Headingley,Manitoba,49.8753,-97.409,1.21,0,0.0,0.0,0.0,False,False
2026-09-10,CAN,Kingston,Ontario,44.2298,-76.481,7.8,0,0.0,0.0,0.0196850393700787,False,False
2026-09-10,CAN,Markham,Ontario,43.8668,-79.2663,14.67,0,0.0,0.0,0.0433070866141732,False,False
2026-09-10,CAN,Moncton,New Brunswick,46.0945,-64.7965,2.22,0,0.0,0.0,0.6692913385826772,True,True
2026-09-10,CAN,Montreal,Quebec,45.5088,-73.5878,36.24,0,0.0,0.0,0.2559055118110236,True,True
2026-09-10,CAN,North Vancouver,British Columbia,49.3164,-123.0693,28.38,0,0.0,0.0,0.0,False,False
2026-09-10,CAN,Ottawa,Ontario,45.4112,-75.6981,59.56,0,0.0,0.0,0.2086614173228346,True,True
2026-09-10,CAN,Paradise,Newfoundland and Labrador,47.5333,-52.9667,1.3900000000000001,0,0.0,0.0,0.0157480314960629,False,False
2026-09-10,CAN,Regina,Saskatchewan,50.4501,-104.6178,1.31,0,0.0,0.0,0.0,False,False
2026-09-10,CAN,Saskatoon,Saskatchewan,52.1324,-106.6689,6.26,0,0.0,0.0,0.0629921259842519,False,False
2026-09-10,CAN,St. Albert,Alberta,53.6334,-113.6353,3.23,0,0.0,0.0,0.0944881889763779,False,False
2026-09-10,CAN,St. John'S,Newfoundland and Labrador,47.5649,-52.7093,1.5,0,0.0,0.0,0.0354330708661417,False,False
2026-09-10,CAN,Surrey,British Columbia,49.1064,-122.8251,43.74,0,0.0,0.0,0.0,False,False
2026-09-10,CAN,Toronto,Ontario,43.7064,-79.3986,182.63,10,0.0,0.0,0.0236220472440944,False,False
2026-09-10,CAN,Vancouver,British Columbia,49.2497,-123.1193,139.69,2,0.0,0.0,0.0,False,False
2026-09-10,CAN,Victoria,British Columbia,48.4359,-123.3516,33.019999999999996,0,0.0,0.0,0.0196850393700787,False,False
2026-09-10,CAN,Wainwright,Alberta,52.8348,-110.8534,0.99,0,0.0,0.0,0.0472440944881889,False,False
2026-09-10,CAN,West Baptiste,Alberta,54.7502,-113.5688,0.5800000000000001,0,0.0,0.0,0.0787401574803149,False,False
2026-09-10,CAN,Winnipeg,Manitoba,49.8844,-97.147,6.82,0,0.0,0.0,0.0,False,False
2026-09-10,CAN,Yellow Grass,Saskatchewan,49.8001,-104.1678,1.69,0,0.0,0.0,0.0,False,False
2026-09-10,UK,Aberdare,Wales,51.7144,-3.4492,0.84,0,0.0,0.0,0.4488188976377953,True,True
2026-09-10,UK,Aberdeen,Scotland,57.1437,-2.0981,0.9,0,0.0,0.0,0.1811023622047244,False,False
2026-09-10,UK,Aboyne,Scotland,57.0755,-2.7802,0.34,0,0.0,0.0,0.0984251968503936,False,False
2026-09-10,UK,Balerno,Scotland,55.8844,-3.3398,0.42,0,0.0,0.0,0.2244094488188976,True,True
2026-09-10,UK,Banchory,Scotland,57.0517,-2.4882,0.54,0,0.0,0.0,0.1496062992125984,False,False
2026-09-10,UK,Barrhead,Scotland,55.7992,-4.3928,0.46,0,0.0,0.0,0.2755905511811024,True,True
2026-09-10,UK,Belfast,Northern Ireland,54.5968,-5.9254,0.44,0,0.0,0.0,0.1811023622047244,False,False
2026-09-10,UK,Birmingham,England,52.4814,-1.8998,1.84,0,0.0,0.0,0.0118110236220472,False,False
2026-09-10,UK,Brighton,England,50.8284,-0.1395,1.5,0,0.0,0.0,0.0118110236220472,False,False
2026-09-10,UK,Bristol,England,51.4552,-2.5966,6.42,0,0.0,0.0,0.0314960629921259,False,False
2026-09-10,UK,Cardiff,Wales,51.48,-3.18,1.2,0,0.0,0.0,0.2952755905511811,True,True
2026-09-10,UK,Clarbeston Road,Wales,51.8514,-4.8806,0.4,0,0.0,0.0,0.2086614173228346,True,True
2026-09-10,UK,Craigavon,Northern Ireland,54.4471,-6.387,0.4,0,0.0,0.0,0.1535433070866141,False,False
2026-09-10,UK,Cwmbran,Wales,51.6545,-3.0228,0.4,0,0.0,0.0,0.2125984251968504,True,True
2026-09-10,UK,Dromara,Northern Ireland,54.3667,-6.0167,0.38,0,0.0,0.0,0.1338582677165354,False,False
2026-09-10,UK,Dunfermline,Scotland,56.0716,-3.4589,0.9,0,0.0,0.0,0.2598425196850393,True,True
2026-09-10,UK,Edinburgh,Scotland,55.9521,-3.1965,1.78,0,0.0,0.0,0.2677165354330708,True,True
2026-09-10,UK,Glasgow,Scotland,55.8652,-4.2576,2.26,0,0.0,0.0,0.3779527559055118,True,True
2026-09-10,UK,Hove,England,50.8309,-0.1672,1.84,0,0.0,0.0,0.0118110236220472,False,False
2026-09-10,UK,Llanidloes,Wales,52.4498,-3.54,0.38,0,0.0,0.0,0.1259842519685039,False,False
2026-09-10,UK,London,England,51.5085,-0.1257,47.54,2,0.0,0.0,0.0039370078740157,False,False
2026-09-10,UK,Manchester,England,53.481,-2.2374,1.76,0,0.0,0.0,0.1220472440944882,False,False
2026-09-10,UK,Merthyr Tydfil,Wales,51.7479,-3.3778,0.44,0,0.0,0.0,0.4488188976377953,True,True
2026-09-10,UK,Newry,Northern Ireland,54.1784,-6.3374,0.84,0,0.0,0.0,0.2755905511811024,True,True
2026-09-10,UK,Port Talbot,Wales,51.5924,-3.7802,0.46,0,0.0,0.0,0.437007874015748,True,True
2026-09-10,UK,Sheffield,England,53.383,-1.4659,2.76,0,0.0,0.0,0.0078740157480314,False,False
2026-09-10,UK,Swansea,Wales,51.6214,-3.9436,0.38,0,0.0,0.0,0.2992125984251968,True,True
2026-09-10,UK,Swindon,England,51.558,-1.7812,3.36,0,0.0,0.0,0.0236220472440944,False,False
2026-09-10,US,Aberdeen,South Dakota,45.4647,-98.4865,1.12,0,0.0,0.0,0.0,False,False
2026-09-10,US,Albuquerque,New Mexico,35.0845,-106.6511,39.61,0,0.17,0.0,0.0118110236220472,False,False
2026-09-10,US,Alexandria,Virginia,38.8048,-77.0469,107.8,0,0.47,0.0,0.0433070866141732,False,False
2026-09-10,US,Alpharetta,Georgia,34.0754,-84.2941,33.65,0,0.14,0.0,0.0433070866141732,False,False
2026-09-10,US,Ames,Iowa,42.0347,-93.6199,6.06,0,0.03,0.0,0.0,False,False
2026-09-10,US,Anchorage,Alaska,61.2181,-149.9003,9.68,0,0.04,0.0,0.0,False,False
2026-09-10,US,Ann Arbor,Michigan,42.2776,-83.7409,35.04,0,0.15,0.0,0.0,False,False
2026-09-10,US,Annapolis,Maryland,38.9786,-76.4918,24.62,0,0.11,0.0,0.0,False,False
2026-09-10,US,Appleton,Wisconsin,44.2619,-88.4154,7.7299999999999995,0,0.03,0.0,0.0,False,False
2026-09-10,US,Arlington,Virginia,38.881,-77.1043,77.41,0,0.33,0.0,0.0433070866141732,False,False
2026-09-10,US,Astoria,New York,40.772,-73.9301,34.75,0,0.15,0.0,0.0393700787401574,False,False
2026-09-10,US,Atlanta,Georgia,33.749,-84.388,153.08,1,0.66,0.0,0.0236220472440944,False,False
2026-09-10,US,Aurora,Colorado,39.7294,-104.8319,17.080000000000002,0,0.07,0.0,0.0,False,False
2026-09-10,US,Austin,Texas,30.2672,-97.7431,197.06,4,0.85,0.0,0.0196850393700787,False,False
2026-09-10,US,Baltimore,Maryland,39.2904,-76.6122,47.28,0,0.2,0.0,0.0196850393700787,False,False
2026-09-10,US,Bangor,Maine,44.7988,-68.7726,3.7600000000000002,0,0.02,0.0,0.3543307086614173,True,True
2026-09-10,US,Barrington,Rhode Island,41.7407,-71.3087,10.0,0,0.04,0.0,0.0039370078740157,False,False
2026-09-10,US,Baton Rouge,Louisiana,30.4433,-91.1875,53.06,0,0.23,0.0,0.0944881889763779,False,False
2026-09-10,US,Beaverton,Oregon,45.4871,-122.8037,15.38,0,0.07,0.0,0.0,False,False
2026-09-10,US,Bellevue,Nebraska,41.1367,-95.8908,3.14,0,0.01,0.0,0.0,False,False
2026-09-10,US,Bellevue,Washington,47.6104,-122.2007,34.58,0,0.15,0.0,0.0,False,False
2026-09-10,US,Bentonville,Arkansas,36.3728,-94.2088,17.76,0,0.07,0.0,0.0511811023622047,False,False
2026-09-10,US,Berkley,Massachusetts,41.8459,-71.0828,13.29,0,0.06,0.0,0.0157480314960629,False,False
2026-09-10,US,Bethesda,Maryland,38.9807,-77.1003,49.36,0,0.21,0.0,0.0393700787401574,False,False
2026-09-10,US,Billings,Montana,45.7833,-108.5007,8.11,0,0.03,0.0,0.0,False,False
2026-09-10,US,Birmingham,Alabama,33.5207,-86.8025,47.31,0,0.2,0.0,0.0,False,False
2026-09-10,US,Bismarck,North Dakota,46.8083,-100.7837,3.4899999999999998,0,0.02,0.0,0.0,False,False
2026-09-10,US,Bloomfield Hills,Michigan,42.5836,-83.2455,23.01,0,0.1,0.0,0.0078740157480314,False,False
2026-09-10,US,Bloomington,Indiana,39.1653,-86.5264,18.71,0,0.08,0.0,0.1732283464566929,False,False
2026-09-10,US,Boca Raton,Florida,26.3587,-80.0831,76.35,0,0.32,0.0,0.8031496062992125,True,True
2026-09-10,US,Boise,Idaho,43.6135,-116.2034,21.13,0,0.09,0.0,0.0,False,False
2026-09-10,US,Boston,Massachusetts,42.3584,-71.0598,126.41,1,0.54,0.0,0.0944881889763779,False,False
2026-09-10,US,Bowling Green,Kentucky,36.9903,-86.4436,8.71,0,0.04,0.0,1.574803149606299,True,True
2026-09-10,US,Bozeman,Montana,45.6796,-111.0386,6.2700000000000005,0,0.03,0.0,0.0,False,False
2026-09-10,US,Broken Arrow,Oklahoma,36.0526,-95.7908,11.23,0,0.05,0.0,0.7007874015748031,True,True
2026-09-10,US,Bronx,New York,40.8499,-73.8664,57.72,0,0.24,0.0,0.0196850393700787,False,False
2026-09-10,US,Brooklyn,New York,40.6501,-73.9496,497.91,27,2.14,0.0,0.0275590551181102,False,False
2026-09-10,US,Burlington,Vermont,44.4759,-73.2121,4.64,0,0.02,0.0,0.1496062992125984,False,False
2026-09-10,US,Cambridge,Massachusetts,42.3751,-71.1056,45.42,0,0.19,0.0,0.0944881889763779,False,False
2026-09-10,US,Carmel,Indiana,39.9784,-86.118,34.480000000000004,0,0.15,0.0,0.2125984251968504,True,True
2026-09-10,US,Carson City,Nevada,39.1638,-119.7674,2.8400000000000003,0,0.01,0.0,0.0196850393700787,False,False
2026-09-10,US,Casper,Wyoming,42.8666,-106.3131,1.3,0,0.01,0.0,0.0,False,False
2026-09-10,US,Cedar Rapids,Iowa,42.0083,-91.6441,12.69,0,0.05,0.0,0.0,False,False
2026-09-10,US,Chapel Hill,North Carolina,35.9132,-79.0558,29.78,0,0.13,0.0,0.0,False,False
2026-09-10,US,Charleston,South Carolina,32.7763,-79.9328,40.92,0,0.17,0.0,0.3937007874015747,True,True
2026-09-10,US,Charleston,West Virginia,38.3498,-81.6326,5.39,0,0.02,0.0,0.2480314960629921,True,True
2026-09-10,US,Charlotte,North Carolina,35.2271,-80.8431,134.37,1,0.58,0.0,0.0,False,False
2026-09-10,US,Chattanooga,Tennessee,35.0456,-85.3097,23.349999999999998,0,0.1,0.0,0.0,False,False
2026-09-10,US,Chesterfield,Missouri,38.6631,-90.5771,19.61,0,0.08,0.0,0.5039370078740157,True,True
2026-09-10,US,Cheyenne,Wyoming,41.14,-104.8202,6.4,0,0.03,0.0,0.0,False,False
2026-09-10,US,Chicago,Illinois,41.85,-87.65,374.15,17,1.6,0.0,0.0,False,False
2026-09-10,US,Cincinnati,Ohio,39.1271,-84.5144,94.54,0,0.4,0.0,1.3779527559055118,True,True
2026-09-10,US,Cleveland,Ohio,41.4995,-81.6954,19.06,0,0.08,0.0,0.0236220472440944,False,False
2026-09-10,US,Cody,Wyoming,44.5263,-109.0565,1.78,0,0.01,0.0,0.0,False,False
2026-09-10,US,Coeur D'Alene,Idaho,47.6777,-116.7805,1.25,0,0.01,0.0,0.0078740157480314,False,False
2026-09-10,US,Colorado Springs,Colorado,38.8339,-104.8214,36.94,0,0.16,0.0,0.0078740157480314,False,False
2026-09-10,US,Columbia,South Carolina,34.0007,-81.0348,29.29,0,0.13,0.0,0.0118110236220472,False,False
2026-09-10,US,Columbus,Ohio,39.9612,-82.9988,78.91,0,0.34,0.0,0.3858267716535433,True,True
2026-09-10,US,Cordova,Alaska,60.5432,-145.7587,3.75,0,0.02,0.0,0.0,False,False
2026-09-10,US,Cranston,Rhode Island,41.7798,-71.4373,5.31,0,0.02,0.0,0.0078740157480314,False,False
2026-09-10,US,Dallas,Texas,32.7831,-96.8067,191.11,2,0.82,0.0,0.0314960629921259,False,False
2026-09-10,US,Dayton,Ohio,39.759,-84.1916,30.09,0,0.12,0.0,0.8740157480314961,True,True
2026-09-10,US,Decatur,Georgia,33.7748,-84.2963,25.42,0,0.11,0.0,0.0354330708661417,False,False
2026-09-10,US,Denver,Colorado,39.7392,-104.9847,71.44,0,0.31,0.0,0.0,False,False
2026-09-10,US,Des Moines,Iowa,41.6005,-93.6091,8.65,0,0.03,0.0,0.0,False,False
2026-09-10,US,Dickinson,North Dakota,46.8792,-102.7896,3.33,0,0.01,0.0,0.0,False,False
2026-09-10,US,Downers Grove,Illinois,41.8089,-88.0112,18.35,0,0.08,0.0,0.0,False,False
2026-09-10,US,Doylestown,Pennsylvania,40.3101,-75.1299,20.630000000000003,0,0.09,0.0,0.0039370078740157,False,False
2026-09-10,US,Dublin,Ohio,40.0992,-83.1141,20.73,0,0.09,0.0,0.6259842519685039,True,True
2026-09-10,US,Durham,North Carolina,35.994,-78.8986,28.38,0,0.12,0.0,0.0,False,False
2026-09-10,US,Eagle,Idaho,43.6954,-116.354,5.75,0,0.02,0.0,0.0,False,False
2026-09-10,US,Eagle Mountain,Utah,40.3144,-111.9849,1.72,0,0.01,0.0,0.0,False,False
2026-09-10,US,East Greenwich,Rhode Island,41.6604,-71.4559,4.72,0,0.02,0.0,0.0039370078740157,False,False
2026-09-10,US,Eden Prairie,Minnesota,44.8547,-93.4708,10.370000000000001,0,0.04,0.0,0.0,False,False
2026-09-10,US,Edmond,Oklahoma,35.6528,-97.4781,48.4,0,0.21,0.0,0.5905511811023622,True,True
2026-09-10,US,Eliot,Maine,43.1531,-70.8001,2.99,0,0.01,0.0,0.5590551181102362,True,True
2026-09-10,US,Elkhorn,Nebraska,41.345,-96.256,7.42,0,0.03,0.0,0.0,False,False
2026-09-10,US,Essex Junction,Vermont,44.4906,-73.111,3.08,0,0.01,0.0,0.1811023622047244,False,False
2026-09-10,US,Eugene,Oregon,44.0521,-123.0868,16.39,0,0.07,0.0,0.0,False,False
2026-09-10,US,Evanston,Illinois,42.0411,-87.6901,22.58,0,0.09,0.0,0.0,False,False
2026-09-10,US,Ewa Beach,Hawaii,21.3156,-158.0072,21.03,0,0.09,0.0,0.1220472440944882,False,False
2026-09-10,US,Exeter,New Hampshire,42.9815,-70.9478,4.7299999999999995,0,0.02,0.0,0.5551181102362205,True,True
2026-09-10,US,Fairbanks,Alaska,64.8378,-147.7164,2.79,0,0.01,0.0,0.1653543307086614,False,False
2026-09-10,US,Fairfax,Virginia,38.8462,-77.3064,37.39,0,0.16,0.0,0.1377952755905512,False,False
2026-09-10,US,Fairfield,Connecticut,41.1412,-73.2637,19.77,0,0.09,0.0,0.0196850393700787,False,False
2026-09-10,US,Fairhope,Alabama,30.523,-87.9033,12.5,0,0.05,0.0,0.7795275590551182,True,True
2026-09-10,US,Falmouth,Maine,43.7295,-70.242,5.31,0,0.02,0.0,0.2519685039370078,True,True
2026-09-10,US,Fargo,North Dakota,46.8772,-96.7898,8.42,0,0.04,0.0,0.0,False,False
2026-09-10,US,Fayetteville,Arkansas,36.0626,-94.1574,12.01,0,0.05,0.0,0.0236220472440944,False,False
2026-09-10,US,Fort Collins,Colorado,40.5853,-105.0844,17.74,0,0.08,0.0,0.0,False,False
2026-09-10,US,Fort Wayne,Indiana,41.1306,-85.1289,26.0,0,0.11,0.0,0.1850393700787401,False,False
2026-09-10,US,Fort Worth,Texas,32.7254,-97.3208,79.59,0,0.34,0.0,0.0393700787401574,False,False
2026-09-10,US,Franklin,Tennessee,35.9251,-86.8689,38.35,0,0.16,0.0,0.1574803149606299,False,False
2026-09-10,US,Gilbert,Arizona,33.3528,-111.789,17.07,0,0.07,0.0,0.0078740157480314,False,False
2026-09-10,US,Grand Forks,North Dakota,47.9253,-97.0328,1.16,0,0.0,0.0,0.0,False,False
2026-09-10,US,Grand Rapids,Michigan,42.9634,-85.6681,38.41,0,0.16,0.0,0.0,False,False
2026-09-10,US,Great Falls,Montana,47.5002,-111.3008,3.73,0,0.02,0.0,0.0,False,False
2026-09-10,US,Greenville,South Carolina,34.8526,-82.394,45.69,0,0.19,0.0,0.0,False,False
2026-09-10,US,Greenwich,Connecticut,41.0265,-73.6285,53.6,0,0.23,0.0,0.0039370078740157,False,False
2026-09-10,US,Gulfport,Mississippi,30.3674,-89.0928,8.31,0,0.04,0.0,0.2440944881889764,True,True
2026-09-10,US,Hampton,New Hampshire,42.9376,-70.8389,7.42,0,0.03,0.0,0.5118110236220472,True,True
2026-09-10,US,Hattiesburg,Mississippi,31.3271,-89.2903,4.51,0,0.02,0.0,0.2244094488188976,True,True
2026-09-10,US,Henderson,Nevada,36.0397,-114.9819,28.18,0,0.12,0.0,0.0,False,False
2026-09-10,US,Hoboken,New Jersey,40.744,-74.0324,38.54,0,0.16,0.0,0.0393700787401574,False,False
2026-09-10,US,Honolulu,Hawaii,21.3069,-157.8583,106.22,0,0.46,0.0,0.1181102362204724,False,False
2026-09-10,US,Houston,Texas,29.7633,-95.3633,352.55,8,1.52,0.0,0.1456692913385827,False,False
2026-09-10,US,Huntington,West Virginia,38.4192,-82.4452,6.35,0,0.03,0.0,0.7322834645669292,True,True
2026-09-10,US,Huntsville,Alabama,34.7304,-86.5859,37.75,0,0.17,0.0,0.0118110236220472,False,False
2026-09-10,US,Hurricane,West Virginia,38.4326,-82.0201,3.31,0,0.01,0.0,0.5314960629921259,True,True
2026-09-10,US,Hyde Park,Vermont,44.5939,-72.6165,2.65,0,0.01,0.0,0.4724409448818897,True,True
2026-09-10,US,Indianapolis,Indiana,39.7684,-86.158,61.26,0,0.27,0.0,0.2401574803149606,True,True
2026-09-10,US,Iowa City,Iowa,41.6611,-91.5302,9.23,0,0.04,0.0,0.0,False,False
2026-09-10,US,Jackson,Mississippi,32.2988,-90.1848,5.11,0,0.02,0.0,0.0354330708661417,False,False
2026-09-10,US,Jersey City,New Jersey,40.7282,-74.0776,74.57,0,0.32,0.0,0.0393700787401574,False,False
2026-09-10,US,Jonesboro,Arkansas,35.8423,-90.7043,11.98,0,0.05,0.0,0.0196850393700787,False,False
2026-09-10,US,Kailua,Hawaii,21.4024,-157.7405,14.69,0,0.06,0.0,0.2677165354330708,True,True
2026-09-10,US,Kalispell,Montana,48.1958,-114.3129,4.57,0,0.02,0.0,0.0039370078740157,False,False
2026-09-10,US,Kaneohe,Hawaii,21.3999,-157.799,13.51,0,0.06,0.0,0.2677165354330708,True,True
2026-09-10,US,Kansas City,Missouri,39.0997,-94.5786,37.51,0,0.16,0.0,0.1889763779527559,False,False
2026-09-10,US,Knoxville,Tennessee,35.9606,-83.9207,52.5,0,0.23,0.0,0.0314960629921259,False,False
2026-09-10,US,Kuna,Idaho,43.4918,-116.4201,9.629999999999999,0,0.04,0.0,0.0,False,False
2026-09-10,US,Lafayette,Louisiana,30.2241,-92.0198,31.05,0,0.13,0.0,0.1811023622047244,False,False
2026-09-10,US,Lake Oswego,Oregon,45.4207,-122.6706,23.0,0,0.1,0.0,0.0,False,False
2026-09-10,US,Lancaster,Pennsylvania,40.0379,-76.3055,22.99,0,0.1,0.0,0.0,False,False
2026-09-10,US,Las Cruces,New Mexico,32.3123,-106.7783,9.09,0,0.04,0.0,0.0748031496062992,False,False
2026-09-10,US,Las Vegas,Nevada,36.175,-115.1372,76.6,0,0.33,0.0,0.0,False,False
2026-09-10,US,Lawrence,Kansas,38.9717,-95.2352,8.92,0,0.04,0.0,0.3110236220472441,True,True
2026-09-10,US,Leawood,Kansas,38.9667,-94.6169,8.17,0,0.03,0.0,0.2047244094488189,True,True
2026-09-10,US,Lennox,South Dakota,43.3541,-96.892,2.37,0,0.01,0.0,0.0,False,False
2026-09-10,US,Lewes,Delaware,38.7746,-75.1393,11.74,0,0.05,0.0,0.0039370078740157,False,False
2026-09-10,US,Lexington,Kentucky,37.9887,-84.4777,45.99,0,0.2,0.0,0.7992125984251969,True,True
2026-09-10,US,Lincoln,Nebraska,40.8,-96.667,13.47,0,0.06,0.0,0.0,False,False
2026-09-10,US,Little Rock,Arkansas,34.7465,-92.2896,32.5,0,0.14,0.0,0.0314960629921259,False,False
2026-09-10,US,Littleton,Colorado,39.6133,-105.0166,20.73,0,0.09,0.0,0.0,False,False
2026-09-10,US,Los Alamos,New Mexico,35.8881,-106.307,4.1,0,0.02,0.0,0.0196850393700787,False,False
2026-09-10,US,Los Angeles,California,34.0522,-118.2437,308.14,14,1.32,0.0,0.0,False,False
2026-09-10,US,Louisville,Kentucky,38.2542,-85.7594,66.73,0,0.29,0.0,0.6732283464566929,True,True
2026-09-10,US,Macomb,Michigan,42.7009,-82.9591,11.89,0,0.05,0.0,0.0039370078740157,False,False
2026-09-10,US,Madison,Alabama,34.6993,-86.7483,14.93,0,0.06,0.0,0.0,False,False
2026-09-10,US,Madison,Mississippi,32.4618,-90.1154,9.52,0,0.04,0.0,0.0748031496062992,False,False
2026-09-10,US,Madison,South Dakota,44.0061,-97.114,1.57,0,0.01,0.0,0.0,False,False
2026-09-10,US,Madison,Wisconsin,43.073,-89.4012,26.29,0,0.11,0.0,0.0,False,False
2026-09-10,US,Manchester,New Hampshire,42.9956,-71.4548,10.63,0,0.05,0.0,0.5354330708661417,True,True
2026-09-10,US,Marietta,Georgia,33.9526,-84.5499,71.61,0,0.3,0.0,0.0196850393700787,False,False
2026-09-10,US,Memphis,Tennessee,35.1495,-90.049,40.8,0,0.17,0.0,0.0551181102362204,False,False
2026-09-10,US,Meridian,Idaho,43.6121,-116.3915,12.6,0,0.05,0.0,0.0,False,False
2026-09-10,US,Mesa,Arizona,33.4223,-111.8226,17.52,0,0.08,0.0,0.0118110236220472,False,False
2026-09-10,US,Metairie,Louisiana,29.9841,-90.1528,19.0,0,0.08,0.0,0.3503937007874015,True,True
2026-09-10,US,Miami,Florida,25.7743,-80.1937,344.4,8,1.48,0.0,0.7637795275590551,True,True
2026-09-10,US,Middlesboro,Kentucky,36.6084,-83.7166,2.91,0,0.01,0.0,0.1181102362204724,False,False
2026-09-10,US,Middletown,Delaware,39.4496,-75.7163,6.05,0,0.02,0.0,0.0,False,False
2026-09-10,US,Mililani,Hawaii,21.4504,-158.015,11.43,0,0.05,0.0,0.1141732283464566,False,False
2026-09-10,US,Milwaukee,Wisconsin,43.0389,-87.9065,33.09,0,0.14,0.0,0.0,False,False
2026-09-10,US,Minneapolis,Minnesota,44.98,-93.2638,66.46,0,0.28,0.0,0.0,False,False
2026-09-10,US,Minnetonka,Minnesota,44.9133,-93.5033,8.55,0,0.03,0.0,0.0,False,False
2026-09-10,US,Missoula,Montana,46.8722,-113.994,3.55,0,0.01,0.0,0.0,False,False
2026-09-10,US,Mobile,Alabama,30.6944,-88.043,20.580000000000002,0,0.09,0.0,0.3110236220472441,True,True
2026-09-10,US,Morgantown,West Virginia,39.6295,-79.9559,13.0,0,0.06,0.0,0.2913385826771654,True,True
2026-09-10,US,Morristown,New Jersey,40.7968,-74.4815,25.8,0,0.11,0.0,0.0393700787401574,False,False
2026-09-10,US,Mount Pleasant,South Carolina,32.7941,-79.8626,26.82,0,0.11,0.0,0.2519685039370078,True,True
2026-09-10,US,Myrtle Beach,South Carolina,33.6891,-78.8867,31.32,0,0.13,0.0,0.2125984251968504,True,True
2026-09-10,US,Naperville,Illinois,41.7859,-88.1473,38.54,0,0.17,0.0,0.0039370078740157,False,False
2026-09-10,US,Naples,Florida,26.1423,-81.796,96.96,0,0.42,0.0,0.1338582677165354,False,False
2026-09-10,US,Nashua,New Hampshire,42.7654,-71.4676,10.9,0,0.05,0.0,0.1889763779527559,False,False
2026-09-10,US,Nashville,Tennessee,36.1659,-86.7844,90.19,0,0.39,0.0,0.3976377952755905,True,True
2026-09-10,US,New Canaan,Connecticut,41.1468,-73.4948,21.27,0,0.09,0.0,0.0118110236220472,False,False
2026-09-10,US,New Castle,Delaware,39.6595,-75.5636,12.61,0,0.05,0.0,0.0,False,False
2026-09-10,US,New Orleans,Louisiana,29.9546,-90.0751,41.0,0,0.18,0.0,0.3503937007874015,True,True
2026-09-10,US,New York,New York,40.7143,-74.006,994.61,62,4.4,1.0,0.0393700787401574,False,False
2026-09-10,US,Newark,Delaware,39.6837,-75.7497,13.57,0,0.06,0.0,0.0,False,False
2026-09-10,US,Norman,Oklahoma,35.2226,-97.4395,14.53,0,0.06,0.0,0.4291338582677165,True,True
2026-09-10,US,North Las Vegas,Nevada,36.1989,-115.1175,2.7,0,0.01,0.0,0.0,False,False
2026-09-10,US,Norwalk,Connecticut,41.1176,-73.4079,17.330000000000002,0,0.07,0.0,0.0039370078740157,False,False
2026-09-10,US,Oakland,California,37.8044,-122.2708,85.15,0,0.37,0.0,0.0,False,False
2026-09-10,US,Oklahoma City,Oklahoma,35.4676,-97.5164,29.24,0,0.12,0.0,0.5118110236220472,True,True
2026-09-10,US,Olathe,Kansas,38.8814,-94.8191,14.77,0,0.06,0.0,0.3188976377952756,True,True
2026-09-10,US,Omaha,Nebraska,41.2563,-95.9404,29.56,0,0.13,0.0,0.0,False,False
2026-09-10,US,Orlando,Florida,28.5383,-81.3792,124.21,0,0.53,0.0,0.468503937007874,True,True
2026-09-10,US,Overland Park,Kansas,38.9822,-94.6708,27.62,0,0.12,0.0,0.2440944881889764,True,True
2026-09-10,US,Paducah,Kentucky,37.0834,-88.6,10.49,0,0.05,0.0,0.9094488188976378,True,True
2026-09-10,US,Papillion,Nebraska,41.1544,-96.0422,4.7299999999999995,0,0.02,0.0,0.0,False,False
2026-09-10,US,Park City,Utah,40.6461,-111.498,9.23,0,0.04,0.0,0.0,False,False
2026-09-10,US,Philadelphia,Pennsylvania,39.9524,-75.1636,138.91,1,0.6,0.0,0.0,False,False
2026-09-10,US,Phoenix,Arizona,33.4484,-112.074,58.47,0,0.25,0.0,0.0078740157480314,False,False
2026-09-10,US,Pittsburgh,Pennsylvania,40.4406,-79.9959,86.44,0,0.37,0.0,0.610236220472441,True,True
2026-09-10,US,Plymouth,Michigan,42.3714,-83.4702,13.78,0,0.06,0.0,0.0,False,False
2026-09-10,US,Plymouth,Minnesota,45.0105,-93.4555,15.46,0,0.07,0.0,0.0,False,False
2026-09-10,US,Portland,Maine,43.6574,-70.2589,11.59,0,0.05,0.0,0.3622047244094488,True,True
2026-09-10,US,Portland,Oregon,45.5234,-122.6762,130.08,1,0.55,0.0,0.0,False,False
2026-09-10,US,Portsmouth,New Hampshire,43.077,-70.7577,6.57,0,0.03,0.0,0.5590551181102362,True,True
2026-09-10,US,Princeton,New Jersey,40.3487,-74.659,19.23,0,0.09,0.0,0.0039370078740157,False,False
2026-09-10,US,Providence,Rhode Island,41.824,-71.4128,18.79,0,0.08,0.0,0.0039370078740157,False,False
2026-09-10,US,Raleigh,North Carolina,35.7721,-78.6386,85.56,0,0.37,0.0,0.0,False,False
2026-09-10,US,Rapid City,South Dakota,44.0805,-103.231,4.0200000000000005,0,0.02,0.0,0.0,False,False
2026-09-10,US,Reading,Massachusetts,42.5256,-71.0953,120.87,8,0.52,0.0,0.0905511811023622,False,False
2026-09-10,US,Reno,Nevada,39.5296,-119.8138,25.16,0,0.11,0.0,0.0078740157480314,False,False
2026-09-10,US,Richmond,Virginia,37.5538,-77.4603,59.86,0,0.25,0.0,0.0748031496062992,False,False
2026-09-10,US,Rock Springs,Wyoming,41.5875,-109.2029,4.13,0,0.02,0.0,0.0,False,False
2026-09-10,US,Rockville,Maryland,39.084,-77.1528,26.14,0,0.12,0.0,0.0393700787401574,False,False
2026-09-10,US,Rogers,Arkansas,36.332,-94.1185,13.05,0,0.06,0.0,0.0196850393700787,False,False
2026-09-10,US,Saint Charles,Missouri,38.7839,-90.4812,14.24,0,0.06,0.0,0.547244094488189,True,True
2026-09-10,US,Saint Louis,Missouri,38.6517,-90.2053,64.08,0,0.27,0.0,0.8188976377952756,True,True
2026-09-10,US,Saint Paul,Minnesota,44.9444,-93.0933,33.47,0,0.14,0.0,0.0,False,False
2026-09-10,US,Salem,Oregon,44.9429,-123.0351,13.46,0,0.05,0.0,0.0,False,False
2026-09-10,US,Salt Lake City,Utah,40.7608,-111.891,21.49,0,0.09,0.0,0.0,False,False
2026-09-10,US,San Antonio,Texas,29.4241,-98.4936,97.52,0,0.41,0.0,0.0118110236220472,False,False
2026-09-10,US,San Diego,California,32.7157,-117.1647,157.33,3,0.67,0.0,0.0,False,False
2026-09-10,US,San Francisco,California,37.7749,-122.4194,317.32,10,1.37,0.0,0.0,False,False
2026-09-10,US,San Jose,California,37.3394,-121.895,124.75,1,0.53,0.0,0.0,False,False
2026-09-10,US,Sandy,Utah,40.5916,-111.8841,7.45,0,0.03,0.0,0.0,False,False
2026-09-10,US,Santa Fe,New Mexico,35.687,-105.9378,12.950000000000001,0,0.05,0.0,0.1811023622047244,False,False
2026-09-10,US,Savannah,Georgia,32.0835,-81.0998,40.74,0,0.17,0.0,0.0984251968503936,False,False
2026-09-10,US,Scarborough,Maine,43.5781,-70.3217,7.65,0,0.03,0.0,0.3543307086614173,True,True
2026-09-10,US,Scottsdale,Arizona,33.5092,-111.899,47.53,0,0.21,0.0,0.0078740157480314,False,False
2026-09-10,US,Seattle,Washington,47.6062,-122.3321,195.99,4,0.84,0.0,0.0,False,False
2026-09-10,US,Sheridan,Wyoming,44.7972,-106.9562,5.2700000000000005,0,0.02,0.0,0.0,False,False
2026-09-10,US,Shreveport,Louisiana,32.5251,-93.7502,36.94,0,0.16,0.0,0.0118110236220472,False,False
2026-09-10,US,Silver Spring,Maryland,38.9907,-77.0261,27.990000000000002,0,0.12,0.0,0.0393700787401574,False,False
2026-09-10,US,Sioux Falls,South Dakota,43.55,-96.7003,7.7299999999999995,0,0.03,0.0,0.0,False,False
2026-09-10,US,Sitka,Alaska,57.0532,-135.3309,2.0500000000000003,0,0.01,0.0,0.0472440944881889,False,False
2026-09-10,US,Somerville,Massachusetts,42.3876,-71.0995,23.29,0,0.09,0.0,0.0787401574803149,False,False
2026-09-10,US,South Burlington,Vermont,44.467,-73.171,5.96,0,0.03,0.0,0.1496062992125984,False,False
2026-09-10,US,South Jordan,Utah,40.5622,-111.9297,11.62,0,0.05,0.0,0.0,False,False
2026-09-10,US,Southaven,Mississippi,34.989,-90.0126,5.36,0,0.02,0.0,0.0196850393700787,False,False
2026-09-10,US,Spokane,Washington,47.6569,-117.425,12.360000000000001,0,0.05,0.0,0.0748031496062992,False,False
2026-09-10,US,Springfield,Missouri,37.2153,-93.2982,14.42,0,0.06,0.0,0.0984251968503936,False,False
2026-09-10,US,Stamford,Connecticut,41.0534,-73.5387,20.650000000000002,0,0.09,0.0,0.0078740157480314,False,False
2026-09-10,US,Staten Island,New York,40.5623,-74.1399,63.27,0,0.27,0.0,0.0157480314960629,False,False
2026-09-10,US,Stowe,Vermont,44.4653,-72.6846,4.12,0,0.02,0.0,0.3188976377952756,True,True
2026-09-10,US,Tacoma,Washington,47.2529,-122.4443,28.46,0,0.12,0.0,0.0,False,False
2026-09-10,US,Tampa,Florida,27.9475,-82.4584,88.51,0,0.38,0.0,0.1259842519685039,False,False
2026-09-10,US,Tijeras,New Mexico,35.0809,-106.3881,3.65,0,0.02,0.0,0.0472440944881889,False,False
2026-09-10,US,Tucson,Arizona,32.2217,-110.9265,51.169999999999995,0,0.22,0.0,0.0393700787401574,False,False
2026-09-10,US,Tulsa,Oklahoma,36.154,-95.9928,57.33,0,0.24,0.0,0.484251968503937,True,True
2026-09-10,US,Vancouver,Washington,45.6387,-122.6615,34.64,0,0.15,0.0,0.0,False,False
2026-09-10,US,Virginia Beach,Virginia,36.8529,-75.978,60.809999999999995,0,0.26,0.0,0.0196850393700787,False,False
2026-09-10,US,Warwick,Rhode Island,41.7001,-71.4162,5.97,0,0.02,0.0,0.0039370078740157,False,False
2026-09-10,US,Washington,District of Columbia,38.8951,-77.0364,224.1,5,0.96,0.0,0.0433070866141732,False,False
2026-09-10,US,Wasilla,Alaska,61.5809,-149.4415,1.23,0,0.01,0.0,0.0,False,False
2026-09-10,US,Waukesha,Wisconsin,43.0117,-88.2315,8.42,0,0.04,0.0,0.0,False,False
2026-09-10,US,West Chester,Pennsylvania,39.961,-75.608,22.35,0,0.09,0.0,0.0,False,False
2026-09-10,US,West Des Moines,Iowa,41.5772,-93.7113,7.0,0,0.03,0.0,0.0,False,False
2026-09-10,US,West Fargo,North Dakota,46.875,-96.9004,5.06,0,0.02,0.0,0.0,False,False
2026-09-10,US,West Lafayette,Indiana,40.4259,-86.9081,11.67,0,0.05,0.0,0.0472440944881889,False,False
2026-09-10,US,Westfield,New Jersey,40.659,-74.3474,23.64,0,0.1,0.0,0.0157480314960629,False,False
2026-09-10,US,Wheeling,West Virginia,40.064,-80.7209,7.25,0,0.03,0.0,0.6338582677165355,True,True
2026-09-10,US,Whitefish Bay,Wisconsin,43.1133,-87.9001,8.55,0,0.04,0.0,0.0,False,False
2026-09-10,US,Wichita,Kansas,37.6922,-97.3375,29.62,0,0.12,0.0,0.3464566929133859,True,True
2026-09-10,US,Wilmette,Illinois,42.0722,-87.7228,20.91,0,0.09,0.0,0.0,False,False
2026-09-10,US,Wilmington,Delaware,39.746,-75.5466,35.3,0,0.15,0.0,0.0,False,False
2026-09-10,US,Wilmington,North Carolina,34.2356,-77.946,39.96,0,0.17,0.0,0.1732283464566929,False,False
2026-09-11,CAN,Blainville,Quebec,45.6668,-73.8825,1.03,0,0.0,0.0,0.0,False,False
2026-09-11,CAN,Brossard,Quebec,45.4501,-73.4658,0.74,0,0.0,0.0,0.0,False,False
2026-09-11,CAN,Burnaby,British Columbia,49.2664,-122.9526,9.629999999999999,0,0.0,0.0,0.0039370078740157,False,False
2026-09-11,CAN,Calgary,Alberta,51.0501,-114.0853,15.7,0,0.0,0.0,0.1653543307086614,False,False
2026-09-11,CAN,Cote-Saint-Luc,Quebec,45.4654,-73.6659,0.6200000000000001,0,0.0,0.0,0.0,False,False
2026-09-11,CAN,Dartmouth,Nova Scotia,44.6713,-63.5772,0.30000000000000004,0,0.0,0.0,0.0,False,False
2026-09-11,CAN,Dieppe,New Brunswick,46.0784,-64.6874,1.1600000000000001,0,0.0,0.0,0.0,False,False
2026-09-11,CAN,Dorval,Quebec,45.4473,-73.7534,0.71,0,0.0,0.0,0.0,False,False
2026-09-11,CAN,Edmonton,Alberta,53.5501,-113.4687,6.73,0,0.0,0.0,0.0472440944881889,False,False
2026-09-11,CAN,Fredericton,New Brunswick,45.9454,-66.6656,0.35,0,0.0,0.0,0.0,False,False
2026-09-11,CAN,Guelph,Ontario,43.5459,-80.256,2.83,0,0.0,0.0,0.0,False,False
2026-09-11,CAN,Halifax,Nova Scotia,44.6427,-63.5769,2.26,0,0.0,0.0,0.0,False,False
2026-09-11,CAN,Headingley,Manitoba,49.8753,-97.409,0.31,0,0.0,0.0,0.1259842519685039,False,False
2026-09-11,CAN,Kingston,Ontario,44.2298,-76.481,1.98,0,0.0,0.0,0.0,False,False
2026-09-11,CAN,Markham,Ontario,43.8668,-79.2663,3.73,0,0.0,0.0,0.0,False,False
2026-09-11,CAN,Moncton,New Brunswick,46.0945,-64.7965,0.55,0,0.0,0.0,0.0,False,False
2026-09-11,CAN,Montreal,Quebec,45.5088,-73.5878,9.2,0,0.0,0.0,0.0,False,False
2026-09-11,CAN,North Vancouver,British Columbia,49.3164,-123.0693,7.21,0,0.0,0.0,0.0,False,False
2026-09-11,CAN,Ottawa,Ontario,45.4112,-75.6981,15.11,0,0.0,0.0,0.0,False,False
2026-09-11,CAN,Paradise,Newfoundland and Labrador,47.5333,-52.9667,0.35,0,0.0,0.0,0.2204724409448818,True,True
2026-09-11,CAN,Regina,Saskatchewan,50.4501,-104.6178,0.32999999999999996,0,0.0,0.0,0.0078740157480314,False,False
2026-09-11,CAN,Saskatoon,Saskatchewan,52.1324,-106.6689,1.5899999999999999,0,0.0,0.0,0.0314960629921259,False,False
2026-09-11,CAN,St. Albert,Alberta,53.6334,-113.6353,0.82,0,0.0,0.0,0.0275590551181102,False,False
2026-09-11,CAN,St. John'S,Newfoundland and Labrador,47.5649,-52.7093,0.38,0,0.0,0.0,0.1377952755905512,False,False
2026-09-11,CAN,Surrey,British Columbia,49.1064,-122.8251,11.11,0,0.0,0.0,0.0039370078740157,False,False
2026-09-11,CAN,Toronto,Ontario,43.7064,-79.3986,46.379999999999995,3,0.0,0.0,0.0,False,False
2026-09-11,CAN,Vancouver,British Columbia,49.2497,-123.1193,35.49,0,0.0,0.0,0.0078740157480314,False,False
2026-09-11,CAN,Victoria,British Columbia,48.4359,-123.3516,8.379999999999999,0,0.0,0.0,0.0,False,False
2026-09-11,CAN,Wainwright,Alberta,52.8348,-110.8534,0.26,0,0.0,0.0,0.0511811023622047,False,False
2026-09-11,CAN,West Baptiste,Alberta,54.7502,-113.5688,0.15000000000000002,0,0.0,0.0,0.0551181102362204,False,False
2026-09-11,CAN,Winnipeg,Manitoba,49.8844,-97.147,1.74,0,0.0,0.0,0.2125984251968504,True,True
2026-09-11,CAN,Yellow Grass,Saskatchewan,49.8001,-104.1678,0.43,0,0.0,0.0,0.0,False,False
2026-09-11,UK,Aberdare,Wales,51.7144,-3.4492,1.76,0,0.0,0.0,0.0157480314960629,False,False
2026-09-11,UK,Aberdeen,Scotland,57.1437,-2.0981,1.85,0,0.0,0.0,0.0,False,False
2026-09-11,UK,Aboyne,Scotland,57.0755,-2.7802,0.71,0,0.0,0.0,0.0039370078740157,False,False
2026-09-11,UK,Balerno,Scotland,55.8844,-3.3398,0.87,0,0.0,0.0,0.0,False,False
2026-09-11,UK,Banchory,Scotland,57.0517,-2.4882,1.13,0,0.0,0.0,0.0,False,False
2026-09-11,UK,Barrhead,Scotland,55.7992,-4.3928,0.94,0,0.0,0.0,0.0118110236220472,False,False
2026-09-11,UK,Belfast,Northern Ireland,54.5968,-5.9254,0.9199999999999999,0,0.0,0.0,0.0039370078740157,False,False
2026-09-11,UK,Birmingham,England,52.4814,-1.8998,3.83,0,0.0,0.0,0.0039370078740157,False,False
2026-09-11,UK,Brighton,England,50.8284,-0.1395,3.1100000000000003,0,0.0,0.0,0.0551181102362204,False,False
2026-09-11,UK,Bristol,England,51.4552,-2.5966,13.34,0,0.0,0.0,0.0196850393700787,False,False
2026-09-11,UK,Cardiff,Wales,51.48,-3.18,2.5,0,0.0,0.0,0.0118110236220472,False,False
2026-09-11,UK,Clarbeston Road,Wales,51.8514,-4.8806,0.8400000000000001,0,0.0,0.0,0.0236220472440944,False,False
2026-09-11,UK,Craigavon,Northern Ireland,54.4471,-6.387,0.8300000000000001,0,0.0,0.0,0.0,False,False
2026-09-11,UK,Cwmbran,Wales,51.6545,-3.0228,0.8300000000000001,0,0.0,0.0,0.0,False,False
2026-09-11,UK,Dromara,Northern Ireland,54.3667,-6.0167,0.77,0,0.0,0.0,0.0118110236220472,False,False
2026-09-11,UK,Dunfermline,Scotland,56.0716,-3.4589,1.87,0,0.0,0.0,0.0,False,False
2026-09-11,UK,Edinburgh,Scotland,55.9521,-3.1965,3.71,0,0.0,0.0,0.0,False,False
2026-09-11,UK,Glasgow,Scotland,55.8652,-4.2576,4.7,0,0.0,0.0,0.0,False,False
2026-09-11,UK,Hove,England,50.8309,-0.1672,3.84,0,0.0,0.0,0.0551181102362204,False,False
2026-09-11,UK,Llanidloes,Wales,52.4498,-3.54,0.79,0,0.0,0.0,0.0472440944881889,False,False
2026-09-11,UK,London,England,51.5085,-0.1257,99.00999999999999,2,0.0,0.0,0.0314960629921259,False,False
2026-09-11,UK,Manchester,England,53.481,-2.2374,3.66,0,0.0,0.0,0.1102362204724409,False,False
2026-09-11,UK,Merthyr Tydfil,Wales,51.7479,-3.3778,0.9199999999999999,0,0.0,0.0,0.0157480314960629,False,False
2026-09-11,UK,Newry,Northern Ireland,54.1784,-6.3374,1.73,0,0.0,0.0,0.0039370078740157,False,False
2026-09-11,UK,Port Talbot,Wales,51.5924,-3.7802,0.96,0,0.0,0.0,0.0472440944881889,False,False
2026-09-11,UK,Sheffield,England,53.383,-1.4659,5.74,0,0.0,0.0,0.0039370078740157,False,False
2026-09-11,UK,Swansea,Wales,51.6214,-3.9436,0.79,0,0.0,0.0,0.0590551181102362,False,False
2026-09-11,UK,Swindon,England,51.558,-1.7812,7.0,0,0.0,0.0,0.0,False,False
2026-09-11,US,Aberdeen,South Dakota,45.4647,-98.4865,1.3900000000000001,0,0.0,0.0,0.0,False,False
2026-09-11,US,Albuquerque,New Mexico,35.0845,-106.6511,48.77,0,0.0,0.0,0.0,False,False
2026-09-11,US,Alexandria,Virginia,38.8048,-77.0469,132.75,4,0.0,0.0,0.0433070866141732,False,False
2026-09-11,US,Alpharetta,Georgia,34.0754,-84.2941,41.44,0,0.0,0.0,0.2007874015748031,True,True
2026-09-11,US,Ames,Iowa,42.0347,-93.6199,7.4799999999999995,0,0.0,0.0,0.0,False,False
2026-09-11,US,Anchorage,Alaska,61.2181,-149.9003,11.95,0,0.0,0.0,0.0,False,False
2026-09-11,US,Ann Arbor,Michigan,42.2776,-83.7409,43.11,0,0.0,0.0,0.0,False,False
2026-09-11,US,Annapolis,Maryland,38.9786,-76.4918,30.32,0,0.0,0.0,0.0629921259842519,False,False
2026-09-11,US,Appleton,Wisconsin,44.2619,-88.4154,9.51,0,0.0,0.0,0.0,False,False
2026-09-11,US,Arlington,Virginia,38.881,-77.1043,95.32000000000001,3,0.0,0.0,0.0236220472440944,False,False
2026-09-11,US,Astoria,New York,40.772,-73.9301,42.75,0,0.0,0.0,0.0,False,False
2026-09-11,US,Atlanta,Georgia,33.749,-84.388,188.44,4,0.0,0.0,0.3110236220472441,True,True
2026-09-11,US,Aurora,Colorado,39.7294,-104.8319,21.01,0,0.0,0.0,0.0,False,False
2026-09-11,US,Austin,Texas,30.2672,-97.7431,242.6,7,0.0,0.0,0.2047244094488189,True,True
2026-09-11,US,Baltimore,Maryland,39.2904,-76.6122,58.16,0,0.0,0.0,0.0511811023622047,False,False
2026-09-11,US,Bangor,Maine,44.7988,-68.7726,4.67,0,0.0,0.0,0.0,False,False
2026-09-11,US,Barrington,Rhode Island,41.7407,-71.3087,12.36,0,0.0,0.0,0.0,False,False
2026-09-11,US,Baton Rouge,Louisiana,30.4433,-91.1875,65.35,0,0.0,0.0,0.2283464566929133,True,True
2026-09-11,US,Beaverton,Oregon,45.4871,-122.8037,18.97,0,0.0,0.0,0.0,False,False
2026-09-11,US,Bellevue,Nebraska,41.1367,-95.8908,3.89,0,0.0,0.0,0.0,False,False
2026-09-11,US,Bellevue,Washington,47.6104,-122.2007,42.55,0,0.0,0.0,0.0039370078740157,False,False
2026-09-11,US,Bentonville,Arkansas,36.3728,-94.2088,21.91,0,0.0,0.0,0.2755905511811024,True,True
2026-09-11,US,Berkley,Massachusetts,41.8459,-71.0828,16.32,0,0.0,0.0,0.0,False,False
2026-09-11,US,Bethesda,Maryland,38.9807,-77.1003,60.79,0,0.0,0.0,0.0118110236220472,False,False
2026-09-11,US,Billings,Montana,45.7833,-108.5007,9.96,0,0.0,0.0,0.0,False,False
2026-09-11,US,Birmingham,Alabama,33.5207,-86.8025,58.27,0,0.0,0.0,0.3937007874015747,True,True
2026-09-11,US,Bismarck,North Dakota,46.8083,-100.7837,4.29,0,0.0,0.0,0.0,False,False
2026-09-11,US,Bloomfield Hills,Michigan,42.5836,-83.2455,28.3,0,0.0,0.0,0.0,False,False
2026-09-11,US,Bloomington,Indiana,39.1653,-86.5264,22.990000000000002,0,0.0,0.0,0.0748031496062992,False,False
2026-09-11,US,Boca Raton,Florida,26.3587,-80.0831,93.99,0,0.0,0.0,0.6417322834645669,True,True
2026-09-11,US,Boise,Idaho,43.6135,-116.2034,26.05,0,0.0,0.0,0.0,False,False
2026-09-11,US,Boston,Massachusetts,42.3584,-71.0598,155.59,4,0.0,0.0,0.0,False,False
2026-09-11,US,Bowling Green,Kentucky,36.9903,-86.4436,10.72,0,0.0,0.0,0.7283464566929134,True,True
2026-09-11,US,Bozeman,Montana,45.6796,-111.0386,7.67,0,0.0,0.0,0.0039370078740157,False,False
2026-09-11,US,Broken Arrow,Oklahoma,36.0526,-95.7908,13.83,0,0.0,0.0,0.2559055118110236,True,True
2026-09-11,US,Bronx,New York,40.8499,-73.8664,71.0,0,0.0,0.0,0.0,False,False
2026-09-11,US,Brooklyn,New York,40.6501,-73.9496,612.82,41,0.0,0.0,0.0,False,False
2026-09-11,US,Burlington,Vermont,44.4759,-73.2121,5.71,0,0.0,0.0,0.0,False,False
2026-09-11,US,Cambridge,Massachusetts,42.3751,-71.1056,55.87,0,0.0,0.0,0.0,False,False
2026-09-11,US,Carmel,Indiana,39.9784,-86.118,42.45,0,0.0,0.0,0.0078740157480314,False,False
2026-09-11,US,Carson City,Nevada,39.1638,-119.7674,3.47,0,0.0,0.0,0.0,False,False
2026-09-11,US,Casper,Wyoming,42.8666,-106.3131,1.6400000000000001,0,0.0,0.0,0.0039370078740157,False,False
2026-09-11,US,Cedar Rapids,Iowa,42.0083,-91.6441,15.61,0,0.0,0.0,0.0,False,False
2026-09-11,US,Chapel Hill,North Carolina,35.9132,-79.0558,36.660000000000004,0,0.0,0.0,0.0118110236220472,False,False
2026-09-11,US,Charleston,South Carolina,32.7763,-79.9328,50.36,0,0.0,0.0,0.547244094488189,True,True
2026-09-11,US,Charleston,West Virginia,38.3498,-81.6326,6.6,0,0.0,0.0,0.4251968503937008,True,True
2026-09-11,US,Charlotte,North Carolina,35.2271,-80.8431,165.42,4,0.0,0.0,0.0,False,False
2026-09-11,US,Chattanooga,Tennessee,35.0456,-85.3097,28.77,0,0.0,0.0,0.0275590551181102,False,False
2026-09-11,US,Chesterfield,Missouri,38.6631,-90.5771,24.1,0,0.0,0.0,0.0629921259842519,False,False
2026-09-11,US,Cheyenne,Wyoming,41.14,-104.8202,7.88,0,0.0,0.0,0.0039370078740157,False,False
2026-09-11,US,Chicago,Illinois,41.85,-87.65,460.5,21,0.0,0.0,0.0,False,False
2026-09-11,US,Cincinnati,Ohio,39.1271,-84.5144,116.37,0,0.0,0.0,0.3346456692913386,True,True
2026-09-11,US,Cleveland,Ohio,41.4995,-81.6954,23.45,0,0.0,0.0,0.0354330708661417,False,False
2026-09-11,US,Cody,Wyoming,44.5263,-109.0565,2.19,0,0.0,0.0,0.0,False,False
2026-09-11,US,Coeur D'Alene,Idaho,47.6777,-116.7805,1.59,0,0.0,0.0,0.0,False,False
2026-09-11,US,Colorado Springs,Colorado,38.8339,-104.8214,45.48,0,0.0,0.0,0.0,False,False
2026-09-11,US,Columbia,South Carolina,34.0007,-81.0348,36.06,0,0.0,0.0,0.1102362204724409,False,False
2026-09-11,US,Columbus,Ohio,39.9612,-82.9988,97.11,0,0.0,0.0,0.0157480314960629,False,False
2026-09-11,US,Cordova,Alaska,60.5432,-145.7587,4.64,0,0.0,0.0,0.0,False,False
2026-09-11,US,Cranston,Rhode Island,41.7798,-71.4373,6.51,0,0.0,0.0,0.0,False,False
2026-09-11,US,Dallas,Texas,32.7831,-96.8067,235.28,7,0.0,0.0,0.1181102362204724,False,False
2026-09-11,US,Dayton,Ohio,39.759,-84.1916,37.1,0,0.0,0.0,0.0944881889763779,False,False
2026-09-11,US,Decatur,Georgia,33.7748,-84.2963,31.26,0,0.0,0.0,0.1771653543307086,False,False
2026-09-11,US,Denver,Colorado,39.7392,-104.9847,87.99,0,0.0,0.0,0.0,False,False
2026-09-11,US,Des Moines,Iowa,41.6005,-93.6091,10.65,0,0.0,0.0,0.0,False,False
2026-09-11,US,Dickinson,North Dakota,46.8792,-102.7896,4.09,0,0.0,0.0,0.0196850393700787,False,False
2026-09-11,US,Downers Grove,Illinois,41.8089,-88.0112,22.64,0,0.0,0.0,0.0,False,False
2026-09-11,US,Doylestown,Pennsylvania,40.3101,-75.1299,25.39,0,0.0,0.0,0.0118110236220472,False,False
2026-09-11,US,Dublin,Ohio,40.0992,-83.1141,25.56,0,0.0,0.0,0.0118110236220472,False,False
2026-09-11,US,Durham,North Carolina,35.994,-78.8986,34.95,0,0.0,0.0,0.0275590551181102,False,False
2026-09-11,US,Eagle,Idaho,43.6954,-116.354,7.1,0,0.0,0.0,0.0,False,False
2026-09-11,US,Eagle Mountain,Utah,40.3144,-111.9849,2.12,0,0.0,0.0,0.0078740157480314,False,False
2026-09-11,US,East Greenwich,Rhode Island,41.6604,-71.4559,5.81,0,0.0,0.0,0.0,False,False
2026-09-11,US,Eden Prairie,Minnesota,44.8547,-93.4708,12.86,0,0.0,0.0,0.0,False,False
2026-09-11,US,Edmond,Oklahoma,35.6528,-97.4781,59.56,0,0.0,0.0,0.0,False,False
2026-09-11,US,Eliot,Maine,43.1531,-70.8001,3.69,0,0.0,0.0,0.0,False,False
2026-09-11,US,Elkhorn,Nebraska,41.345,-96.256,9.18,0,0.0,0.0,0.0,False,False
2026-09-11,US,Essex Junction,Vermont,44.4906,-73.111,3.81,0,0.0,0.0,0.0,False,False
2026-09-11,US,Eugene,Oregon,44.0521,-123.0868,20.09,0,0.0,0.0,0.0,False,False
2026-09-11,US,Evanston,Illinois,42.0411,-87.6901,27.83,0,0.0,0.0,0.0,False,False
2026-09-11,US,Ewa Beach,Hawaii,21.3156,-158.0072,25.88,0,0.0,0.0,0.0905511811023622,False,False
2026-09-11,US,Exeter,New Hampshire,42.9815,-70.9478,5.86,0,0.0,0.0,0.0,False,False
2026-09-11,US,Fairbanks,Alaska,64.8378,-147.7164,3.44,0,0.0,0.0,0.0511811023622047,False,False
2026-09-11,US,Fairfax,Virginia,38.8462,-77.3064,46.02,0,0.0,0.0,0.0748031496062992,False,False
2026-09-11,US,Fairfield,Connecticut,41.1412,-73.2637,24.38,0,0.0,0.0,0.0,False,False
2026-09-11,US,Fairhope,Alabama,30.523,-87.9033,15.34,0,0.0,0.0,0.8385826771653544,True,True
2026-09-11,US,Falmouth,Maine,43.7295,-70.242,6.51,0,0.0,0.0,0.0,False,False
2026-09-11,US,Fargo,North Dakota,46.8772,-96.7898,10.31,0,0.0,0.0,0.0,False,False
2026-09-11,US,Fayetteville,Arkansas,36.0626,-94.1574,14.76,0,0.0,0.0,0.0944881889763779,False,False
2026-09-11,US,Fort Collins,Colorado,40.5853,-105.0844,21.79,0,0.0,0.0,0.0,False,False
2026-09-11,US,Fort Wayne,Indiana,41.1306,-85.1289,32.0,0,0.0,0.0,0.0,False,False
2026-09-11,US,Fort Worth,Texas,32.7254,-97.3208,97.99,0,0.0,0.0,0.0708661417322834,False,False
2026-09-11,US,Franklin,Tennessee,35.9251,-86.8689,47.2,0,0.0,0.0,0.4566929133858267,True,True
2026-09-11,US,Gilbert,Arizona,33.3528,-111.789,21.0,0,0.0,0.0,0.1456692913385827,False,False
2026-09-11,US,Grand Forks,North Dakota,47.9253,-97.0328,1.47,0,0.0,0.0,0.0,False,False
2026-09-11,US,Grand Rapids,Michigan,42.9634,-85.6681,47.33,0,0.0,0.0,0.0,False,False
2026-09-11,US,Great Falls,Montana,47.5002,-111.3008,4.63,0,0.0,0.0,0.3110236220472441,True,True
2026-09-11,US,Greenville,South Carolina,34.8526,-82.394,56.19,0,0.0,0.0,0.0078740157480314,False,False
2026-09-11,US,Greenwich,Connecticut,41.0265,-73.6285,66.02,0,0.0,0.0,0.0,False,False
2026-09-11,US,Gulfport,Mississippi,30.3674,-89.0928,10.22,0,0.0,0.0,0.4448818897637795,True,True
2026-09-11,US,Hampton,New Hampshire,42.9376,-70.8389,9.17,0,0.0,0.0,0.0,False,False
2026-09-11,US,Hattiesburg,Mississippi,31.3271,-89.2903,5.61,0,0.0,0.0,0.2598425196850393,True,True
2026-09-11,US,Henderson,Nevada,36.0397,-114.9819,34.7,3,0.0,0.0,0.0,False,False
2026-09-11,US,Hoboken,New Jersey,40.744,-74.0324,47.45,0,0.0,0.0,0.0,False,False
2026-09-11,US,Honolulu,Hawaii,21.3069,-157.8583,130.78,1,0.0,0.0,0.0039370078740157,False,False
2026-09-11,US,Houston,Texas,29.7633,-95.3633,433.97,8,0.0,0.0,1.0275590551181102,True,True
2026-09-11,US,Huntington,West Virginia,38.4192,-82.4452,7.78,0,0.0,0.0,0.1181102362204724,False,False
2026-09-11,US,Huntsville,Alabama,34.7304,-86.5859,46.58,0,0.0,0.0,0.1220472440944882,False,False
2026-09-11,US,Hurricane,West Virginia,38.4326,-82.0201,4.06,0,0.0,0.0,0.1732283464566929,False,False
2026-09-11,US,Hyde Park,Vermont,44.5939,-72.6165,3.23,0,0.0,0.0,0.0,False,False
2026-09-11,US,Indianapolis,Indiana,39.7684,-86.158,75.43,0,0.0,0.0,0.0905511811023622,False,False
2026-09-11,US,Iowa City,Iowa,41.6611,-91.5302,11.4,0,0.0,0.0,0.0,False,False
2026-09-11,US,Jackson,Mississippi,32.2988,-90.1848,6.3,0,0.0,0.0,0.1850393700787401,False,False
2026-09-11,US,Jersey City,New Jersey,40.7282,-74.0776,91.8,0,0.0,0.0,0.0,False,False
2026-09-11,US,Jonesboro,Arkansas,35.8423,-90.7043,14.74,0,0.0,0.0,0.1614173228346456,False,False
2026-09-11,US,Kailua,Hawaii,21.4024,-157.7405,18.13,0,0.0,0.0,0.0629921259842519,False,False
2026-09-11,US,Kalispell,Montana,48.1958,-114.3129,5.66,0,0.0,0.0,0.5669291338582677,True,True
2026-09-11,US,Kaneohe,Hawaii,21.3999,-157.799,16.64,0,0.0,0.0,0.0629921259842519,False,False
2026-09-11,US,Kansas City,Missouri,39.0997,-94.5786,46.16,0,0.0,0.0,0.0,False,False
2026-09-11,US,Knoxville,Tennessee,35.9606,-83.9207,64.65,0,0.0,0.0,0.0118110236220472,False,False
2026-09-11,US,Kuna,Idaho,43.4918,-116.4201,11.88,0,0.0,0.0,0.0,False,False
2026-09-11,US,Lafayette,Louisiana,30.2241,-92.0198,38.26,0,0.0,0.0,0.2637795275590551,True,True
2026-09-11,US,Lake Oswego,Oregon,45.4207,-122.6706,28.259999999999998,0,0.0,0.0,0.0,False,False
2026-09-11,US,Lancaster,Pennsylvania,40.0379,-76.3055,28.259999999999998,0,0.0,0.0,0.0433070866141732,False,False
2026-09-11,US,Las Cruces,New Mexico,32.3123,-106.7783,11.17,0,0.0,0.0,0.0,False,False
2026-09-11,US,Las Vegas,Nevada,36.175,-115.1372,94.23,0,0.0,0.0,0.0,False,False
2026-09-11,US,Lawrence,Kansas,38.9717,-95.2352,11.01,0,0.0,0.0,0.0,False,False
2026-09-11,US,Leawood,Kansas,38.9667,-94.6169,10.05,0,0.0,0.0,0.0,False,False
2026-09-11,US,Lennox,South Dakota,43.3541,-96.892,2.89,0,0.0,0.0,0.0,False,False
2026-09-11,US,Lewes,Delaware,38.7746,-75.1393,14.45,0,0.0,0.0,0.562992125984252,True,True
2026-09-11,US,Lexington,Kentucky,37.9887,-84.4777,56.6,0,0.0,0.0,0.9488188976377954,True,True
2026-09-11,US,Lincoln,Nebraska,40.8,-96.667,16.55,0,0.0,0.0,0.0,False,False
2026-09-11,US,Little Rock,Arkansas,34.7465,-92.2896,40.08,0,0.0,0.0,0.3503937007874015,True,True
2026-09-11,US,Littleton,Colorado,39.6133,-105.0166,25.55,0,0.0,0.0,0.0,False,False
2026-09-11,US,Los Alamos,New Mexico,35.8881,-106.307,5.05,0,0.0,0.0,0.0,False,False
2026-09-11,US,Los Angeles,California,34.0522,-118.2437,379.3,12,0.0,0.0,0.0,False,False
2026-09-11,US,Louisville,Kentucky,38.2542,-85.7594,82.16,0,0.0,0.0,0.3070866141732283,True,True
2026-09-11,US,Macomb,Michigan,42.7009,-82.9591,14.64,0,0.0,0.0,0.0,False,False
2026-09-11,US,Madison,Alabama,34.6993,-86.7483,18.330000000000002,0,0.0,0.0,0.1929133858267716,False,False
2026-09-11,US,Madison,Mississippi,32.4618,-90.1154,11.72,0,0.0,0.0,0.2047244094488189,True,True
2026-09-11,US,Madison,South Dakota,44.0061,-97.114,1.9200000000000002,0,0.0,0.0,0.0511811023622047,False,False
2026-09-11,US,Madison,Wisconsin,43.073,-89.4012,32.33,0,0.0,0.0,0.0,False,False
2026-09-11,US,Manchester,New Hampshire,42.9956,-71.4548,13.17,0,0.0,0.0,0.0,False,False
2026-09-11,US,Marietta,Georgia,33.9526,-84.5499,88.14,0,0.0,0.0,0.4015748031496062,True,True
2026-09-11,US,Memphis,Tennessee,35.1495,-90.049,50.16,0,0.0,0.0,0.3464566929133859,True,True
2026-09-11,US,Meridian,Idaho,43.6121,-116.3915,15.44,0,0.0,0.0,0.0,False,False
2026-09-11,US,Mesa,Arizona,33.4223,-111.8226,21.6,0,0.0,0.0,0.1417322834645669,False,False
2026-09-11,US,Metairie,Louisiana,29.9841,-90.1528,23.419999999999998,0,0.0,0.0,0.1141732283464566,False,False
2026-09-11,US,Miami,Florida,25.7743,-80.1937,423.98,7,0.0,0.0,0.3464566929133859,True,True
2026-09-11,US,Middlesboro,Kentucky,36.6084,-83.7166,3.58,0,0.0,0.0,0.0551181102362204,False,False
2026-09-11,US,Middletown,Delaware,39.4496,-75.7163,7.53,0,0.0,0.0,0.0629921259842519,False,False
2026-09-11,US,Mililani,Hawaii,21.4504,-158.015,13.99,0,0.0,0.0,0.0866141732283464,False,False
2026-09-11,US,Milwaukee,Wisconsin,43.0389,-87.9065,40.76,0,0.0,0.0,0.0,False,False
2026-09-11,US,Minneapolis,Minnesota,44.98,-93.2638,81.86,0,0.0,0.0,0.0,False,False
2026-09-11,US,Minnetonka,Minnesota,44.9133,-93.5033,10.5,0,0.0,0.0,0.0,False,False
2026-09-11,US,Missoula,Montana,46.8722,-113.994,4.38,0,0.0,0.0,0.2637795275590551,True,True
2026-09-11,US,Mobile,Alabama,30.6944,-88.043,25.37,0,0.0,0.0,0.7559055118110236,True,True
2026-09-11,US,Morgantown,West Virginia,39.6295,-79.9559,15.93,0,0.0,0.0,0.1141732283464566,False,False
2026-09-11,US,Morristown,New Jersey,40.7968,-74.4815,31.81,0,0.0,0.0,0.0,False,False
2026-09-11,US,Mount Pleasant,South Carolina,32.7941,-79.8626,33.06,0,0.0,0.0,0.6259842519685039,True,True
2026-09-11,US,Myrtle Beach,South Carolina,33.6891,-78.8867,38.58,0,0.0,0.0,0.2480314960629921,True,True
2026-09-11,US,Naperville,Illinois,41.7859,-88.1473,47.4,0,0.0,0.0,0.0,False,False
2026-09-11,US,Naples,Florida,26.1423,-81.796,119.42,0,0.0,0.0,0.2480314960629921,True,True
2026-09-11,US,Nashua,New Hampshire,42.7654,-71.4676,13.450000000000001,0,0.0,0.0,0.0,False,False
2026-09-11,US,Nashville,Tennessee,36.1659,-86.7844,111.0,3,0.0,0.0,0.1614173228346456,False,False
2026-09-11,US,New Canaan,Connecticut,41.1468,-73.4948,26.13,0,0.0,0.0,0.0,False,False
2026-09-11,US,New Castle,Delaware,39.6595,-75.5636,15.45,0,0.0,0.0,0.0669291338582677,False,False
2026-09-11,US,New Orleans,Louisiana,29.9546,-90.0751,50.480000000000004,0,0.0,0.0,0.1141732283464566,False,False
2026-09-11,US,New York,New York,40.7143,-74.006,1222.92,77,0.0,0.0,0.0,False,False
2026-09-11,US,Newark,Delaware,39.6837,-75.7497,16.77,0,0.0,0.0,0.1299212598425196,False,False
2026-09-11,US,Norman,Oklahoma,35.2226,-97.4395,17.88,0,0.0,0.0,0.0,False,False
2026-09-11,US,North Las Vegas,Nevada,36.1989,-115.1175,3.29,0,0.0,0.0,0.0,False,False
2026-09-11,US,Norwalk,Connecticut,41.1176,-73.4079,21.39,0,0.0,0.0,0.0,False,False
2026-09-11,US,Oakland,California,37.8044,-122.2708,104.73,4,0.0,0.0,0.0,False,False
2026-09-11,US,Oklahoma City,Oklahoma,35.4676,-97.5164,36.01,0,0.0,0.0,0.0118110236220472,False,False
2026-09-11,US,Olathe,Kansas,38.8814,-94.8191,18.16,0,0.0,0.0,0.0,False,False
2026-09-11,US,Omaha,Nebraska,41.2563,-95.9404,36.39,0,0.0,0.0,0.0,False,False
2026-09-11,US,Orlando,Florida,28.5383,-81.3792,152.87,4,0.0,0.0,0.1614173228346456,False,False
2026-09-11,US,Overland Park,Kansas,38.9822,-94.6708,33.99,0,0.0,0.0,0.0,False,False
2026-09-11,US,Paducah,Kentucky,37.0834,-88.6,12.99,0,0.0,0.0,0.3700787401574803,True,True
2026-09-11,US,Papillion,Nebraska,41.1544,-96.0422,5.85,0,0.0,0.0,0.0,False,False
2026-09-11,US,Park City,Utah,40.6461,-111.498,11.4,0,0.0,0.0,0.0275590551181102,False,False
2026-09-11,US,Philadelphia,Pennsylvania,39.9524,-75.1636,171.03,5,0.0,0.0,0.0236220472440944,False,False
2026-09-11,US,Phoenix,Arizona,33.4484,-112.074,71.91,0,0.0,0.0,0.1220472440944882,False,False
2026-09-11,US,Pittsburgh,Pennsylvania,40.4406,-79.9959,106.4,4,0.0,0.0,0.0196850393700787,False,False
2026-09-11,US,Plymouth,Michigan,42.3714,-83.4702,16.97,0,0.0,0.0,0.0,False,False
2026-09-11,US,Plymouth,Minnesota,45.0105,-93.4555,19.04,0,0.0,0.0,0.0,False,False
2026-09-11,US,Portland,Maine,43.6574,-70.2589,14.27,0,0.0,0.0,0.0,False,False
2026-09-11,US,Portland,Oregon,45.5234,-122.6762,160.16,4,0.0,0.0,0.0,False,False
2026-09-11,US,Portsmouth,New Hampshire,43.077,-70.7577,8.1,0,0.0,0.0,0.0,False,False
2026-09-11,US,Princeton,New Jersey,40.3487,-74.659,23.63,0,0.0,0.0,0.0,False,False
2026-09-11,US,Providence,Rhode Island,41.824,-71.4128,23.1,0,0.0,0.0,0.0,False,False
2026-09-11,US,Raleigh,North Carolina,35.7721,-78.6386,105.34,0,0.0,0.0,0.0078740157480314,False,False
2026-09-11,US,Rapid City,South Dakota,44.0805,-103.231,5.01,0,0.0,0.0,0.0,False,False
2026-09-11,US,Reading,Massachusetts,42.5256,-71.0953,148.84,7,0.0,0.0,0.0,False,False
2026-09-11,US,Reno,Nevada,39.5296,-119.8138,30.97,0,0.0,0.0,0.0,False,False
2026-09-11,US,Richmond,Virginia,37.5538,-77.4603,73.71,0,0.0,0.0,0.1811023622047244,False,False
2026-09-11,US,Rock Springs,Wyoming,41.5875,-109.2029,5.1,0,0.0,0.0,0.0078740157480314,False,False
2026-09-11,US,Rockville,Maryland,39.084,-77.1528,32.230000000000004,0,0.0,0.0,0.0039370078740157,False,False
2026-09-11,US,Rogers,Arkansas,36.332,-94.1185,16.06,0,0.0,0.0,0.0984251968503936,False,False
2026-09-11,US,Saint Charles,Missouri,38.7839,-90.4812,17.55,0,0.0,0.0,0.1141732283464566,False,False
2026-09-11,US,Saint Louis,Missouri,38.6517,-90.2053,78.83,0,0.0,0.0,0.1259842519685039,False,False
2026-09-11,US,Saint Paul,Minnesota,44.9444,-93.0933,41.29,0,0.0,0.0,0.0,False,False
2026-09-11,US,Salem,Oregon,44.9429,-123.0351,16.53,0,0.0,0.0,0.0,False,False
2026-09-11,US,Salt Lake City,Utah,40.7608,-111.891,26.49,0,0.0,0.0,0.0236220472440944,False,False
2026-09-11,US,San Antonio,Texas,29.4241,-98.4936,120.02,4,0.0,0.0,0.0157480314960629,False,False
2026-09-11,US,San Diego,California,32.7157,-117.1647,193.68,7,0.0,0.0,0.0,False,False
2026-09-11,US,San Francisco,California,37.7749,-122.4194,390.65999999999997,9,0.0,0.0,0.0,False,False
2026-09-11,US,San Jose,California,37.3394,-121.895,153.44,5,0.0,0.0,0.0,False,False
2026-09-11,US,Sandy,Utah,40.5916,-111.8841,9.19,0,0.0,0.0,0.0039370078740157,False,False
2026-09-11,US,Santa Fe,New Mexico,35.687,-105.9378,15.88,0,0.0,0.0,0.0,False,False
2026-09-11,US,Savannah,Georgia,32.0835,-81.0998,50.13,0,0.0,0.0,0.7125984251968505,True,True
2026-09-11,US,Scarborough,Maine,43.5781,-70.3217,9.41,0,0.0,0.0,0.0,False,False
2026-09-11,US,Scottsdale,Arizona,33.5092,-111.899,58.58,0,0.0,0.0,0.0787401574803149,False,False
2026-09-11,US,Seattle,Washington,47.6062,-122.3321,241.26,7,0.0,0.0,0.0039370078740157,False,False
2026-09-11,US,Sheridan,Wyoming,44.7972,-106.9562,6.47,0,0.0,0.0,0.0,False,False
2026-09-11,US,Shreveport,Louisiana,32.5251,-93.7502,45.49,0,0.0,0.0,0.0196850393700787,False,False
2026-09-11,US,Silver Spring,Maryland,38.9907,-77.0261,34.47,0,0.0,0.0,0.0118110236220472,False,False
2026-09-11,US,Sioux Falls,South Dakota,43.55,-96.7003,9.51,0,0.0,0.0,0.0,False,False
2026-09-11,US,Sitka,Alaska,57.0532,-135.3309,2.51,0,0.0,0.0,0.0118110236220472,False,False
2026-09-11,US,Somerville,Massachusetts,42.3876,-71.0995,28.669999999999998,0,0.0,0.0,0.0,False,False
2026-09-11,US,South Burlington,Vermont,44.467,-73.171,7.28,0,0.0,0.0,0.0,False,False
2026-09-11,US,South Jordan,Utah,40.5622,-111.9297,14.29,0,0.0,0.0,0.0039370078740157,False,False
2026-09-11,US,Southaven,Mississippi,34.989,-90.0126,6.58,0,0.0,0.0,0.3818897637795275,True,True
2026-09-11,US,Spokane,Washington,47.6569,-117.425,15.15,0,0.0,0.0,0.0,False,False
2026-09-11,US,Springfield,Missouri,37.2153,-93.2982,17.72,0,0.0,0.0,0.0196850393700787,False,False
2026-09-11,US,Stamford,Connecticut,41.0534,-73.5387,25.42,0,0.0,0.0,0.0,False,False
2026-09-11,US,Staten Island,New York,40.5623,-74.1399,77.86,0,0.0,0.0,0.0039370078740157,False,False
2026-09-11,US,Stowe,Vermont,44.4653,-72.6846,5.09,0,0.0,0.0,0.0,False,False
2026-09-11,US,Tacoma,Washington,47.2529,-122.4443,35.05,0,0.0,0.0,0.0,False,False
2026-09-11,US,Tampa,Florida,27.9475,-82.4584,108.99,0,0.0,0.0,0.374015748031496,True,True
2026-09-11,US,Tijeras,New Mexico,35.0809,-106.3881,4.51,0,0.0,0.0,0.0,False,False
2026-09-11,US,Tucson,Arizona,32.2217,-110.9265,63.05,0,0.0,0.0,0.0748031496062992,False,False
2026-09-11,US,Tulsa,Oklahoma,36.154,-95.9928,70.57,0,0.0,0.0,0.3818897637795275,True,True
2026-09-11,US,Vancouver,Washington,45.6387,-122.6615,42.63,0,0.0,0.0,0.0,False,False
2026-09-11,US,Virginia Beach,Virginia,36.8529,-75.978,74.89,0,0.0,0.0,0.0275590551181102,False,False
2026-09-11,US,Warwick,Rhode Island,41.7001,-71.4162,7.38,0,0.0,0.0,0.0,False,False
2026-09-11,US,Washington,District of Columbia,38.8951,-77.0364,275.84,7,0.0,0.0,0.0236220472440944,False,False
2026-09-11,US,Wasilla,Alaska,61.5809,-149.4415,1.58,0,0.0,0.0,0.0,False,False
2026-09-11,US,Waukesha,Wisconsin,43.0117,-88.2315,10.32,0,0.0,0.0,0.0,False,False
2026-09-11,US,West Chester,Pennsylvania,39.961,-75.608,27.43,0,0.0,0.0,0.0275590551181102,False,False
2026-09-11,US,West Des Moines,Iowa,41.5772,-93.7113,8.63,0,0.0,0.0,0.0,False,False
2026-09-11,US,West Fargo,North Dakota,46.875,-96.9004,6.19,0,0.0,0.0,0.0,False,False
2026-09-11,US,West Lafayette,Indiana,40.4259,-86.9081,14.4,0,0.0,0.0,0.0,False,False
2026-09-11,US,Westfield,New Jersey,40.659,-74.3474,29.099999999999998,0,0.0,0.0,0.0,False,False
2026-09-11,US,Wheeling,West Virginia,40.064,-80.7209,8.99,0,0.0,0.0,0.1023622047244094,False,False
2026-09-11,US,Whitefish Bay,Wisconsin,43.1133,-87.9001,10.5,0,0.0,0.0,0.0,False,False
2026-09-11,US,Wichita,Kansas,37.6922,-97.3375,36.47,0,0.0,0.0,0.0,False,False
2026-09-11,US,Wilmette,Illinois,42.0722,-87.7228,25.77,0,0.0,0.0,0.0,False,False
2026-09-11,US,Wilmington,Delaware,39.746,-75.5466,43.43,0,0.0,0.0,0.0551181102362204,False,False
2026-09-11,US,Wilmington,North Carolina,34.2356,-77.946,49.18,0,0.0,0.0,0.0118110236220472,False,False
2026-09-12,CAN,Blainville,Quebec,45.6668,-73.8825,0.8899999999999999,0,0.0,0.0,0.0,False,False
2026-09-12,CAN,Brossard,Quebec,45.4501,-73.4658,0.64,0,0.0,0.0,0.0,False,False
2026-09-12,CAN,Burnaby,British Columbia,49.2664,-122.9526,8.3,0,0.0,0.0,0.0,False,False
2026-09-12,CAN,Calgary,Alberta,51.0501,-114.0853,13.57,0,0.0,0.0,0.0039370078740157,False,False
2026-09-12,CAN,Cote-Saint-Luc,Quebec,45.4654,-73.6659,0.53,0,0.0,0.0,0.0,False,False
2026-09-12,CAN,Dartmouth,Nova Scotia,44.6713,-63.5772,0.25,0,0.0,0.0,0.0,False,False
2026-09-12,CAN,Dieppe,New Brunswick,46.0784,-64.6874,1.0,0,0.0,0.0,0.0,False,False
2026-09-12,CAN,Dorval,Quebec,45.4473,-73.7534,0.61,0,0.0,0.0,0.0,False,False
2026-09-12,CAN,Edmonton,Alberta,53.5501,-113.4687,5.82,0,0.0,0.0,0.0,False,False
2026-09-12,CAN,Fredericton,New Brunswick,45.9454,-66.6656,0.3,0,0.0,0.0,0.0,False,False
2026-09-12,CAN,Guelph,Ontario,43.5459,-80.256,2.44,0,0.0,0.0,0.0039370078740157,False,False
2026-09-12,CAN,Halifax,Nova Scotia,44.6427,-63.5769,1.95,0,0.0,0.0,0.0,False,False
2026-09-12,CAN,Headingley,Manitoba,49.8753,-97.409,0.28,0,0.0,0.0,0.0,False,False
2026-09-12,CAN,Kingston,Ontario,44.2298,-76.481,1.73,0,0.0,0.0,0.0,False,False
2026-09-12,CAN,Markham,Ontario,43.8668,-79.2663,3.2199999999999998,0,0.0,0.0,0.0,False,False
2026-09-12,CAN,Moncton,New Brunswick,46.0945,-64.7965,0.48,0,0.0,0.0,0.0,False,False
2026-09-12,CAN,Montreal,Quebec,45.5088,-73.5878,7.95,0,0.0,0.0,0.0,False,False
2026-09-12,CAN,North Vancouver,British Columbia,49.3164,-123.0693,6.22,0,0.0,0.0,0.0,False,False
2026-09-12,CAN,Ottawa,Ontario,45.4112,-75.6981,13.06,0,0.0,0.0,0.0,False,False
2026-09-12,CAN,Paradise,Newfoundland and Labrador,47.5333,-52.9667,0.3,0,0.0,0.0,0.0236220472440944,False,False
2026-09-12,CAN,Regina,Saskatchewan,50.4501,-104.6178,0.29,0,0.0,0.0,0.0039370078740157,False,False
2026-09-12,CAN,Saskatoon,Saskatchewan,52.1324,-106.6689,1.3800000000000001,0,0.0,0.0,0.0433070866141732,False,False
2026-09-12,CAN,St. Albert,Alberta,53.6334,-113.6353,0.7100000000000001,0,0.0,0.0,0.0,False,False
2026-09-12,CAN,St. John'S,Newfoundland and Labrador,47.5649,-52.7093,0.33,0,0.0,0.0,0.0314960629921259,False,False
2026-09-12,CAN,Surrey,British Columbia,49.1064,-122.8251,9.58,0,0.0,0.0,0.0,False,False
2026-09-12,CAN,Toronto,Ontario,43.7064,-79.3986,40.019999999999996,3,0.0,0.0,0.0,False,False
2026-09-12,CAN,Vancouver,British Columbia,49.2497,-123.1193,30.65,0,0.0,0.0,0.0,False,False
2026-09-12,CAN,Victoria,British Columbia,48.4359,-123.3516,7.24,0,0.0,0.0,0.0,False,False
2026-09-12,CAN,Wainwright,Alberta,52.8348,-110.8534,0.22999999999999998,0,0.0,0.0,0.0196850393700787,False,False
2026-09-12,CAN,West Baptiste,Alberta,54.7502,-113.5688,0.13,0,0.0,0.0,0.0039370078740157,False,False
2026-09-12,CAN,Winnipeg,Manitoba,49.8844,-97.147,1.5,0,0.0,0.0,0.0,False,False
2026-09-12,CAN,Yellow Grass,Saskatchewan,49.8001,-104.1678,0.37,0,0.0,0.0,0.0,False,False
2026-09-12,UK,Aberdare,Wales,51.7144,-3.4492,2.55,0,0.0,0.0,0.3307086614173228,True,True
2026-09-12,UK,Aberdeen,Scotland,57.1437,-2.0981,2.67,0,0.0,0.0,0.3070866141732283,True,True
2026-09-12,UK,Aboyne,Scotland,57.0755,-2.7802,1.02,0,0.0,0.0,0.1889763779527559,False,False
2026-09-12,UK,Balerno,Scotland,55.8844,-3.3398,1.26,0,0.0,0.0,0.2519685039370078,True,True
2026-09-12,UK,Banchory,Scotland,57.0517,-2.4882,1.6500000000000001,0,0.0,0.0,0.3464566929133859,True,True
2026-09-12,UK,Barrhead,Scotland,55.7992,-4.3928,1.35,0,0.0,0.0,0.4173228346456692,True,True
2026-09-12,UK,Belfast,Northern Ireland,54.5968,-5.9254,1.32,0,0.0,0.0,0.1771653543307086,False,False
2026-09-12,UK,Birmingham,England,52.4814,-1.8998,5.5200000000000005,0,0.0,0.0,0.2440944881889764,True,True
2026-09-12,UK,Brighton,England,50.8284,-0.1395,4.47,0,0.0,0.0,0.0,False,False
2026-09-12,UK,Bristol,England,51.4552,-2.5966,19.23,0,0.0,0.0,0.0944881889763779,False,False
2026-09-12,UK,Cardiff,Wales,51.48,-3.18,3.5999999999999996,0,0.0,0.0,0.0708661417322834,False,False
2026-09-12,UK,Clarbeston Road,Wales,51.8514,-4.8806,1.2000000000000002,0,0.0,0.0,0.2913385826771654,True,True
2026-09-12,UK,Craigavon,Northern Ireland,54.4471,-6.387,1.2000000000000002,0,0.0,0.0,0.2992125984251968,True,True
2026-09-12,UK,Cwmbran,Wales,51.6545,-3.0228,1.2000000000000002,0,0.0,0.0,0.0118110236220472,False,False
2026-09-12,UK,Dromara,Northern Ireland,54.3667,-6.0167,1.1099999999999999,0,0.0,0.0,0.0393700787401574,False,False
2026-09-12,UK,Dunfermline,Scotland,56.0716,-3.4589,2.7,0,0.0,0.0,0.1889763779527559,False,False
2026-09-12,UK,Edinburgh,Scotland,55.9521,-3.1965,5.34,0,0.0,0.0,0.3346456692913386,True,True
2026-09-12,UK,Glasgow,Scotland,55.8652,-4.2576,6.779999999999999,0,0.0,0.0,0.4448818897637795,True,True
2026-09-12,UK,Hove,England,50.8309,-0.1672,5.5200000000000005,0,0.0,0.0,0.0,False,False
2026-09-12,UK,Llanidloes,Wales,52.4498,-3.54,1.1400000000000001,0,0.0,0.0,0.9724409448818896,True,True
2026-09-12,UK,London,England,51.5085,-0.1257,142.71,3,0.0,0.0,0.0196850393700787,False,False
2026-09-12,UK,Manchester,England,53.481,-2.2374,5.28,0,0.0,0.0,0.1259842519685039,False,False
2026-09-12,UK,Merthyr Tydfil,Wales,51.7479,-3.3778,1.32,0,0.0,0.0,0.3307086614173228,True,True
2026-09-12,UK,Newry,Northern Ireland,54.1784,-6.3374,2.4899999999999998,0,0.0,0.0,0.0511811023622047,False,False
2026-09-12,UK,Port Talbot,Wales,51.5924,-3.7802,1.3800000000000001,0,0.0,0.0,0.4133858267716535,True,True
2026-09-12,UK,Sheffield,England,53.383,-1.4659,8.28,0,0.0,0.0,0.1062992125984252,False,False
2026-09-12,UK,Swansea,Wales,51.6214,-3.9436,1.1400000000000001,0,0.0,0.0,0.4645669291338583,True,True
2026-09-12,UK,Swindon,England,51.558,-1.7812,10.08,0,0.0,0.0,0.0118110236220472,False,False
2026-09-12,US,Aberdeen,South Dakota,45.4647,-98.4865,1.43,0,0.0,0.0,0.0,False,False
2026-09-12,US,Albuquerque,New Mexico,35.0845,-106.6511,51.67,0,0.0,0.0,0.0,False,False
2026-09-12,US,Alexandria,Virginia,38.8048,-77.0469,140.63,1,0.0,0.0,0.2204724409448818,True,True
2026-09-12,US,Alpharetta,Georgia,34.0754,-84.2941,43.98,0,0.0,0.0,0.3897637795275591,True,True
2026-09-12,US,Ames,Iowa,42.0347,-93.6199,7.94,0,0.0,0.0,0.0708661417322834,False,False
2026-09-12,US,Anchorage,Alaska,61.2181,-149.9003,12.69,0,0.0,0.0,0.0118110236220472,False,False
2026-09-12,US,Ann Arbor,Michigan,42.2776,-83.7409,45.73,0,0.0,0.0,0.0275590551181102,False,False
2026-09-12,US,Annapolis,Maryland,38.9786,-76.4918,32.05,0,0.0,0.0,0.0039370078740157,False,False
2026-09-12,US,Appleton,Wisconsin,44.2619,-88.4154,10.13,0,0.0,0.0,0.0078740157480314,False,False
2026-09-12,US,Arlington,Virginia,38.881,-77.1043,100.98,0,0.0,0.0,0.2755905511811024,True,True
2026-09-12,US,Astoria,New York,40.772,-73.9301,45.27,0,0.0,0.0,0.0,False,False
2026-09-12,US,Atlanta,Georgia,33.749,-84.388,199.68,3,0.0,0.0,0.3622047244094488,True,True
2026-09-12,US,Aurora,Colorado,39.7294,-104.8319,22.27,0,0.0,0.0,0.0,False,False
2026-09-12,US,Austin,Texas,30.2672,-97.7431,256.93,4,0.0,0.0,0.1141732283464566,False,False
2026-09-12,US,Baltimore,Maryland,39.2904,-76.6122,61.64,0,0.0,0.0,0.1102362204724409,False,False
2026-09-12,US,Bangor,Maine,44.7988,-68.7726,4.91,0,0.0,0.0,0.0,False,False
2026-09-12,US,Barrington,Rhode Island,41.7407,-71.3087,13.03,0,0.0,0.0,0.0,False,False
2026-09-12,US,Baton Rouge,Louisiana,30.4433,-91.1875,69.19,0,0.0,0.0,0.0236220472440944,False,False
2026-09-12,US,Beaverton,Oregon,45.4871,-122.8037,20.07,0,0.0,0.0,0.0,False,False
2026-09-12,US,Bellevue,Nebraska,41.1367,-95.8908,4.18,0,0.0,0.0,0.0039370078740157,False,False
2026-09-12,US,Bellevue,Washington,47.6104,-122.2007,45.07,0,0.0,0.0,0.0,False,False
2026-09-12,US,Bentonville,Arkansas,36.3728,-94.2088,23.14,0,0.0,0.0,0.1220472440944882,False,False
2026-09-12,US,Berkley,Massachusetts,41.8459,-71.0828,17.27,0,0.0,0.0,0.0,False,False
2026-09-12,US,Bethesda,Maryland,38.9807,-77.1003,64.46,0,0.0,0.0,0.2519685039370078,True,True
2026-09-12,US,Billings,Montana,45.7833,-108.5007,10.58,0,0.0,0.0,0.1929133858267716,False,False
2026-09-12,US,Birmingham,Alabama,33.5207,-86.8025,61.69,0,0.0,0.0,0.3622047244094488,True,True
2026-09-12,US,Bismarck,North Dakota,46.8083,-100.7837,4.54,0,0.0,0.0,0.0,False,False
2026-09-12,US,Bloomfield Hills,Michigan,42.5836,-83.2455,29.97,0,0.0,0.0,0.0157480314960629,False,False
2026-09-12,US,Bloomington,Indiana,39.1653,-86.5264,24.32,0,0.0,0.0,0.4606299212598425,True,True
2026-09-12,US,Boca Raton,Florida,26.3587,-80.0831,99.49,0,0.0,0.0,0.4488188976377953,True,True
2026-09-12,US,Boise,Idaho,43.6135,-116.2034,27.63,0,0.0,0.0,0.0,False,False
2026-09-12,US,Boston,Massachusetts,42.3584,-71.0598,164.84,1,0.0,0.0,0.0,False,False
2026-09-12,US,Bowling Green,Kentucky,36.9903,-86.4436,11.31,0,0.0,0.0,0.421259842519685,True,True
2026-09-12,US,Bozeman,Montana,45.6796,-111.0386,8.18,0,0.0,0.0,0.0,False,False
2026-09-12,US,Broken Arrow,Oklahoma,36.0526,-95.7908,14.700000000000001,0,0.0,0.0,0.1141732283464566,False,False
2026-09-12,US,Bronx,New York,40.8499,-73.8664,75.2,0,0.0,0.0,0.0,False,False
2026-09-12,US,Brooklyn,New York,40.6501,-73.9496,649.29,36,0.0,0.0,0.0,False,False
2026-09-12,US,Burlington,Vermont,44.4759,-73.2121,6.0600000000000005,0,0.0,0.0,0.0,False,False
2026-09-12,US,Cambridge,Massachusetts,42.3751,-71.1056,59.260000000000005,0,0.0,0.0,0.0,False,False
2026-09-12,US,Carmel,Indiana,39.9784,-86.118,45.05,0,0.0,0.0,0.5944881889763779,True,True
2026-09-12,US,Carson City,Nevada,39.1638,-119.7674,3.67,0,0.0,0.0,0.0,False,False
2026-09-12,US,Casper,Wyoming,42.8666,-106.3131,1.71,0,0.0,0.0,0.0,False,False
2026-09-12,US,Cedar Rapids,Iowa,42.0083,-91.6441,16.49,0,0.0,0.0,0.0,False,False
2026-09-12,US,Chapel Hill,North Carolina,35.9132,-79.0558,38.88,0,0.0,0.0,0.2677165354330708,True,True
2026-09-12,US,Charleston,South Carolina,32.7763,-79.9328,53.34,0,0.0,0.0,0.2795275590551181,True,True
2026-09-12,US,Charleston,West Virginia,38.3498,-81.6326,7.05,0,0.0,0.0,0.1220472440944882,False,False
2026-09-12,US,Charlotte,North Carolina,35.2271,-80.8431,175.24,2,0.0,0.0,0.1692913385826771,False,False
2026-09-12,US,Chattanooga,Tennessee,35.0456,-85.3097,30.49,0,0.0,0.0,0.2519685039370078,True,True
2026-09-12,US,Chesterfield,Missouri,38.6631,-90.5771,25.57,0,0.0,0.0,0.0,False,False
2026-09-12,US,Cheyenne,Wyoming,41.14,-104.8202,8.36,0,0.0,0.0,0.0039370078740157,False,False
2026-09-12,US,Chicago,Illinois,41.85,-87.65,487.90999999999997,23,0.0,0.0,0.0,False,False
2026-09-12,US,Cincinnati,Ohio,39.1271,-84.5144,123.33,0,0.0,0.0,0.1850393700787401,False,False
2026-09-12,US,Cleveland,Ohio,41.4995,-81.6954,24.86,0,0.0,0.0,0.0826771653543307,False,False
2026-09-12,US,Cody,Wyoming,44.5263,-109.0565,2.3000000000000003,0,0.0,0.0,0.0,False,False
2026-09-12,US,Coeur D'Alene,Idaho,47.6777,-116.7805,1.6800000000000002,0,0.0,0.0,0.0,False,False
2026-09-12,US,Colorado Springs,Colorado,38.8339,-104.8214,48.17,0,0.0,0.0,0.0039370078740157,False,False
2026-09-12,US,Columbia,South Carolina,34.0007,-81.0348,38.19,0,0.0,0.0,0.1614173228346456,False,False
2026-09-12,US,Columbus,Ohio,39.9612,-82.9988,102.89,0,0.0,0.0,0.4999999999999999,True,True
2026-09-12,US,Cordova,Alaska,60.5432,-145.7587,4.87,0,0.0,0.0,0.0,False,False
2026-09-12,US,Cranston,Rhode Island,41.7798,-71.4373,6.91,0,0.0,0.0,0.0,False,False
2026-09-12,US,Dallas,Texas,32.7831,-96.8067,249.21,3,0.0,0.0,0.0039370078740157,False,False
2026-09-12,US,Dayton,Ohio,39.759,-84.1916,39.22,0,0.0,0.0,0.2834645669291338,True,True
2026-09-12,US,Decatur,Georgia,33.7748,-84.2963,33.14,0,0.0,0.0,0.3818897637795275,True,True
2026-09-12,US,Denver,Colorado,39.7392,-104.9847,93.26,0,0.0,0.0,0.0,False,False
2026-09-12,US,Des Moines,Iowa,41.6005,-93.6091,11.32,0,0.0,0.0,0.0629921259842519,False,False
2026-09-12,US,Dickinson,North Dakota,46.8792,-102.7896,4.33,0,0.0,0.0,0.0,False,False
2026-09-12,US,Downers Grove,Illinois,41.8089,-88.0112,23.98,0,0.0,0.0,0.0,False,False
2026-09-12,US,Doylestown,Pennsylvania,40.3101,-75.1299,26.88,0,0.0,0.0,0.0,False,False
2026-09-12,US,Dublin,Ohio,40.0992,-83.1141,27.06,0,0.0,0.0,0.7125984251968505,True,True
2026-09-12,US,Durham,North Carolina,35.994,-78.8986,37.05,0,0.0,0.0,0.3149606299212598,True,True
2026-09-12,US,Eagle,Idaho,43.6954,-116.354,7.51,0,0.0,0.0,0.0,False,False
2026-09-12,US,Eagle Mountain,Utah,40.3144,-111.9849,2.25,0,0.0,0.0,0.0039370078740157,False,False
2026-09-12,US,East Greenwich,Rhode Island,41.6604,-71.4559,6.15,0,0.0,0.0,0.0,False,False
2026-09-12,US,Eden Prairie,Minnesota,44.8547,-93.4708,13.64,0,0.0,0.0,0.0551181102362204,False,False
2026-09-12,US,Edmond,Oklahoma,35.6528,-97.4781,63.06,0,0.0,0.0,0.0590551181102362,False,False
2026-09-12,US,Eliot,Maine,43.1531,-70.8001,3.9,0,0.0,0.0,0.0,False,False
2026-09-12,US,Elkhorn,Nebraska,41.345,-96.256,9.74,0,0.0,0.0,0.0,False,False
2026-09-12,US,Essex Junction,Vermont,44.4906,-73.111,4.08,0,0.0,0.0,0.0,False,False
2026-09-12,US,Eugene,Oregon,44.0521,-123.0868,21.29,0,0.0,0.0,0.0118110236220472,False,False
2026-09-12,US,Evanston,Illinois,42.0411,-87.6901,29.44,0,0.0,0.0,0.0,False,False
2026-09-12,US,Ewa Beach,Hawaii,21.3156,-158.0072,27.44,0,0.0,0.0,0.0,False,False
2026-09-12,US,Exeter,New Hampshire,42.9815,-70.9478,6.23,0,0.0,0.0,0.0,False,False
2026-09-12,US,Fairbanks,Alaska,64.8378,-147.7164,3.65,0,0.0,0.0,0.6692913385826772,True,True
2026-09-12,US,Fairfax,Virginia,38.8462,-77.3064,48.73,0,0.0,0.0,0.0866141732283464,False,False
2026-09-12,US,Fairfield,Connecticut,41.1412,-73.2637,25.8,0,0.0,0.0,0.0,False,False
2026-09-12,US,Fairhope,Alabama,30.523,-87.9033,16.25,0,0.0,0.0,0.3228346456692913,True,True
2026-09-12,US,Falmouth,Maine,43.7295,-70.242,6.9,0,0.0,0.0,0.0,False,False
2026-09-12,US,Fargo,North Dakota,46.8772,-96.7898,10.91,0,0.0,0.0,0.0,False,False
2026-09-12,US,Fayetteville,Arkansas,36.0626,-94.1574,15.63,0,0.0,0.0,0.1496062992125984,False,False
2026-09-12,US,Fort Collins,Colorado,40.5853,-105.0844,23.1,0,0.0,0.0,0.0039370078740157,False,False
2026-09-12,US,Fort Wayne,Indiana,41.1306,-85.1289,33.85,0,0.0,0.0,0.1023622047244094,False,False
2026-09-12,US,Fort Worth,Texas,32.7254,-97.3208,103.72,0,0.0,0.0,0.0,False,False
2026-09-12,US,Franklin,Tennessee,35.9251,-86.8689,49.98,0,0.0,0.0,1.1181102362204725,True,True
2026-09-12,US,Gilbert,Arizona,33.3528,-111.789,22.27,0,0.0,0.0,0.1181102362204724,False,False
2026-09-12,US,Grand Forks,North Dakota,47.9253,-97.0328,1.48,0,0.0,0.0,0.0,False,False
2026-09-12,US,Grand Rapids,Michigan,42.9634,-85.6681,50.13,0,0.0,0.0,0.0,False,False
2026-09-12,US,Great Falls,Montana,47.5002,-111.3008,4.84,0,0.0,0.0,0.0,False,False
2026-09-12,US,Greenville,South Carolina,34.8526,-82.394,59.54,0,0.0,0.0,0.1929133858267716,False,False
2026-09-12,US,Greenwich,Connecticut,41.0265,-73.6285,69.92,0,0.0,0.0,0.0,False,False
2026-09-12,US,Gulfport,Mississippi,30.3674,-89.0928,10.82,0,0.0,0.0,0.1259842519685039,False,False
2026-09-12,US,Hampton,New Hampshire,42.9376,-70.8389,9.71,0,0.0,0.0,0.0,False,False
2026-09-12,US,Hattiesburg,Mississippi,31.3271,-89.2903,6.0,0,0.0,0.0,0.1062992125984252,False,False
2026-09-12,US,Henderson,Nevada,36.0397,-114.9819,36.81,1,0.0,0.0,0.0,False,False
2026-09-12,US,Hoboken,New Jersey,40.744,-74.0324,50.3,0,0.0,0.0,0.0,False,False
2026-09-12,US,Honolulu,Hawaii,21.3069,-157.8583,138.52,0,0.0,0.0,0.0,False,False
2026-09-12,US,Houston,Texas,29.7633,-95.3633,459.77,10,0.0,0.0,0.0433070866141732,False,False
2026-09-12,US,Huntington,West Virginia,38.4192,-82.4452,8.27,0,0.0,0.0,0.2913385826771654,True,True
2026-09-12,US,Huntsville,Alabama,34.7304,-86.5859,49.26,0,0.0,0.0,0.2952755905511811,True,True
2026-09-12,US,Hurricane,West Virginia,38.4326,-82.0201,4.3,0,0.0,0.0,0.2874015748031496,True,True
2026-09-12,US,Hyde Park,Vermont,44.5939,-72.6165,3.41,0,0.0,0.0,0.0,False,False
2026-09-12,US,Indianapolis,Indiana,39.7684,-86.158,79.96,0,0.0,0.0,0.6259842519685039,True,True
2026-09-12,US,Iowa City,Iowa,41.6611,-91.5302,12.08,0,0.0,0.0,0.0,False,False
2026-09-12,US,Jackson,Mississippi,32.2988,-90.1848,6.65,0,0.0,0.0,0.0433070866141732,False,False
2026-09-12,US,Jersey City,New Jersey,40.7282,-74.0776,97.31,0,0.0,0.0,0.0,False,False
2026-09-12,US,Jonesboro,Arkansas,35.8423,-90.7043,15.61,0,0.0,0.0,0.0275590551181102,False,False
2026-09-12,US,Kailua,Hawaii,21.4024,-157.7405,19.21,0,0.0,0.0,0.0,False,False
2026-09-12,US,Kalispell,Montana,48.1958,-114.3129,6.03,0,0.0,0.0,0.0,False,False
2026-09-12,US,Kaneohe,Hawaii,21.3999,-157.799,17.58,0,0.0,0.0,0.0,False,False
2026-09-12,US,Kansas City,Missouri,39.0997,-94.5786,48.91,0,0.0,0.0,0.0196850393700787,False,False
2026-09-12,US,Knoxville,Tennessee,35.9606,-83.9207,68.53,0,0.0,0.0,0.5984251968503936,True,True
2026-09-12,US,Kuna,Idaho,43.4918,-116.4201,12.61,0,0.0,0.0,0.0,False,False
2026-09-12,US,Lafayette,Louisiana,30.2241,-92.0198,40.55,0,0.0,0.0,0.1692913385826771,False,False
2026-09-12,US,Lake Oswego,Oregon,45.4207,-122.6706,29.98,0,0.0,0.0,0.0,False,False
2026-09-12,US,Lancaster,Pennsylvania,40.0379,-76.3055,29.94,0,0.0,0.0,0.0,False,False
2026-09-12,US,Las Cruces,New Mexico,32.3123,-106.7783,11.89,0,0.0,0.0,0.0,False,False
2026-09-12,US,Las Vegas,Nevada,36.175,-115.1372,99.92,0,0.0,0.0,0.0,False,False
2026-09-12,US,Lawrence,Kansas,38.9717,-95.2352,11.62,0,0.0,0.0,0.2519685039370078,True,True
2026-09-12,US,Leawood,Kansas,38.9667,-94.6169,10.69,0,0.0,0.0,0.0078740157480314,False,False
2026-09-12,US,Lennox,South Dakota,43.3541,-96.892,3.06,0,0.0,0.0,0.0118110236220472,False,False
2026-09-12,US,Lewes,Delaware,38.7746,-75.1393,15.21,0,0.0,0.0,0.0,False,False
2026-09-12,US,Lexington,Kentucky,37.9887,-84.4777,60.05,0,0.0,0.0,0.1614173228346456,False,False
2026-09-12,US,Lincoln,Nebraska,40.8,-96.667,17.51,0,0.0,0.0,0.0118110236220472,False,False
2026-09-12,US,Little Rock,Arkansas,34.7465,-92.2896,42.42,0,0.0,0.0,0.0905511811023622,False,False
2026-09-12,US,Littleton,Colorado,39.6133,-105.0166,27.080000000000002,0,0.0,0.0,0.0,False,False
2026-09-12,US,Los Alamos,New Mexico,35.8881,-106.307,5.34,0,0.0,0.0,0.0157480314960629,False,False
2026-09-12,US,Los Angeles,California,34.0522,-118.2437,401.87,16,0.0,0.0,0.0,False,False
2026-09-12,US,Louisville,Kentucky,38.2542,-85.7594,87.04,0,0.0,0.0,0.1535433070866141,False,False
2026-09-12,US,Macomb,Michigan,42.7009,-82.9591,15.49,0,0.0,0.0,0.0314960629921259,False,False
2026-09-12,US,Madison,Alabama,34.6993,-86.7483,19.43,0,0.0,0.0,0.2322834645669291,True,True
2026-09-12,US,Madison,Mississippi,32.4618,-90.1154,12.43,0,0.0,0.0,0.0196850393700787,False,False
2026-09-12,US,Madison,South Dakota,44.0061,-97.114,2.06,0,0.0,0.0,0.0,False,False
2026-09-12,US,Madison,Wisconsin,43.073,-89.4012,34.26,0,0.0,0.0,0.0,False,False
2026-09-12,US,Manchester,New Hampshire,42.9956,-71.4548,14.08,0,0.0,0.0,0.0,False,False
2026-09-12,US,Marietta,Georgia,33.9526,-84.5499,93.44,0,0.0,0.0,0.2362204724409448,True,True
2026-09-12,US,Memphis,Tennessee,35.1495,-90.049,53.199999999999996,0,0.0,0.0,0.8740157480314961,True,True
2026-09-12,US,Meridian,Idaho,43.6121,-116.3915,16.32,0,0.0,0.0,0.0,False,False
2026-09-12,US,Mesa,Arizona,33.4223,-111.8226,22.89,0,0.0,0.0,0.1535433070866141,False,False
2026-09-12,US,Metairie,Louisiana,29.9841,-90.1528,24.81,0,0.0,0.0,0.5039370078740157,True,True
2026-09-12,US,Miami,Florida,25.7743,-80.1937,449.18,6,0.0,0.0,0.3228346456692913,True,True
2026-09-12,US,Middlesboro,Kentucky,36.6084,-83.7166,3.79,0,0.0,0.0,0.1614173228346456,False,False
2026-09-12,US,Middletown,Delaware,39.4496,-75.7163,7.98,0,0.0,0.0,0.0,False,False
2026-09-12,US,Mililani,Hawaii,21.4504,-158.015,14.81,0,0.0,0.0,0.0,False,False
2026-09-12,US,Milwaukee,Wisconsin,43.0389,-87.9065,43.14,0,0.0,0.0,0.0196850393700787,False,False
2026-09-12,US,Minneapolis,Minnesota,44.98,-93.2638,86.77,0,0.0,0.0,0.0944881889763779,False,False
2026-09-12,US,Minnetonka,Minnesota,44.9133,-93.5033,11.18,0,0.0,0.0,0.0551181102362204,False,False
2026-09-12,US,Missoula,Montana,46.8722,-113.994,4.7,0,0.0,0.0,0.0,False,False
2026-09-12,US,Mobile,Alabama,30.6944,-88.043,26.93,0,0.0,0.0,0.2874015748031496,True,True
2026-09-12,US,Morgantown,West Virginia,39.6295,-79.9559,16.92,0,0.0,0.0,0.3228346456692913,True,True
2026-09-12,US,Morristown,New Jersey,40.7968,-74.4815,33.71,0,0.0,0.0,0.0118110236220472,False,False
2026-09-12,US,Mount Pleasant,South Carolina,32.7941,-79.8626,35.03,0,0.0,0.0,0.2007874015748031,True,True
2026-09-12,US,Myrtle Beach,South Carolina,33.6891,-78.8867,40.89,0,0.0,0.0,0.3976377952755905,True,True
2026-09-12,US,Naperville,Illinois,41.7859,-88.1473,50.24,0,0.0,0.0,0.0,False,False
2026-09-12,US,Naples,Florida,26.1423,-81.796,126.52,0,0.0,0.0,0.2204724409448818,True,True
2026-09-12,US,Nashua,New Hampshire,42.7654,-71.4676,14.3,0,0.0,0.0,0.0,False,False
2026-09-12,US,Nashville,Tennessee,36.1659,-86.7844,117.64,1,0.0,0.0,0.7322834645669292,True,True
2026-09-12,US,New Canaan,Connecticut,41.1468,-73.4948,27.71,0,0.0,0.0,0.0,False,False
2026-09-12,US,New Castle,Delaware,39.6595,-75.5636,16.37,0,0.0,0.0,0.0,False,False
2026-09-12,US,New Orleans,Louisiana,29.9546,-90.0751,53.47,0,0.0,0.0,0.5039370078740157,True,True
2026-09-12,US,New York,New York,40.7143,-74.006,1295.94,69,0.0,0.0,0.0,False,False
2026-09-12,US,Newark,Delaware,39.6837,-75.7497,17.76,0,0.0,0.0,0.0,False,False
2026-09-12,US,Norman,Oklahoma,35.2226,-97.4395,18.91,0,0.0,0.0,0.0039370078740157,False,False
2026-09-12,US,North Las Vegas,Nevada,36.1989,-115.1175,3.4899999999999998,0,0.0,0.0,0.0,False,False
2026-09-12,US,Norwalk,Connecticut,41.1176,-73.4079,22.6,0,0.0,0.0,0.0,False,False
2026-09-12,US,Oakland,California,37.8044,-122.2708,111.01,1,0.0,0.0,0.0,False,False
2026-09-12,US,Oklahoma City,Oklahoma,35.4676,-97.5164,38.11,0,0.0,0.0,0.1259842519685039,False,False
2026-09-12,US,Olathe,Kansas,38.8814,-94.8191,19.22,0,0.0,0.0,0.0511811023622047,False,False
2026-09-12,US,Omaha,Nebraska,41.2563,-95.9404,38.54,0,0.0,0.0,0.0039370078740157,False,False
2026-09-12,US,Orlando,Florida,28.5383,-81.3792,161.95,1,0.0,0.0,0.8740157480314961,True,True
2026-09-12,US,Overland Park,Kansas,38.9822,-94.6708,36.01,0,0.0,0.0,0.0314960629921259,False,False
2026-09-12,US,Paducah,Kentucky,37.0834,-88.6,13.84,0,0.0,0.0,0.0551181102362204,False,False
2026-09-12,US,Papillion,Nebraska,41.1544,-96.0422,6.19,0,0.0,0.0,0.0039370078740157,False,False
2026-09-12,US,Park City,Utah,40.6461,-111.498,12.07,0,0.0,0.0,0.0157480314960629,False,False
2026-09-12,US,Philadelphia,Pennsylvania,39.9524,-75.1636,181.19,3,0.0,0.0,0.0,False,False
2026-09-12,US,Phoenix,Arizona,33.4484,-112.074,76.21,0,0.0,0.0,0.2007874015748031,True,True
2026-09-12,US,Pittsburgh,Pennsylvania,40.4406,-79.9959,112.73,1,0.0,0.0,0.1771653543307086,False,False
2026-09-12,US,Plymouth,Michigan,42.3714,-83.4702,17.95,0,0.0,0.0,0.0393700787401574,False,False
2026-09-12,US,Plymouth,Minnesota,45.0105,-93.4555,20.16,0,0.0,0.0,0.1220472440944882,False,False
2026-09-12,US,Portland,Maine,43.6574,-70.2589,15.08,0,0.0,0.0,0.0,False,False
2026-09-12,US,Portland,Oregon,45.5234,-122.6762,169.69,2,0.0,0.0,0.0,False,False
2026-09-12,US,Portsmouth,New Hampshire,43.077,-70.7577,8.56,0,0.0,0.0,0.0,False,False
2026-09-12,US,Princeton,New Jersey,40.3487,-74.659,25.07,0,0.0,0.0,0.0118110236220472,False,False
2026-09-12,US,Providence,Rhode Island,41.824,-71.4128,24.51,0,0.0,0.0,0.0,False,False
2026-09-12,US,Raleigh,North Carolina,35.7721,-78.6386,111.61,0,0.0,0.0,0.1299212598425196,False,False
2026-09-12,US,Rapid City,South Dakota,44.0805,-103.231,5.32,0,0.0,0.0,0.0078740157480314,False,False
2026-09-12,US,Reading,Massachusetts,42.5256,-71.0953,157.71,8,0.0,0.0,0.0,False,False
2026-09-12,US,Reno,Nevada,39.5296,-119.8138,32.8,0,0.0,0.0,0.0,False,False
2026-09-12,US,Richmond,Virginia,37.5538,-77.4603,78.07,0,0.0,0.0,0.1653543307086614,False,False
2026-09-12,US,Rock Springs,Wyoming,41.5875,-109.2029,5.4,0,0.0,0.0,0.0,False,False
2026-09-12,US,Rockville,Maryland,39.084,-77.1528,34.12,0,0.0,0.0,0.2244094488188976,True,True
2026-09-12,US,Rogers,Arkansas,36.332,-94.1185,16.990000000000002,0,0.0,0.0,0.1377952755905512,False,False
2026-09-12,US,Saint Charles,Missouri,38.7839,-90.4812,18.59,0,0.0,0.0,0.0078740157480314,False,False
2026-09-12,US,Saint Louis,Missouri,38.6517,-90.2053,83.54,0,0.0,0.0,0.0118110236220472,False,False
2026-09-12,US,Saint Paul,Minnesota,44.9444,-93.0933,43.67,0,0.0,0.0,0.1574803149606299,False,False
2026-09-12,US,Salem,Oregon,44.9429,-123.0351,17.44,0,0.0,0.0,0.0118110236220472,False,False
2026-09-12,US,Salt Lake City,Utah,40.7608,-111.891,28.03,0,0.0,0.0,0.0,False,False
2026-09-12,US,San Antonio,Texas,29.4241,-98.4936,127.23,1,0.0,0.0,0.0236220472440944,False,False
2026-09-12,US,San Diego,California,32.7157,-117.1647,205.26,4,0.0,0.0,0.0,False,False
2026-09-12,US,San Francisco,California,37.7749,-122.4194,413.87,12,0.0,0.0,0.0,False,False
2026-09-12,US,San Jose,California,37.3394,-121.895,162.66,3,0.0,0.0,0.0,False,False
2026-09-12,US,Sandy,Utah,40.5916,-111.8841,9.76,0,0.0,0.0,0.0,False,False
2026-09-12,US,Santa Fe,New Mexico,35.687,-105.9378,16.84,0,0.0,0.0,0.0,False,False
2026-09-12,US,Savannah,Georgia,32.0835,-81.0998,53.14,0,0.0,0.0,0.468503937007874,True,True
2026-09-12,US,Scarborough,Maine,43.5781,-70.3217,10.0,0,0.0,0.0,0.0,False,False
2026-09-12,US,Scottsdale,Arizona,33.5092,-111.899,62.0,0,0.0,0.0,0.2283464566929133,True,True
2026-09-12,US,Seattle,Washington,47.6062,-122.3321,255.55,4,0.0,0.0,0.0,False,False
2026-09-12,US,Sheridan,Wyoming,44.7972,-106.9562,6.81,0,0.0,0.0,0.0551181102362204,False,False
2026-09-12,US,Shreveport,Louisiana,32.5251,-93.7502,48.19,0,0.0,0.0,0.0,False,False
2026-09-12,US,Silver Spring,Maryland,38.9907,-77.0261,36.55,0,0.0,0.0,0.2519685039370078,True,True
2026-09-12,US,Sioux Falls,South Dakota,43.55,-96.7003,10.13,0,0.0,0.0,0.0866141732283464,False,False
2026-09-12,US,Sitka,Alaska,57.0532,-135.3309,2.63,0,0.0,0.0,0.0,False,False
2026-09-12,US,Somerville,Massachusetts,42.3876,-71.0995,30.3,0,0.0,0.0,0.0,False,False
2026-09-12,US,South Burlington,Vermont,44.467,-73.171,7.71,0,0.0,0.0,0.0,False,False
2026-09-12,US,South Jordan,Utah,40.5622,-111.9297,15.11,0,0.0,0.0,0.0,False,False
2026-09-12,US,Southaven,Mississippi,34.989,-90.0126,6.99,0,0.0,0.0,0.2480314960629921,True,True
2026-09-12,US,Spokane,Washington,47.6569,-117.425,16.06,0,0.0,0.0,0.0,False,False
2026-09-12,US,Springfield,Missouri,37.2153,-93.2982,18.78,0,0.0,0.0,0.0078740157480314,False,False
2026-09-12,US,Stamford,Connecticut,41.0534,-73.5387,26.9,0,0.0,0.0,0.0,False,False
2026-09-12,US,Staten Island,New York,40.5623,-74.1399,82.53,0,0.0,0.0,0.0,False,False
2026-09-12,US,Stowe,Vermont,44.4653,-72.6846,5.36,0,0.0,0.0,0.0,False,False
2026-09-12,US,Tacoma,Washington,47.2529,-122.4443,37.13,0,0.0,0.0,0.0,False,False
2026-09-12,US,Tampa,Florida,27.9475,-82.4584,115.45,0,0.0,0.0,0.1299212598425196,False,False
2026-09-12,US,Tijeras,New Mexico,35.0809,-106.3881,4.7700000000000005,0,0.0,0.0,0.0,False,False
2026-09-12,US,Tucson,Arizona,32.2217,-110.9265,66.81,0,0.0,0.0,0.0905511811023622,False,False
2026-09-12,US,Tulsa,Oklahoma,36.154,-95.9928,74.69,0,0.0,0.0,0.0826771653543307,False,False
2026-09-12,US,Vancouver,Washington,45.6387,-122.6615,45.14,0,0.0,0.0,0.0,False,False
2026-09-12,US,Virginia Beach,Virginia,36.8529,-75.978,79.39,0,0.0,0.0,0.2677165354330708,True,True
2026-09-12,US,Warwick,Rhode Island,41.7001,-71.4162,7.82,0,0.0,0.0,0.0,False,False
2026-09-12,US,Washington,District of Columbia,38.8951,-77.0364,292.27,5,0.0,0.0,0.2755905511811024,True,True
2026-09-12,US,Wasilla,Alaska,61.5809,-149.4415,1.6500000000000001,0,0.0,0.0,0.1181102362204724,False,False
2026-09-12,US,Waukesha,Wisconsin,43.0117,-88.2315,10.92,0,0.0,0.0,0.0236220472440944,False,False
2026-09-12,US,West Chester,Pennsylvania,39.961,-75.608,29.06,0,0.0,0.0,0.0,False,False
2026-09-12,US,West Des Moines,Iowa,41.5772,-93.7113,9.14,0,0.0,0.0,0.0944881889763779,False,False
2026-09-12,US,West Fargo,North Dakota,46.875,-96.9004,6.57,0,0.0,0.0,0.0,False,False
2026-09-12,US,West Lafayette,Indiana,40.4259,-86.9081,15.18,0,0.0,0.0,0.0511811023622047,False,False
2026-09-12,US,Westfield,New Jersey,40.659,-74.3474,30.849999999999998,0,0.0,0.0,0.0,False,False
2026-09-12,US,Wheeling,West Virginia,40.064,-80.7209,9.55,0,0.0,0.0,0.0826771653543307,False,False
2026-09-12,US,Whitefish Bay,Wisconsin,43.1133,-87.9001,11.1,0,0.0,0.0,0.0275590551181102,False,False
2026-09-12,US,Wichita,Kansas,37.6922,-97.3375,38.57,0,0.0,0.0,0.1535433070866141,False,False
2026-09-12,US,Wilmette,Illinois,42.0722,-87.7228,27.25,0,0.0,0.0,0.0,False,False
2026-09-12,US,Wilmington,Delaware,39.746,-75.5466,45.97,0,0.0,0.0,0.0,False,False
2026-09-12,US,Wilmington,North Carolina,34.2356,-77.946,52.07,0,0.0,0.0,0.6299212598425197,True,True
2026-09-13,CAN,Blainville,Quebec,45.6668,-73.8825,2.24,0,0.0,0.0,0.3346456692913386,True,True
2026-09-13,CAN,Brossard,Quebec,45.4501,-73.4658,1.6300000000000001,0,0.0,0.0,0.2952755905511811,True,True
2026-09-13,CAN,Burnaby,British Columbia,49.2664,-122.9526,21.080000000000002,0,0.0,0.0,0.0,False,False
2026-09-13,CAN,Calgary,Alberta,51.0501,-114.0853,34.4,0,0.0,0.0,0.0236220472440944,False,False
2026-09-13,CAN,Cote-Saint-Luc,Quebec,45.4654,-73.6659,1.36,0,0.0,0.0,0.3188976377952756,True,True
2026-09-13,CAN,Dartmouth,Nova Scotia,44.6713,-63.5772,0.65,0,0.0,0.0,0.0,False,False
2026-09-13,CAN,Dieppe,New Brunswick,46.0784,-64.6874,2.56,0,0.0,0.0,0.1574803149606299,False,False
2026-09-13,CAN,Dorval,Quebec,45.4473,-73.7534,1.53,0,0.0,0.0,0.3622047244094488,True,True
2026-09-13,CAN,Edmonton,Alberta,53.5501,-113.4687,14.74,0,0.0,0.0,0.0,False,False
2026-09-13,CAN,Fredericton,New Brunswick,45.9454,-66.6656,0.78,0,0.0,0.0,0.2401574803149606,True,True
2026-09-13,CAN,Guelph,Ontario,43.5459,-80.256,6.18,0,0.0,0.0,0.0118110236220472,False,False
2026-09-13,CAN,Halifax,Nova Scotia,44.6427,-63.5769,4.93,0,0.0,0.0,0.0,False,False
2026-09-13,CAN,Headingley,Manitoba,49.8753,-97.409,0.68,0,0.0,0.0,0.0,False,False
2026-09-13,CAN,Kingston,Ontario,44.2298,-76.481,4.35,0,0.0,0.0,0.2007874015748031,True,True
2026-09-13,CAN,Markham,Ontario,43.8668,-79.2663,8.16,0,0.0,0.0,0.0118110236220472,False,False
2026-09-13,CAN,Moncton,New Brunswick,46.0945,-64.7965,1.22,0,0.0,0.0,0.1496062992125984,False,False
2026-09-13,CAN,Montreal,Quebec,45.5088,-73.5878,20.16,0,0.0,0.0,0.2755905511811024,True,True
2026-09-13,CAN,North Vancouver,British Columbia,49.3164,-123.0693,15.81,0,0.0,0.0,0.0,False,False
2026-09-13,CAN,Ottawa,Ontario,45.4112,-75.6981,33.14,0,0.0,0.0,0.0472440944881889,False,False
2026-09-13,CAN,Paradise,Newfoundland and Labrador,47.5333,-52.9667,0.78,0,0.0,0.0,0.0,False,False
2026-09-13,CAN,Regina,Saskatchewan,50.4501,-104.6178,0.73,0,0.0,0.0,0.0826771653543307,False,False
2026-09-13,CAN,Saskatoon,Saskatchewan,52.1324,-106.6689,3.5,0,0.0,0.0,0.0,False,False
2026-09-13,CAN,St. Albert,Alberta,53.6334,-113.6353,1.78,0,0.0,0.0,0.0,False,False
2026-09-13,CAN,St. John'S,Newfoundland and Labrador,47.5649,-52.7093,0.8400000000000001,0,0.0,0.0,0.0,False,False
2026-09-13,CAN,Surrey,British Columbia,49.1064,-122.8251,24.34,0,0.0,0.0,0.0,False,False
2026-09-13,CAN,Toronto,Ontario,43.7064,-79.3986,101.67,6,0.0,0.0,0.0039370078740157,False,False
2026-09-13,CAN,Vancouver,British Columbia,49.2497,-123.1193,77.74000000000001,1,0.0,0.0,0.0,False,False
2026-09-13,CAN,Victoria,British Columbia,48.4359,-123.3516,18.38,0,0.0,0.0,0.0,False,False
2026-09-13,CAN,Wainwright,Alberta,52.8348,-110.8534,0.55,0,0.0,0.0,0.0,False,False
2026-09-13,CAN,West Baptiste,Alberta,54.7502,-113.5688,0.33,0,0.0,0.0,0.0,False,False
2026-09-13,CAN,Winnipeg,Manitoba,49.8844,-97.147,3.8000000000000003,0,0.0,0.0,0.0,False,False
2026-09-13,CAN,Yellow Grass,Saskatchewan,49.8001,-104.1678,0.9400000000000001,0,0.0,0.0,0.0,False,False
2026-09-13,UK,Aberdare,Wales,51.7144,-3.4492,0.99,0,0.0,0.0,0.3700787401574803,True,True
2026-09-13,UK,Aberdeen,Scotland,57.1437,-2.0981,1.04,0,0.0,0.0,0.0,False,False
2026-09-13,UK,Aboyne,Scotland,57.0755,-2.7802,0.4,0,0.0,0.0,0.0,False,False
2026-09-13,UK,Balerno,Scotland,55.8844,-3.3398,0.49,0,0.0,0.0,0.0,False,False
2026-09-13,UK,Banchory,Scotland,57.0517,-2.4882,0.64,0,0.0,0.0,0.0,False,False
2026-09-13,UK,Barrhead,Scotland,55.7992,-4.3928,0.53,0,0.0,0.0,0.0078740157480314,False,False
2026-09-13,UK,Belfast,Northern Ireland,54.5968,-5.9254,0.51,0,0.0,0.0,0.0157480314960629,False,False
2026-09-13,UK,Birmingham,England,52.4814,-1.8998,2.15,0,0.0,0.0,0.3385826771653543,True,True
2026-09-13,UK,Brighton,England,50.8284,-0.1395,1.74,0,0.0,0.0,0.0236220472440944,False,False
2026-09-13,UK,Bristol,England,51.4552,-2.5966,7.48,0,0.0,0.0,0.1259842519685039,False,False
2026-09-13,UK,Cardiff,Wales,51.48,-3.18,1.4,0,0.0,0.0,0.1653543307086614,False,False
2026-09-13,UK,Clarbeston Road,Wales,51.8514,-4.8806,0.47,0,0.0,0.0,0.5039370078740157,True,True
2026-09-13,UK,Craigavon,Northern Ireland,54.4471,-6.387,0.47,0,0.0,0.0,0.0275590551181102,False,False
2026-09-13,UK,Cwmbran,Wales,51.6545,-3.0228,0.46,0,0.0,0.0,0.1535433070866141,False,False
2026-09-13,UK,Dromara,Northern Ireland,54.3667,-6.0167,0.44,0,0.0,0.0,0.0118110236220472,False,False
2026-09-13,UK,Dunfermline,Scotland,56.0716,-3.4589,1.05,0,0.0,0.0,0.0,False,False
2026-09-13,UK,Edinburgh,Scotland,55.9521,-3.1965,2.08,0,0.0,0.0,0.0,False,False
2026-09-13,UK,Glasgow,Scotland,55.8652,-4.2576,2.63,0,0.0,0.0,0.0,False,False
2026-09-13,UK,Hove,England,50.8309,-0.1672,2.15,0,0.0,0.0,0.0236220472440944,False,False
2026-09-13,UK,Llanidloes,Wales,52.4498,-3.54,0.44,0,0.0,0.0,0.2795275590551181,True,True
2026-09-13,UK,London,England,51.5085,-0.1257,55.46,1,0.0,0.0,0.1338582677165354,False,False
2026-09-13,UK,Manchester,England,53.481,-2.2374,2.05,0,0.0,0.0,0.0629921259842519,False,False
2026-09-13,UK,Merthyr Tydfil,Wales,51.7479,-3.3778,0.52,0,0.0,0.0,0.3700787401574803,True,True
2026-09-13,UK,Newry,Northern Ireland,54.1784,-6.3374,0.97,0,0.0,0.0,0.0433070866141732,False,False
2026-09-13,UK,Port Talbot,Wales,51.5924,-3.7802,0.54,0,0.0,0.0,0.3976377952755905,True,True
2026-09-13,UK,Sheffield,England,53.383,-1.4659,3.22,0,0.0,0.0,0.0944881889763779,False,False
2026-09-13,UK,Swansea,Wales,51.6214,-3.9436,0.44,0,0.0,0.0,0.3307086614173228,True,True
2026-09-13,UK,Swindon,England,51.558,-1.7812,3.92,0,0.0,0.0,0.1062992125984252,False,False
2026-09-13,US,Aberdeen,South Dakota,45.4647,-98.4865,2.17,0,0.0,0.0,0.0,False,False
2026-09-13,US,Albuquerque,New Mexico,35.0845,-106.6511,79.15,0,0.34,0.0,0.0,False,False
2026-09-13,US,Alexandria,Virginia,38.8048,-77.0469,215.53,3,0.94,0.0,0.4409448818897637,True,True
2026-09-13,US,Alpharetta,Georgia,34.0754,-84.2941,67.26,0,0.28,0.0,0.0196850393700787,False,False
2026-09-13,US,Ames,Iowa,42.0347,-93.6199,12.2,0,0.06,0.0,0.1102362204724409,False,False
2026-09-13,US,Anchorage,Alaska,61.2181,-149.9003,19.36,0,0.08,0.0,0.0,False,False
2026-09-13,US,Ann Arbor,Michigan,42.2776,-83.7409,70.02,0,0.3,0.0,0.0,False,False
2026-09-13,US,Annapolis,Maryland,38.9786,-76.4918,49.21,0,0.22,0.0,0.8661417322834646,True,True
2026-09-13,US,Appleton,Wisconsin,44.2619,-88.4154,15.459999999999999,0,0.06,0.0,0.0,False,False
2026-09-13,US,Arlington,Virginia,38.881,-77.1043,154.7,2,0.66,0.0,0.4921259842519685,True,True
2026-09-13,US,Astoria,New York,40.772,-73.9301,69.45,0,0.3,0.0,1.7283464566929132,True,True
2026-09-13,US,Atlanta,Georgia,33.749,-84.388,305.99,3,1.32,0.0,0.0157480314960629,False,False
2026-09-13,US,Aurora,Colorado,39.7294,-104.8319,34.1,0,0.14,0.0,0.0,False,False
2026-09-13,US,Austin,Texas,30.2672,-97.7431,393.9,6,1.7,0.0,0.0551181102362204,False,False
2026-09-13,US,Baltimore,Maryland,39.2904,-76.6122,94.46,0,0.4,0.0,0.6614173228346457,True,True
2026-09-13,US,Bangor,Maine,44.7988,-68.7726,7.55,0,0.04,0.0,0.4133858267716535,True,True
2026-09-13,US,Barrington,Rhode Island,41.7407,-71.3087,20.03,0,0.08,0.0,1.4803149606299213,True,True
2026-09-13,US,Baton Rouge,Louisiana,30.4433,-91.1875,106.11,0,0.46,0.0,0.0236220472440944,False,False
2026-09-13,US,Beaverton,Oregon,45.4871,-122.8037,30.73,0,0.14,0.0,0.2125984251968504,True,True
2026-09-13,US,Bellevue,Nebraska,41.1367,-95.8908,6.28,0,0.02,0.0,1.7559055118110236,True,True
2026-09-13,US,Bellevue,Washington,47.6104,-122.2007,69.09,0,0.3,0.0,0.8385826771653544,True,True
2026-09-13,US,Bentonville,Arkansas,36.3728,-94.2088,35.47,0,0.14,0.0,0.2480314960629921,True,True
2026-09-13,US,Berkley,Massachusetts,41.8459,-71.0828,26.52,0,0.12,0.0,2.7086614173228343,True,True
2026-09-13,US,Bethesda,Maryland,38.9807,-77.1003,98.74,0,0.42,0.0,0.4330708661417323,True,True
2026-09-13,US,Billings,Montana,45.7833,-108.5007,16.22,0,0.06,0.0,0.0,False,False
2026-09-13,US,Birmingham,Alabama,33.5207,-86.8025,94.54,0,0.4,0.0,0.0078740157480314,False,False
2026-09-13,US,Bismarck,North Dakota,46.8083,-100.7837,7.01,0,0.04,0.0,0.0,False,False
2026-09-13,US,Bloomfield Hills,Michigan,42.5836,-83.2455,46.06,0,0.2,0.0,0.0039370078740157,False,False
2026-09-13,US,Bloomington,Indiana,39.1653,-86.5264,37.36,0,0.16,0.0,0.0590551181102362,False,False
2026-09-13,US,Boca Raton,Florida,26.3587,-80.0831,152.56,1,0.64,0.0,0.3346456692913386,True,True
2026-09-13,US,Boise,Idaho,43.6135,-116.2034,42.27,0,0.18,0.0,0.0039370078740157,False,False
2026-09-13,US,Boston,Massachusetts,42.3584,-71.0598,252.69,3,1.08,0.0,1.2716535433070866,True,True
2026-09-13,US,Bowling Green,Kentucky,36.9903,-86.4436,17.41,0,0.08,0.0,0.0,False,False
2026-09-13,US,Bozeman,Montana,45.6796,-111.0386,12.47,0,0.06,0.0,0.0,False,False
2026-09-13,US,Broken Arrow,Oklahoma,36.0526,-95.7908,22.5,0,0.1,0.0,0.1653543307086614,False,False
2026-09-13,US,Bronx,New York,40.8499,-73.8664,115.33,0,0.48,0.0,2.2125984251968505,True,True
2026-09-13,US,Brooklyn,New York,40.6501,-73.9496,995.23,39,4.28,0.0,1.5,True,True
2026-09-13,US,Burlington,Vermont,44.4759,-73.2121,9.26,0,0.04,0.0,0.2598425196850393,True,True
2026-09-13,US,Cambridge,Massachusetts,42.3751,-71.1056,90.83,0,0.38,0.0,1.2716535433070866,True,True
2026-09-13,US,Carmel,Indiana,39.9784,-86.118,69.04,0,0.3,0.0,0.0118110236220472,False,False
2026-09-13,US,Carson City,Nevada,39.1638,-119.7674,5.63,0,0.02,0.0,0.0,False,False
2026-09-13,US,Casper,Wyoming,42.8666,-106.3131,2.61,0,0.02,0.0,0.0,False,False
2026-09-13,US,Cedar Rapids,Iowa,42.0083,-91.6441,25.2,0,0.1,0.0,0.1653543307086614,False,False
2026-09-13,US,Chapel Hill,North Carolina,35.9132,-79.0558,59.53,0,0.26,0.0,0.1496062992125984,False,False
2026-09-13,US,Charleston,South Carolina,32.7763,-79.9328,81.73,0,0.34,0.0,0.1456692913385827,False,False
2026-09-13,US,Charleston,West Virginia,38.3498,-81.6326,10.83,0,0.04,0.0,0.6496062992125984,True,True
2026-09-13,US,Charlotte,North Carolina,35.2271,-80.8431,268.68,3,1.16,0.0,0.1299212598425196,False,False
2026-09-13,US,Chattanooga,Tennessee,35.0456,-85.3097,46.730000000000004,0,0.2,0.0,0.0,False,False
2026-09-13,US,Chesterfield,Missouri,38.6631,-90.5771,39.2,0,0.16,0.0,0.0,False,False
2026-09-13,US,Cheyenne,Wyoming,41.14,-104.8202,12.81,0,0.06,0.0,0.0314960629921259,False,False
2026-09-13,US,Chicago,Illinois,41.85,-87.65,747.88,33,3.2,0.0,0.0748031496062992,False,False
2026-09-13,US,Cincinnati,Ohio,39.1271,-84.5144,188.93,1,0.8,0.0,0.0314960629921259,False,False
2026-09-13,US,Cleveland,Ohio,41.4995,-81.6954,38.14,0,0.16,0.0,0.0196850393700787,False,False
2026-09-13,US,Cody,Wyoming,44.5263,-109.0565,3.58,0,0.02,0.0,0.0354330708661417,False,False
2026-09-13,US,Coeur D'Alene,Idaho,47.6777,-116.7805,2.5500000000000003,0,0.02,0.0,0.3267716535433071,True,True
2026-09-13,US,Colorado Springs,Colorado,38.8339,-104.8214,73.86,0,0.32,0.0,0.0,False,False
2026-09-13,US,Columbia,South Carolina,34.0007,-81.0348,58.61,0,0.26,0.0,0.1023622047244094,False,False
2026-09-13,US,Columbus,Ohio,39.9612,-82.9988,157.75,1,0.68,0.0,0.1811023622047244,False,False
2026-09-13,US,Cordova,Alaska,60.5432,-145.7587,7.53,0,0.04,0.0,0.0,False,False
2026-09-13,US,Cranston,Rhode Island,41.7798,-71.4373,10.56,0,0.04,0.0,1.3818897637795275,True,True
2026-09-13,US,Dallas,Texas,32.7831,-96.8067,382.08,3,1.64,0.0,0.0,False,False
2026-09-13,US,Dayton,Ohio,39.759,-84.1916,60.14,0,0.24,0.0,0.0629921259842519,False,False
2026-09-13,US,Decatur,Georgia,33.7748,-84.2963,50.79,0,0.22,0.0,0.0078740157480314,False,False
2026-09-13,US,Denver,Colorado,39.7392,-104.9847,142.9,1,0.62,0.0,0.0,False,False
2026-09-13,US,Des Moines,Iowa,41.6005,-93.6091,17.29,0,0.06,0.0,0.437007874015748,True,True
2026-09-13,US,Dickinson,North Dakota,46.8792,-102.7896,6.68,0,0.02,0.0,0.0078740157480314,False,False
2026-09-13,US,Downers Grove,Illinois,41.8089,-88.0112,36.69,0,0.16,0.0,0.0590551181102362,False,False
2026-09-13,US,Doylestown,Pennsylvania,40.3101,-75.1299,41.23,0,0.18,0.0,0.4488188976377953,True,True
2026-09-13,US,Dublin,Ohio,40.0992,-83.1141,41.45,0,0.18,0.0,0.2086614173228346,True,True
2026-09-13,US,Durham,North Carolina,35.994,-78.8986,56.71,0,0.24,0.0,0.1535433070866141,False,False
2026-09-13,US,Eagle,Idaho,43.6954,-116.354,11.46,0,0.04,0.0,0.0039370078740157,False,False
2026-09-13,US,Eagle Mountain,Utah,40.3144,-111.9849,3.45,0,0.02,0.0,0.0,False,False
2026-09-13,US,East Greenwich,Rhode Island,41.6604,-71.4559,9.44,0,0.04,0.0,1.5393700787401574,True,True
2026-09-13,US,Eden Prairie,Minnesota,44.8547,-93.4708,20.85,0,0.08,0.0,0.0,False,False
2026-09-13,US,Edmond,Oklahoma,35.6528,-97.4781,96.73,1,0.42,0.0,0.0,False,False
2026-09-13,US,Eliot,Maine,43.1531,-70.8001,5.95,0,0.02,0.0,0.5039370078740157,True,True
2026-09-13,US,Elkhorn,Nebraska,41.345,-96.256,14.9,0,0.06,0.0,1.4645669291338583,True,True
2026-09-13,US,Essex Junction,Vermont,44.4906,-73.111,6.17,0,0.02,0.0,0.3346456692913386,True,True
2026-09-13,US,Eugene,Oregon,44.0521,-123.0868,32.64,0,0.14,0.0,0.7283464566929134,True,True
2026-09-13,US,Evanston,Illinois,42.0411,-87.6901,45.18,0,0.18,0.0,0.0748031496062992,False,False
2026-09-13,US,Ewa Beach,Hawaii,21.3156,-158.0072,41.99,0,0.18,0.0,0.0,False,False
2026-09-13,US,Exeter,New Hampshire,42.9815,-70.9478,9.52,0,0.04,0.0,0.6062992125984252,True,True
2026-09-13,US,Fairbanks,Alaska,64.8378,-147.7164,5.66,0,0.02,0.0,0.1062992125984252,False,False
2026-09-13,US,Fairfax,Virginia,38.8462,-77.3064,74.7,0,0.32,0.0,0.2125984251968504,True,True
2026-09-13,US,Fairfield,Connecticut,41.1412,-73.2637,39.61,0,0.18,0.0,5.0984251968503935,True,True
2026-09-13,US,Fairhope,Alabama,30.523,-87.9033,24.9,0,0.1,0.0,0.0157480314960629,False,False
2026-09-13,US,Falmouth,Maine,43.7295,-70.242,10.56,0,0.04,0.0,0.3897637795275591,True,True
2026-09-13,US,Fargo,North Dakota,46.8772,-96.7898,16.78,0,0.08,0.0,0.0,False,False
2026-09-13,US,Fayetteville,Arkansas,36.0626,-94.1574,23.92,0,0.1,0.0,0.0118110236220472,False,False
2026-09-13,US,Fort Collins,Colorado,40.5853,-105.0844,35.45,0,0.16,0.0,0.0,False,False
2026-09-13,US,Fort Wayne,Indiana,41.1306,-85.1289,51.97,0,0.22,0.0,0.0039370078740157,False,False
2026-09-13,US,Fort Worth,Texas,32.7254,-97.3208,159.01,0,0.68,0.0,0.0,False,False
2026-09-13,US,Franklin,Tennessee,35.9251,-86.8689,76.58,0,0.32,0.0,0.0,False,False
2026-09-13,US,Gilbert,Arizona,33.3528,-111.789,34.1,0,0.14,0.0,0.0039370078740157,False,False
2026-09-13,US,Grand Forks,North Dakota,47.9253,-97.0328,2.22,0,0.0,0.0,0.0,False,False
2026-09-13,US,Grand Rapids,Michigan,42.9634,-85.6681,76.76,0,0.32,0.0,0.0354330708661417,False,False
2026-09-13,US,Great Falls,Montana,47.5002,-111.3008,7.4799999999999995,0,0.04,0.0,0.0,False,False
2026-09-13,US,Greenville,South Carolina,34.8526,-82.394,91.28,0,0.38,0.0,0.0118110236220472,False,False
2026-09-13,US,Greenwich,Connecticut,41.0265,-73.6285,107.25,0,0.46,0.0,1.7283464566929132,True,True
2026-09-13,US,Gulfport,Mississippi,30.3674,-89.0928,16.61,0,0.08,0.0,0.0393700787401574,False,False
2026-09-13,US,Hampton,New Hampshire,42.9376,-70.8389,14.86,0,0.06,0.0,0.5905511811023622,True,True
2026-09-13,US,Hattiesburg,Mississippi,31.3271,-89.2903,9.15,0,0.04,0.0,0.1220472440944882,False,False
2026-09-13,US,Henderson,Nevada,36.0397,-114.9819,56.38,2,0.24,0.0,0.0,False,False
2026-09-13,US,Hoboken,New Jersey,40.744,-74.0324,77.01,0,0.32,0.0,1.5551181102362204,True,True
2026-09-13,US,Honolulu,Hawaii,21.3069,-157.8583,212.3,2,0.92,0.0,0.0,False,False
2026-09-13,US,Houston,Texas,29.7633,-95.3633,704.65,17,3.04,0.0,0.0866141732283464,False,False
2026-09-13,US,Huntington,West Virginia,38.4192,-82.4452,12.65,0,0.06,0.0,0.0275590551181102,False,False
2026-09-13,US,Huntsville,Alabama,34.7304,-86.5859,75.43,0,0.34,0.0,0.0787401574803149,False,False
2026-09-13,US,Hurricane,West Virginia,38.4326,-82.0201,6.62,0,0.02,0.0,0.1062992125984252,False,False
2026-09-13,US,Hyde Park,Vermont,44.5939,-72.6165,5.2700000000000005,0,0.02,0.0,0.1574803149606299,False,False
2026-09-13,US,Indianapolis,Indiana,39.7684,-86.158,122.5,0,0.54,0.0,0.0275590551181102,False,False
2026-09-13,US,Iowa City,Iowa,41.6611,-91.5302,18.48,0,0.08,0.0,0.1968503937007873,False,False
2026-09-13,US,Jackson,Mississippi,32.2988,-90.1848,10.22,0,0.04,0.0,0.0984251968503936,False,False
2026-09-13,US,Jersey City,New Jersey,40.7282,-74.0776,149.17,2,0.64,0.0,1.5551181102362204,True,True
2026-09-13,US,Jonesboro,Arkansas,35.8423,-90.7043,23.89,0,0.1,0.0,0.0,False,False
2026-09-13,US,Kailua,Hawaii,21.4024,-157.7405,29.45,0,0.12,0.0,0.0,False,False
2026-09-13,US,Kalispell,Montana,48.1958,-114.3129,9.22,0,0.04,0.0,0.3385826771653543,True,True
2026-09-13,US,Kaneohe,Hawaii,21.3999,-157.799,26.88,0,0.12,0.0,0.0,False,False
2026-09-13,US,Kansas City,Missouri,39.0997,-94.5786,74.92,0,0.32,0.0,0.0748031496062992,False,False
2026-09-13,US,Knoxville,Tennessee,35.9606,-83.9207,104.99,0,0.46,0.0,0.0275590551181102,False,False
2026-09-13,US,Kuna,Idaho,43.4918,-116.4201,19.259999999999998,0,0.08,0.0,0.0039370078740157,False,False
2026-09-13,US,Lafayette,Louisiana,30.2241,-92.0198,62.24,0,0.26,0.0,0.0118110236220472,False,False
2026-09-13,US,Lake Oswego,Oregon,45.4207,-122.6706,45.980000000000004,0,0.2,0.0,0.0905511811023622,False,False
2026-09-13,US,Lancaster,Pennsylvania,40.0379,-76.3055,45.97,0,0.2,0.0,0.2755905511811024,True,True
2026-09-13,US,Las Cruces,New Mexico,32.3123,-106.7783,18.17,0,0.08,0.0,0.0275590551181102,False,False
2026-09-13,US,Las Vegas,Nevada,36.175,-115.1372,153.22,1,0.66,0.0,0.0,False,False
2026-09-13,US,Lawrence,Kansas,38.9717,-95.2352,17.84,0,0.08,0.0,0.2519685039370078,True,True
2026-09-13,US,Leawood,Kansas,38.9667,-94.6169,16.38,0,0.06,0.0,0.0472440944881889,False,False
2026-09-13,US,Lennox,South Dakota,43.3541,-96.892,4.74,0,0.02,0.0,0.0275590551181102,False,False
2026-09-13,US,Lewes,Delaware,38.7746,-75.1393,23.41,0,0.1,0.0,0.5826771653543308,True,True
2026-09-13,US,Lexington,Kentucky,37.9887,-84.4777,91.97,0,0.4,0.0,0.0157480314960629,False,False
2026-09-13,US,Lincoln,Nebraska,40.8,-96.667,26.95,0,0.12,0.0,0.7244094488188976,True,True
2026-09-13,US,Little Rock,Arkansas,34.7465,-92.2896,65.03,0,0.28,0.0,0.0787401574803149,False,False
2026-09-13,US,Littleton,Colorado,39.6133,-105.0166,41.48,0,0.18,0.0,0.0,False,False
2026-09-13,US,Los Alamos,New Mexico,35.8881,-106.307,8.19,0,0.04,0.0,0.0275590551181102,False,False
2026-09-13,US,Los Angeles,California,34.0522,-118.2437,615.88,25,2.64,0.0,0.0,False,False
2026-09-13,US,Louisville,Kentucky,38.2542,-85.7594,133.43,0,0.58,0.0,0.0629921259842519,False,False
2026-09-13,US,Macomb,Michigan,42.7009,-82.9591,23.78,0,0.1,0.0,0.0078740157480314,False,False
2026-09-13,US,Madison,Alabama,34.6993,-86.7483,29.82,0,0.12,0.0,0.0,False,False
2026-09-13,US,Madison,Mississippi,32.4618,-90.1154,19.02,0,0.08,0.0,0.0511811023622047,False,False
2026-09-13,US,Madison,South Dakota,44.0061,-97.114,3.17,0,0.02,0.0,0.0078740157480314,False,False
2026-09-13,US,Madison,Wisconsin,43.073,-89.4012,52.51,0,0.22,0.0,0.0511811023622047,False,False
2026-09-13,US,Manchester,New Hampshire,42.9956,-71.4548,21.55,0,0.1,0.0,0.5275590551181103,True,True
2026-09-13,US,Marietta,Georgia,33.9526,-84.5499,143.13,0,0.6,0.0,0.0196850393700787,False,False
2026-09-13,US,Memphis,Tennessee,35.1495,-90.049,81.49,0,0.34,0.0,0.0157480314960629,False,False
2026-09-13,US,Meridian,Idaho,43.6121,-116.3915,25.04,0,0.1,0.0,0.0039370078740157,False,False
2026-09-13,US,Mesa,Arizona,33.4223,-111.8226,35.08,0,0.16,0.0,0.0039370078740157,False,False
2026-09-13,US,Metairie,Louisiana,29.9841,-90.1528,37.99,0,0.16,0.0,0.0196850393700787,False,False
2026-09-13,US,Miami,Florida,25.7743,-80.1937,688.52,12,2.96,0.0,0.2086614173228346,True,True
2026-09-13,US,Middlesboro,Kentucky,36.6084,-83.7166,5.82,0,0.02,0.0,0.1653543307086614,False,False
2026-09-13,US,Middletown,Delaware,39.4496,-75.7163,12.14,0,0.04,0.0,0.6062992125984252,True,True
2026-09-13,US,Mililani,Hawaii,21.4504,-158.015,22.71,0,0.1,0.0,0.0236220472440944,False,False
2026-09-13,US,Milwaukee,Wisconsin,43.0389,-87.9065,66.17,0,0.28,0.0,0.0236220472440944,False,False
2026-09-13,US,Minneapolis,Minnesota,44.98,-93.2638,132.9,1,0.56,0.0,0.0,False,False
2026-09-13,US,Minnetonka,Minnesota,44.9133,-93.5033,17.11,0,0.06,0.0,0.0,False,False
2026-09-13,US,Missoula,Montana,46.8722,-113.994,7.14,0,0.02,0.0,0.0826771653543307,False,False
2026-09-13,US,Mobile,Alabama,30.6944,-88.043,41.18,0,0.18,0.0,0.0944881889763779,False,False
2026-09-13,US,Morgantown,West Virginia,39.6295,-79.9559,25.96,0,0.12,0.0,0.2755905511811024,True,True
2026-09-13,US,Morristown,New Jersey,40.7968,-74.4815,51.58,0,0.22,0.0,0.7795275590551182,True,True
2026-09-13,US,Mount Pleasant,South Carolina,32.7941,-79.8626,53.589999999999996,0,0.22,0.0,0.0511811023622047,False,False
2026-09-13,US,Myrtle Beach,South Carolina,33.6891,-78.8867,62.64,0,0.26,0.0,0.2795275590551181,True,True
2026-09-13,US,Naperville,Illinois,41.7859,-88.1473,77.0,0,0.34,0.0,0.0669291338582677,False,False
2026-09-13,US,Naples,Florida,26.1423,-81.796,193.89000000000001,1,0.84,0.0,0.1535433070866141,False,False
2026-09-13,US,Nashua,New Hampshire,42.7654,-71.4676,21.87,0,0.1,0.0,0.7677165354330708,True,True
2026-09-13,US,Nashville,Tennessee,36.1659,-86.7844,180.35,2,0.78,0.0,0.0,False,False
2026-09-13,US,New Canaan,Connecticut,41.1468,-73.4948,42.45,0,0.18,0.0,2.0354330708661417,True,True
2026-09-13,US,New Castle,Delaware,39.6595,-75.5636,25.1,0,0.1,0.0,0.6889763779527559,True,True
2026-09-13,US,New Orleans,Louisiana,29.9546,-90.0751,81.96,0,0.36,0.0,0.0196850393700787,False,False
2026-09-13,US,New York,New York,40.7143,-74.006,1987.41,89,8.8,2.0,1.5551181102362204,True,True
2026-09-13,US,Newark,Delaware,39.6837,-75.7497,27.2,0,0.12,0.0,0.8346456692913385,True,True
2026-09-13,US,Norman,Oklahoma,35.2226,-97.4395,29.06,0,0.12,0.0,0.0748031496062992,False,False
2026-09-13,US,North Las Vegas,Nevada,36.1989,-115.1175,5.33,0,0.02,0.0,0.0,False,False
2026-09-13,US,Norwalk,Connecticut,41.1176,-73.4079,34.67,0,0.14,0.0,3.6023622047244093,True,True
2026-09-13,US,Oakland,California,37.8044,-122.2708,170.13,3,0.74,0.0,0.0,False,False
2026-09-13,US,Oklahoma City,Oklahoma,35.4676,-97.5164,58.47,0,0.24,0.0,0.0,False,False
2026-09-13,US,Olathe,Kansas,38.8814,-94.8191,29.45,0,0.12,0.0,0.0748031496062992,False,False
2026-09-13,US,Omaha,Nebraska,41.2563,-95.9404,59.07,0,0.26,0.0,2.2244094488188977,True,True
2026-09-13,US,Orlando,Florida,28.5383,-81.3792,248.29999999999998,3,1.06,0.0,0.0629921259842519,False,False
2026-09-13,US,Overland Park,Kansas,38.9822,-94.6708,55.22,0,0.24,0.0,0.0669291338582677,False,False
2026-09-13,US,Paducah,Kentucky,37.0834,-88.6,21.16,0,0.1,0.0,0.0314960629921259,False,False
2026-09-13,US,Papillion,Nebraska,41.1544,-96.0422,9.51,0,0.04,0.0,1.5551181102362204,True,True
2026-09-13,US,Park City,Utah,40.6461,-111.498,18.47,0,0.08,0.0,0.0314960629921259,False,False
2026-09-13,US,Philadelphia,Pennsylvania,39.9524,-75.1636,277.77,3,1.2,0.0,0.5275590551181103,True,True
2026-09-13,US,Phoenix,Arizona,33.4484,-112.074,116.82000000000001,0,0.5,0.0,0.0039370078740157,False,False
2026-09-13,US,Pittsburgh,Pennsylvania,40.4406,-79.9959,172.79,2,0.74,0.0,0.5984251968503936,True,True
2026-09-13,US,Plymouth,Michigan,42.3714,-83.4702,27.51,0,0.12,0.0,0.0,False,False
2026-09-13,US,Plymouth,Minnesota,45.0105,-93.4555,30.869999999999997,0,0.14,0.0,0.0,False,False
2026-09-13,US,Portland,Maine,43.6574,-70.2589,23.17,0,0.1,0.0,0.3267716535433071,True,True
2026-09-13,US,Portland,Oregon,45.5234,-122.6762,260.09,3,1.1,0.0,0.1574803149606299,False,False
2026-09-13,US,Portsmouth,New Hampshire,43.077,-70.7577,13.16,0,0.06,0.0,0.5039370078740157,True,True
2026-09-13,US,Princeton,New Jersey,40.3487,-74.659,38.45,0,0.18,0.0,0.8110236220472441,True,True
2026-09-13,US,Providence,Rhode Island,41.824,-71.4128,37.53,0,0.16,0.0,1.5708661417322831,True,True
2026-09-13,US,Raleigh,North Carolina,35.7721,-78.6386,171.04,2,0.74,0.0,0.1653543307086614,False,False
2026-09-13,US,Rapid City,South Dakota,44.0805,-103.231,8.09,0,0.04,0.0,0.0078740157480314,False,False
2026-09-13,US,Reading,Massachusetts,42.5256,-71.0953,241.69,14,1.04,0.0,1.0511811023622046,True,True
2026-09-13,US,Reno,Nevada,39.5296,-119.8138,50.33,0,0.22,0.0,0.0,False,False
2026-09-13,US,Richmond,Virginia,37.5538,-77.4603,119.59,0,0.5,0.0,0.2716535433070866,True,True
2026-09-13,US,Rock Springs,Wyoming,41.5875,-109.2029,8.25,0,0.04,0.0,0.0118110236220472,False,False
2026-09-13,US,Rockville,Maryland,39.084,-77.1528,52.24,0,0.24,0.0,0.5196850393700787,True,True
2026-09-13,US,Rogers,Arkansas,36.332,-94.1185,26.09,0,0.12,0.0,0.1535433070866141,False,False
2026-09-13,US,Saint Charles,Missouri,38.7839,-90.4812,28.46,0,0.12,0.0,0.0,False,False
2026-09-13,US,Saint Louis,Missouri,38.6517,-90.2053,128.01,0,0.54,0.0,0.0,False,False
2026-09-13,US,Saint Paul,Minnesota,44.9444,-93.0933,66.89,0,0.28,0.0,0.0,False,False
2026-09-13,US,Salem,Oregon,44.9429,-123.0351,26.74,0,0.1,0.0,0.1496062992125984,False,False
2026-09-13,US,Salt Lake City,Utah,40.7608,-111.891,42.94,0,0.18,0.0,0.0,False,False
2026-09-13,US,San Antonio,Texas,29.4241,-98.4936,195.01,3,0.82,0.0,0.0433070866141732,False,False
2026-09-13,US,San Diego,California,32.7157,-117.1647,314.55,4,1.34,0.0,0.0,False,False
2026-09-13,US,San Francisco,California,37.7749,-122.4194,634.45,23,2.74,0.0,0.0,False,False
2026-09-13,US,San Jose,California,37.3394,-121.895,249.23000000000002,3,1.06,0.0,0.0,False,False
2026-09-13,US,Sandy,Utah,40.5916,-111.8841,14.93,0,0.06,0.0,0.0,False,False
2026-09-13,US,Santa Fe,New Mexico,35.687,-105.9378,25.77,0,0.1,0.0,0.0196850393700787,False,False
2026-09-13,US,Savannah,Georgia,32.0835,-81.0998,81.37,0,0.34,0.0,0.0669291338582677,False,False
2026-09-13,US,Scarborough,Maine,43.5781,-70.3217,15.35,0,0.06,0.0,0.3031496062992126,True,True
2026-09-13,US,Scottsdale,Arizona,33.5092,-111.899,94.96000000000001,0,0.42,0.0,0.0039370078740157,False,False
2026-09-13,US,Seattle,Washington,47.6062,-122.3321,391.76,7,1.68,0.0,0.7283464566929134,True,True
2026-09-13,US,Sheridan,Wyoming,44.7972,-106.9562,10.48,0,0.04,0.0,0.0,False,False
2026-09-13,US,Shreveport,Louisiana,32.5251,-93.7502,73.82,0,0.32,0.0,0.0078740157480314,False,False
2026-09-13,US,Silver Spring,Maryland,38.9907,-77.0261,56.0,0,0.24,0.0,0.4330708661417323,True,True
2026-09-13,US,Sioux Falls,South Dakota,43.55,-96.7003,15.459999999999999,0,0.06,0.0,0.0,False,False
2026-09-13,US,Sitka,Alaska,57.0532,-135.3309,4.13,0,0.02,0.0,0.0,False,False
2026-09-13,US,Somerville,Massachusetts,42.3876,-71.0995,46.37,0,0.18,0.0,1.1062992125984252,True,True
2026-09-13,US,South Burlington,Vermont,44.467,-73.171,11.85,0,0.06,0.0,0.2598425196850393,True,True
2026-09-13,US,South Jordan,Utah,40.5622,-111.9297,23.21,0,0.1,0.0,0.0,False,False
2026-09-13,US,Southaven,Mississippi,34.989,-90.0126,10.73,0,0.04,0.0,0.0314960629921259,False,False
2026-09-13,US,Spokane,Washington,47.6569,-117.425,24.56,0,0.1,0.0,0.437007874015748,True,True
2026-09-13,US,Springfield,Missouri,37.2153,-93.2982,28.79,0,0.12,0.0,0.0039370078740157,False,False
2026-09-13,US,Stamford,Connecticut,41.0534,-73.5387,41.24,0,0.18,0.0,2.2440944881889764,True,True
2026-09-13,US,Staten Island,New York,40.5623,-74.1399,126.53999999999999,0,0.54,0.0,1.346456692913386,True,True
2026-09-13,US,Stowe,Vermont,44.4653,-72.6846,8.2,0,0.04,0.0,0.1220472440944882,False,False
2026-09-13,US,Tacoma,Washington,47.2529,-122.4443,56.88,0,0.24,0.0,0.9015748031496064,True,True
2026-09-13,US,Tampa,Florida,27.9475,-82.4584,176.91,1,0.76,0.0,0.2519685039370078,True,True
2026-09-13,US,Tijeras,New Mexico,35.0809,-106.3881,7.28,0,0.04,0.0,0.0039370078740157,False,False
2026-09-13,US,Tucson,Arizona,32.2217,-110.9265,102.32,0,0.44,0.0,0.0,False,False
2026-09-13,US,Tulsa,Oklahoma,36.154,-95.9928,114.54,0,0.48,0.0,0.3228346456692913,True,True
2026-09-13,US,Vancouver,Washington,45.6387,-122.6615,69.18,0,0.3,0.0,0.1968503937007873,False,False
2026-09-13,US,Virginia Beach,Virginia,36.8529,-75.978,121.65,0,0.52,0.0,0.4999999999999999,True,True
2026-09-13,US,Warwick,Rhode Island,41.7001,-71.4162,11.98,0,0.04,0.0,1.5,True,True
2026-09-13,US,Washington,District of Columbia,38.8951,-77.0364,447.91,8,1.92,0.0,0.4921259842519685,True,True
2026-09-13,US,Wasilla,Alaska,61.5809,-149.4415,2.5100000000000002,0,0.02,0.0,0.0,False,False
2026-09-13,US,Waukesha,Wisconsin,43.0117,-88.2315,16.79,0,0.08,0.0,0.0118110236220472,False,False
2026-09-13,US,West Chester,Pennsylvania,39.961,-75.608,44.56,0,0.18,0.0,0.3503937007874015,True,True
2026-09-13,US,West Des Moines,Iowa,41.5772,-93.7113,14.03,0,0.06,0.0,0.6771653543307086,True,True
2026-09-13,US,West Fargo,North Dakota,46.875,-96.9004,10.08,0,0.04,0.0,0.0,False,False
2026-09-13,US,West Lafayette,Indiana,40.4259,-86.9081,23.32,0,0.1,0.0,0.0,False,False
2026-09-13,US,Westfield,New Jersey,40.659,-74.3474,47.21,0,0.2,0.0,1.3228346456692914,True,True
2026-09-13,US,Wheeling,West Virginia,40.064,-80.7209,14.59,0,0.06,0.0,0.1062992125984252,False,False
2026-09-13,US,Whitefish Bay,Wisconsin,43.1133,-87.9001,17.1,0,0.08,0.0,0.0039370078740157,False,False
2026-09-13,US,Wichita,Kansas,37.6922,-97.3375,59.17,0,0.24,0.0,0.3503937007874015,True,True
2026-09-13,US,Wilmette,Illinois,42.0722,-87.7228,41.77,0,0.18,0.0,0.0748031496062992,False,False
2026-09-13,US,Wilmington,Delaware,39.746,-75.5466,70.49,0,0.3,0.0,0.7322834645669292,True,True
2026-09-13,US,Wilmington,North Carolina,34.2356,-77.946,79.83,0,0.34,0.0,0.1062992125984252,False,False
2026-09-14,CAN,Blainville,Quebec,45.6668,-73.8825,1.28,0,0.0,0.0,0.0039370078740157,False,False
2026-09-14,CAN,Brossard,Quebec,45.4501,-73.4658,0.9400000000000001,0,0.0,0.0,0.0157480314960629,False,False
2026-09-14,CAN,Burnaby,British Columbia,49.2664,-122.9526,12.100000000000001,0,0.0,0.0,0.0669291338582677,False,False
2026-09-14,CAN,Calgary,Alberta,51.0501,-114.0853,19.73,0,0.0,0.0,0.2637795275590551,True,True
2026-09-14,CAN,Cote-Saint-Luc,Quebec,45.4654,-73.6659,0.78,0,0.0,0.0,0.0039370078740157,False,False
2026-09-14,CAN,Dartmouth,Nova Scotia,44.6713,-63.5772,0.37,0,0.0,0.0,1.68503937007874,True,True
2026-09-14,CAN,Dieppe,New Brunswick,46.0784,-64.6874,1.46,0,0.0,0.0,0.1062992125984252,False,False
2026-09-14,CAN,Dorval,Quebec,45.4473,-73.7534,0.88,0,0.0,0.0,0.0039370078740157,False,False
2026-09-14,CAN,Edmonton,Alberta,53.5501,-113.4687,8.46,0,0.0,0.0,0.0,False,False
2026-09-14,CAN,Fredericton,New Brunswick,45.9454,-66.6656,0.44,0,0.0,0.0,0.0944881889763779,False,False
2026-09-14,CAN,Guelph,Ontario,43.5459,-80.256,3.55,0,0.0,0.0,0.0,False,False
2026-09-14,CAN,Halifax,Nova Scotia,44.6427,-63.5769,2.83,0,0.0,0.0,1.6889763779527558,True,True
2026-09-14,CAN,Headingley,Manitoba,49.8753,-97.409,0.4,0,0.0,0.0,0.4606299212598425,True,True
2026-09-14,CAN,Kingston,Ontario,44.2298,-76.481,2.51,0,0.0,0.0,0.0,False,False
2026-09-14,CAN,Markham,Ontario,43.8668,-79.2663,4.6899999999999995,0,0.0,0.0,0.0,False,False
2026-09-14,CAN,Moncton,New Brunswick,46.0945,-64.7965,0.7,0,0.0,0.0,0.0551181102362204,False,False
2026-09-14,CAN,Montreal,Quebec,45.5088,-73.5878,11.58,0,0.0,0.0,0.0039370078740157,False,False
2026-09-14,CAN,North Vancouver,British Columbia,49.3164,-123.0693,9.07,0,0.0,0.0,0.1456692913385827,False,False
2026-09-14,CAN,Ottawa,Ontario,45.4112,-75.6981,19.0,0,0.0,0.0,0.0,False,False
2026-09-14,CAN,Paradise,Newfoundland and Labrador,47.5333,-52.9667,0.44,0,0.0,0.0,0.2204724409448818,True,True
2026-09-14,CAN,Regina,Saskatchewan,50.4501,-104.6178,0.42,0,0.0,0.0,0.8543307086614172,True,True
2026-09-14,CAN,Saskatoon,Saskatchewan,52.1324,-106.6689,2.01,0,0.0,0.0,0.1574803149606299,False,False
2026-09-14,CAN,St. Albert,Alberta,53.6334,-113.6353,1.03,0,0.0,0.0,0.0078740157480314,False,False
2026-09-14,CAN,St. John'S,Newfoundland and Labrador,47.5649,-52.7093,0.48000000000000004,0,0.0,0.0,0.1811023622047244,False,False
2026-09-14,CAN,Surrey,British Columbia,49.1064,-122.8251,13.959999999999999,0,0.0,0.0,0.0039370078740157,False,False
2026-09-14,CAN,Toronto,Ontario,43.7064,-79.3986,58.3,4,0.0,0.0,0.0,False,False
2026-09-14,CAN,Vancouver,British Columbia,49.2497,-123.1193,44.59,0,0.0,0.0,0.0078740157480314,False,False
2026-09-14,CAN,Victoria,British Columbia,48.4359,-123.3516,10.52,0,0.0,0.0,0.0,False,False
2026-09-14,CAN,Wainwright,Alberta,52.8348,-110.8534,0.33,0,0.0,0.0,0.1220472440944882,False,False
2026-09-14,CAN,West Baptiste,Alberta,54.7502,-113.5688,0.2,0,0.0,0.0,0.0275590551181102,False,False
2026-09-14,CAN,Winnipeg,Manitoba,49.8844,-97.147,2.18,0,0.0,0.0,0.6929133858267718,True,True
2026-09-14,CAN,Yellow Grass,Saskatchewan,49.8001,-104.1678,0.54,0,0.0,0.0,0.6141732283464567,True,True
2026-09-14,UK,Aberdare,Wales,51.7144,-3.4492,0.91,0,0.0,0.0,0.2086614173228346,True,True
2026-09-14,UK,Aberdeen,Scotland,57.1437,-2.0981,0.96,0,0.0,0.0,0.0905511811023622,False,False
2026-09-14,UK,Aboyne,Scotland,57.0755,-2.7802,0.37,0,0.0,0.0,0.0433070866141732,False,False
2026-09-14,UK,Balerno,Scotland,55.8844,-3.3398,0.45,0,0.0,0.0,0.0669291338582677,False,False
2026-09-14,UK,Banchory,Scotland,57.0517,-2.4882,0.59,0,0.0,0.0,0.0433070866141732,False,False
2026-09-14,UK,Barrhead,Scotland,55.7992,-4.3928,0.49,0,0.0,0.0,0.2125984251968504,True,True
2026-09-14,UK,Belfast,Northern Ireland,54.5968,-5.9254,0.47,0,0.0,0.0,0.1535433070866141,False,False
2026-09-14,UK,Birmingham,England,52.4814,-1.8998,1.99,0,0.0,0.0,0.0472440944881889,False,False
2026-09-14,UK,Brighton,England,50.8284,-0.1395,1.62,0,0.0,0.0,0.0,False,False
2026-09-14,UK,Bristol,England,51.4552,-2.5966,6.93,0,0.0,0.0,0.0866141732283464,False,False
2026-09-14,UK,Cardiff,Wales,51.48,-3.18,1.3,0,0.0,0.0,0.0669291338582677,False,False
2026-09-14,UK,Clarbeston Road,Wales,51.8514,-4.8806,0.44,0,0.0,0.0,0.0866141732283464,False,False
2026-09-14,UK,Craigavon,Northern Ireland,54.4471,-6.387,0.43,0,0.0,0.0,0.3346456692913386,True,True
2026-09-14,UK,Cwmbran,Wales,51.6545,-3.0228,0.43,0,0.0,0.0,0.0669291338582677,False,False
2026-09-14,UK,Dromara,Northern Ireland,54.3667,-6.0167,0.4,0,0.0,0.0,0.2519685039370078,True,True
2026-09-14,UK,Dunfermline,Scotland,56.0716,-3.4589,0.97,0,0.0,0.0,0.0748031496062992,False,False
2026-09-14,UK,Edinburgh,Scotland,55.9521,-3.1965,1.93,0,0.0,0.0,0.0708661417322834,False,False
2026-09-14,UK,Glasgow,Scotland,55.8652,-4.2576,2.44,0,0.0,0.0,0.2007874015748031,True,True
2026-09-14,UK,Hove,England,50.8309,-0.1672,1.99,0,0.0,0.0,0.0,False,False
2026-09-14,UK,Llanidloes,Wales,52.4498,-3.54,0.41,0,0.0,0.0,0.0590551181102362,False,False
2026-09-14,UK,London,England,51.5085,-0.1257,51.46,1,0.0,0.0,0.0157480314960629,False,False
2026-09-14,UK,Manchester,England,53.481,-2.2374,1.9,0,0.0,0.0,0.0196850393700787,False,False
2026-09-14,UK,Merthyr Tydfil,Wales,51.7479,-3.3778,0.48,0,0.0,0.0,0.2086614173228346,True,True
2026-09-14,UK,Newry,Northern Ireland,54.1784,-6.3374,0.9,0,0.0,0.0,0.3346456692913386,True,True
2026-09-14,UK,Port Talbot,Wales,51.5924,-3.7802,0.5,0,0.0,0.0,0.1850393700787401,False,False
2026-09-14,UK,Sheffield,England,53.383,-1.4659,2.98,0,0.0,0.0,0.0157480314960629,False,False
2026-09-14,UK,Swansea,Wales,51.6214,-3.9436,0.41,0,0.0,0.0,0.1259842519685039,False,False
2026-09-14,UK,Swindon,England,51.558,-1.7812,3.63,0,0.0,0.0,0.0511811023622047,False,False
2026-09-14,US,Aberdeen,South Dakota,45.4647,-98.4865,0.8300000000000001,0,0.0,0.0,0.5275590551181103,True,True
2026-09-14,US,Albuquerque,New Mexico,35.0845,-106.6511,29.9,0,0.0,0.0,0.1692913385826771,False,False
2026-09-14,US,Alexandria,Virginia,38.8048,-77.0469,81.28,0,0.0,0.0,0.0708661417322834,False,False
2026-09-14,US,Alpharetta,Georgia,34.0754,-84.2941,25.34,0,0.0,0.0,0.0,False,False
2026-09-14,US,Ames,Iowa,42.0347,-93.6199,4.58,0,0.0,0.0,0.1377952755905512,False,False
2026-09-14,US,Anchorage,Alaska,61.2181,-149.9003,7.28,0,0.0,0.0,0.0,False,False
2026-09-14,US,Ann Arbor,Michigan,42.2776,-83.7409,26.39,0,0.0,0.0,0.0,False,False
2026-09-14,US,Annapolis,Maryland,38.9786,-76.4918,18.52,0,0.0,0.0,0.0039370078740157,False,False
2026-09-14,US,Appleton,Wisconsin,44.2619,-88.4154,5.79,0,0.0,0.0,0.0,False,False
2026-09-14,US,Arlington,Virginia,38.881,-77.1043,58.35,0,0.0,0.0,0.0669291338582677,False,False
2026-09-14,US,Astoria,New York,40.772,-73.9301,26.2,0,0.0,0.0,0.0,False,False
2026-09-14,US,Atlanta,Georgia,33.749,-84.388,115.38,0,0.0,0.0,0.0,False,False
2026-09-14,US,Aurora,Colorado,39.7294,-104.8319,12.870000000000001,0,0.0,0.0,0.0039370078740157,False,False
2026-09-14,US,Austin,Texas,30.2672,-97.7431,148.52,2,0.0,0.0,0.0944881889763779,False,False
2026-09-14,US,Baltimore,Maryland,39.2904,-76.6122,35.53,0,0.0,0.0,0.0,False,False
2026-09-14,US,Bangor,Maine,44.7988,-68.7726,2.83,0,0.0,0.0,0.0,False,False
2026-09-14,US,Barrington,Rhode Island,41.7407,-71.3087,7.56,0,0.0,0.0,0.0,False,False
2026-09-14,US,Baton Rouge,Louisiana,30.4433,-91.1875,39.96,0,0.0,0.0,0.0905511811023622,False,False
2026-09-14,US,Beaverton,Oregon,45.4871,-122.8037,11.62,0,0.0,0.0,0.0157480314960629,False,False
2026-09-14,US,Bellevue,Nebraska,41.1367,-95.8908,2.36,0,0.0,0.0,1.1811023622047243,True,True
2026-09-14,US,Bellevue,Washington,47.6104,-122.2007,26.0,0,0.0,0.0,0.0866141732283464,False,False
2026-09-14,US,Bentonville,Arkansas,36.3728,-94.2088,13.41,0,0.0,0.0,0.0196850393700787,False,False
2026-09-14,US,Berkley,Massachusetts,41.8459,-71.0828,10.05,0,0.0,0.0,0.0,False,False
2026-09-14,US,Bethesda,Maryland,38.9807,-77.1003,37.160000000000004,0,0.0,0.0,0.0393700787401574,False,False
2026-09-14,US,Billings,Montana,45.7833,-108.5007,6.11,0,0.0,0.0,0.0118110236220472,False,False
2026-09-14,US,Birmingham,Alabama,33.5207,-86.8025,35.65,0,0.0,0.0,0.0,False,False
2026-09-14,US,Bismarck,North Dakota,46.8083,-100.7837,2.63,0,0.0,0.0,0.1220472440944882,False,False
2026-09-14,US,Bloomfield Hills,Michigan,42.5836,-83.2455,17.37,0,0.0,0.0,0.0,False,False
2026-09-14,US,Bloomington,Indiana,39.1653,-86.5264,14.12,0,0.0,0.0,0.0,False,False
2026-09-14,US,Boca Raton,Florida,26.3587,-80.0831,57.57,0,0.0,0.0,0.0787401574803149,False,False
2026-09-14,US,Boise,Idaho,43.6135,-116.2034,15.92,0,0.0,0.0,0.0,False,False
2026-09-14,US,Boston,Massachusetts,42.3584,-71.0598,95.28999999999999,0,0.0,0.0,0.0,False,False
2026-09-14,US,Bowling Green,Kentucky,36.9903,-86.4436,6.5,0,0.0,0.0,0.0039370078740157,False,False
2026-09-14,US,Bozeman,Montana,45.6796,-111.0386,4.69,0,0.0,0.0,0.4645669291338583,True,True
2026-09-14,US,Broken Arrow,Oklahoma,36.0526,-95.7908,8.42,0,0.0,0.0,0.0039370078740157,False,False
2026-09-14,US,Bronx,New York,40.8499,-73.8664,43.519999999999996,0,0.0,0.0,0.0,False,False
2026-09-14,US,Brooklyn,New York,40.6501,-73.9496,375.29,23,0.0,0.0,0.0,False,False
2026-09-14,US,Burlington,Vermont,44.4759,-73.2121,3.48,0,0.0,0.0,0.0078740157480314,False,False
2026-09-14,US,Cambridge,Massachusetts,42.3751,-71.1056,34.23,0,0.0,0.0,0.0,False,False
2026-09-14,US,Carmel,Indiana,39.9784,-86.118,26.05,0,0.0,0.0,0.0,False,False
2026-09-14,US,Carson City,Nevada,39.1638,-119.7674,2.14,0,0.0,0.0,0.0,False,False
2026-09-14,US,Casper,Wyoming,42.8666,-106.3131,0.98,0,0.0,0.0,0.0236220472440944,False,False
2026-09-14,US,Cedar Rapids,Iowa,42.0083,-91.6441,9.59,0,0.0,0.0,0.0314960629921259,False,False
2026-09-14,US,Chapel Hill,North Carolina,35.9132,-79.0558,22.39,0,0.0,0.0,0.0314960629921259,False,False
2026-09-14,US,Charleston,South Carolina,32.7763,-79.9328,30.78,0,0.0,0.0,0.1929133858267716,False,False
2026-09-14,US,Charleston,West Virginia,38.3498,-81.6326,4.0,0,0.0,0.0,0.0472440944881889,False,False
2026-09-14,US,Charlotte,North Carolina,35.2271,-80.8431,101.29,0,0.0,0.0,0.0078740157480314,False,False
2026-09-14,US,Chattanooga,Tennessee,35.0456,-85.3097,17.61,0,0.0,0.0,0.0196850393700787,False,False
2026-09-14,US,Chesterfield,Missouri,38.6631,-90.5771,14.78,0,0.0,0.0,0.0,False,False
2026-09-14,US,Cheyenne,Wyoming,41.14,-104.8202,4.79,0,0.0,0.0,0.0039370078740157,False,False
2026-09-14,US,Chicago,Illinois,41.85,-87.65,281.95,12,0.0,0.0,0.0,False,False
2026-09-14,US,Cincinnati,Ohio,39.1271,-84.5144,71.27,0,0.0,0.0,0.0,False,False
2026-09-14,US,Cleveland,Ohio,41.4995,-81.6954,14.389999999999999,0,0.0,0.0,0.0078740157480314,False,False
2026-09-14,US,Cody,Wyoming,44.5263,-109.0565,1.33,0,0.0,0.0,0.0826771653543307,False,False
2026-09-14,US,Coeur D'Alene,Idaho,47.6777,-116.7805,0.97,0,0.0,0.0,0.0787401574803149,False,False
2026-09-14,US,Colorado Springs,Colorado,38.8339,-104.8214,27.86,0,0.0,0.0,0.0,False,False
2026-09-14,US,Columbia,South Carolina,34.0007,-81.0348,22.04,0,0.0,0.0,0.0,False,False
2026-09-14,US,Columbus,Ohio,39.9612,-82.9988,59.47,0,0.0,0.0,0.0,False,False
2026-09-14,US,Cordova,Alaska,60.5432,-145.7587,2.83,0,0.0,0.0,0.0,False,False
2026-09-14,US,Cranston,Rhode Island,41.7798,-71.4373,3.97,0,0.0,0.0,0.0,False,False
2026-09-14,US,Dallas,Texas,32.7831,-96.8067,144.06,0,0.0,0.0,0.0,False,False
2026-09-14,US,Dayton,Ohio,39.759,-84.1916,22.71,0,0.0,0.0,0.0,False,False
2026-09-14,US,Decatur,Georgia,33.7748,-84.2963,19.13,0,0.0,0.0,0.0,False,False
2026-09-14,US,Denver,Colorado,39.7392,-104.9847,53.839999999999996,0,0.0,0.0,0.0196850393700787,False,False
2026-09-14,US,Des Moines,Iowa,41.6005,-93.6091,6.5200000000000005,0,0.0,0.0,0.3818897637795275,True,True
2026-09-14,US,Dickinson,North Dakota,46.8792,-102.7896,2.56,0,0.0,0.0,0.6141732283464567,True,True
2026-09-14,US,Downers Grove,Illinois,41.8089,-88.0112,13.84,0,0.0,0.0,0.0,False,False
2026-09-14,US,Doylestown,Pennsylvania,40.3101,-75.1299,15.540000000000001,0,0.0,0.0,0.0,False,False
2026-09-14,US,Dublin,Ohio,40.0992,-83.1141,15.620000000000001,0,0.0,0.0,0.0,False,False
2026-09-14,US,Durham,North Carolina,35.994,-78.8986,21.39,0,0.0,0.0,0.0275590551181102,False,False
2026-09-14,US,Eagle,Idaho,43.6954,-116.354,4.32,0,0.0,0.0,0.0,False,False
2026-09-14,US,Eagle Mountain,Utah,40.3144,-111.9849,1.21,0,0.0,0.0,0.0,False,False
2026-09-14,US,East Greenwich,Rhode Island,41.6604,-71.4559,3.55,0,0.0,0.0,0.0,False,False
2026-09-14,US,Eden Prairie,Minnesota,44.8547,-93.4708,7.84,0,0.0,0.0,0.6771653543307086,True,True
2026-09-14,US,Edmond,Oklahoma,35.6528,-97.4781,36.47,0,0.0,0.0,0.0039370078740157,False,False
2026-09-14,US,Eliot,Maine,43.1531,-70.8001,2.22,0,0.0,0.0,0.0,False,False
2026-09-14,US,Elkhorn,Nebraska,41.345,-96.256,5.65,0,0.0,0.0,1.0196850393700787,True,True
2026-09-14,US,Essex Junction,Vermont,44.4906,-73.111,2.35,0,0.0,0.0,0.0078740157480314,False,False
2026-09-14,US,Eugene,Oregon,44.0521,-123.0868,12.34,0,0.0,0.0,0.0,False,False
2026-09-14,US,Evanston,Illinois,42.0411,-87.6901,16.98,0,0.0,0.0,0.0,False,False
2026-09-14,US,Ewa Beach,Hawaii,21.3156,-158.0072,15.8,0,0.0,0.0,0.0078740157480314,False,False
2026-09-14,US,Exeter,New Hampshire,42.9815,-70.9478,3.56,0,0.0,0.0,0.0,False,False
2026-09-14,US,Fairbanks,Alaska,64.8378,-147.7164,2.0700000000000003,0,0.0,0.0,0.0,False,False
2026-09-14,US,Fairfax,Virginia,38.8462,-77.3064,28.189999999999998,0,0.0,0.0,0.0590551181102362,False,False
2026-09-14,US,Fairfield,Connecticut,41.1412,-73.2637,14.92,0,0.0,0.0,0.0,False,False
2026-09-14,US,Fairhope,Alabama,30.523,-87.9033,9.46,0,0.0,0.0,0.1732283464566929,False,False
2026-09-14,US,Falmouth,Maine,43.7295,-70.242,3.96,0,0.0,0.0,0.0,False,False
2026-09-14,US,Fargo,North Dakota,46.8772,-96.7898,6.25,0,0.0,0.0,0.952755905511811,True,True
2026-09-14,US,Fayetteville,Arkansas,36.0626,-94.1574,9.08,0,0.0,0.0,0.0354330708661417,False,False
2026-09-14,US,Fort Collins,Colorado,40.5853,-105.0844,13.370000000000001,0,0.0,0.0,0.0196850393700787,False,False
2026-09-14,US,Fort Wayne,Indiana,41.1306,-85.1289,19.56,0,0.0,0.0,0.0,False,False
2026-09-14,US,Fort Worth,Texas,32.7254,-97.3208,60.02,0,0.0,0.0,0.0,False,False
2026-09-14,US,Franklin,Tennessee,35.9251,-86.8689,28.89,0,0.0,0.0,0.0039370078740157,False,False
2026-09-14,US,Gilbert,Arizona,33.3528,-111.789,12.870000000000001,0,0.0,0.0,0.2086614173228346,True,True
2026-09-14,US,Grand Forks,North Dakota,47.9253,-97.0328,0.85,0,0.0,0.0,0.515748031496063,True,True
2026-09-14,US,Grand Rapids,Michigan,42.9634,-85.6681,28.95,0,0.0,0.0,0.0,False,False
2026-09-14,US,Great Falls,Montana,47.5002,-111.3008,2.81,0,0.0,0.0,0.3149606299212598,True,True
2026-09-14,US,Greenville,South Carolina,34.8526,-82.394,34.47,0,0.0,0.0,0.0039370078740157,False,False
2026-09-14,US,Greenwich,Connecticut,41.0265,-73.6285,40.34,0,0.0,0.0,0.0,False,False
2026-09-14,US,Gulfport,Mississippi,30.3674,-89.0928,6.22,0,0.0,0.0,0.2637795275590551,True,True
2026-09-14,US,Hampton,New Hampshire,42.9376,-70.8389,5.640000000000001,0,0.0,0.0,0.0,False,False
2026-09-14,US,Hattiesburg,Mississippi,31.3271,-89.2903,3.45,0,0.0,0.0,0.1496062992125984,False,False
2026-09-14,US,Henderson,Nevada,36.0397,-114.9819,21.18,0,0.0,0.0,0.0,False,False
2026-09-14,US,Hoboken,New Jersey,40.744,-74.0324,29.01,0,0.0,0.0,0.0,False,False
2026-09-14,US,Honolulu,Hawaii,21.3069,-157.8583,80.12,0,0.0,0.0,0.0,False,False
2026-09-14,US,Houston,Texas,29.7633,-95.3633,265.66,5,0.0,0.0,0.2125984251968504,True,True
2026-09-14,US,Huntington,West Virginia,38.4192,-82.4452,4.73,0,0.0,0.0,0.1299212598425196,False,False
2026-09-14,US,Huntsville,Alabama,34.7304,-86.5859,28.47,0,0.0,0.0,0.0,False,False
2026-09-14,US,Hurricane,West Virginia,38.4326,-82.0201,2.48,0,0.0,0.0,0.0472440944881889,False,False
2026-09-14,US,Hyde Park,Vermont,44.5939,-72.6165,2.0,0,0.0,0.0,0.0905511811023622,False,False
2026-09-14,US,Indianapolis,Indiana,39.7684,-86.158,46.18,0,0.0,0.0,0.0,False,False
2026-09-14,US,Iowa City,Iowa,41.6611,-91.5302,6.9,0,0.0,0.0,0.0905511811023622,False,False
2026-09-14,US,Jackson,Mississippi,32.2988,-90.1848,3.79,0,0.0,0.0,0.2007874015748031,True,True
2026-09-14,US,Jersey City,New Jersey,40.7282,-74.0776,56.22,0,0.0,0.0,0.0,False,False
2026-09-14,US,Jonesboro,Arkansas,35.8423,-90.7043,9.05,0,0.0,0.0,0.0590551181102362,False,False
2026-09-14,US,Kailua,Hawaii,21.4024,-157.7405,11.06,0,0.0,0.0,0.0236220472440944,False,False
2026-09-14,US,Kalispell,Montana,48.1958,-114.3129,3.48,0,0.0,0.0,0.0118110236220472,False,False
2026-09-14,US,Kaneohe,Hawaii,21.3999,-157.799,10.19,0,0.0,0.0,0.0236220472440944,False,False
2026-09-14,US,Kansas City,Missouri,39.0997,-94.5786,28.24,0,0.0,0.0,0.0078740157480314,False,False
2026-09-14,US,Knoxville,Tennessee,35.9606,-83.9207,39.57,0,0.0,0.0,0.0236220472440944,False,False
2026-09-14,US,Kuna,Idaho,43.4918,-116.4201,7.22,0,0.0,0.0,0.0,False,False
2026-09-14,US,Lafayette,Louisiana,30.2241,-92.0198,23.37,0,0.0,0.0,0.0748031496062992,False,False
2026-09-14,US,Lake Oswego,Oregon,45.4207,-122.6706,17.3,0,0.0,0.0,0.0393700787401574,False,False
2026-09-14,US,Lancaster,Pennsylvania,40.0379,-76.3055,17.34,0,0.0,0.0,0.0,False,False
2026-09-14,US,Las Cruces,New Mexico,32.3123,-106.7783,6.86,0,0.0,0.0,0.1181102362204724,False,False
2026-09-14,US,Las Vegas,Nevada,36.175,-115.1372,57.72,0,0.0,0.0,0.0,False,False
2026-09-14,US,Lawrence,Kansas,38.9717,-95.2352,6.74,0,0.0,0.0,0.0,False,False
2026-09-14,US,Leawood,Kansas,38.9667,-94.6169,6.1,0,0.0,0.0,0.0,False,False
2026-09-14,US,Lennox,South Dakota,43.3541,-96.892,1.77,0,0.0,0.0,0.4488188976377953,True,True
2026-09-14,US,Lewes,Delaware,38.7746,-75.1393,8.85,0,0.0,0.0,0.0669291338582677,False,False
2026-09-14,US,Lexington,Kentucky,37.9887,-84.4777,34.62,0,0.0,0.0,0.0,False,False
2026-09-14,US,Lincoln,Nebraska,40.8,-96.667,10.13,0,0.0,0.0,1.6417322834645671,True,True
2026-09-14,US,Little Rock,Arkansas,34.7465,-92.2896,24.490000000000002,0,0.0,0.0,0.0787401574803149,False,False
2026-09-14,US,Littleton,Colorado,39.6133,-105.0166,15.66,0,0.0,0.0,0.0118110236220472,False,False
2026-09-14,US,Los Alamos,New Mexico,35.8881,-106.307,3.06,0,0.0,0.0,0.2559055118110236,True,True
2026-09-14,US,Los Angeles,California,34.0522,-118.2437,232.17,9,0.0,0.0,0.0,False,False
2026-09-14,US,Louisville,Kentucky,38.2542,-85.7594,50.28,0,0.0,0.0,0.0,False,False
2026-09-14,US,Macomb,Michigan,42.7009,-82.9591,8.97,0,0.0,0.0,0.0,False,False
2026-09-14,US,Madison,Alabama,34.6993,-86.7483,11.24,0,0.0,0.0,0.0,False,False
2026-09-14,US,Madison,Mississippi,32.4618,-90.1154,7.14,0,0.0,0.0,0.1259842519685039,False,False
2026-09-14,US,Madison,South Dakota,44.0061,-97.114,1.15,0,0.0,0.0,0.4448818897637795,True,True
2026-09-14,US,Madison,Wisconsin,43.073,-89.4012,19.81,0,0.0,0.0,0.0433070866141732,False,False
2026-09-14,US,Manchester,New Hampshire,42.9956,-71.4548,8.06,0,0.0,0.0,0.0,False,False
2026-09-14,US,Marietta,Georgia,33.9526,-84.5499,53.98,0,0.0,0.0,0.0,False,False
2026-09-14,US,Memphis,Tennessee,35.1495,-90.049,30.75,0,0.0,0.0,0.1850393700787401,False,False
2026-09-14,US,Meridian,Idaho,43.6121,-116.3915,9.48,0,0.0,0.0,0.0,False,False
2026-09-14,US,Mesa,Arizona,33.4223,-111.8226,13.22,0,0.0,0.0,0.0944881889763779,False,False
2026-09-14,US,Metairie,Louisiana,29.9841,-90.1528,14.36,0,0.0,0.0,0.0196850393700787,False,False
2026-09-14,US,Miami,Florida,25.7743,-80.1937,259.6,4,0.0,0.0,0.0748031496062992,False,False
2026-09-14,US,Middlesboro,Kentucky,36.6084,-83.7166,2.17,0,0.0,0.0,0.0,False,False
2026-09-14,US,Middletown,Delaware,39.4496,-75.7163,4.54,0,0.0,0.0,0.0039370078740157,False,False
2026-09-14,US,Mililani,Hawaii,21.4504,-158.015,8.61,0,0.0,0.0,0.0039370078740157,False,False
2026-09-14,US,Milwaukee,Wisconsin,43.0389,-87.9065,24.92,0,0.0,0.0,0.0078740157480314,False,False
2026-09-14,US,Minneapolis,Minnesota,44.98,-93.2638,50.04,0,0.0,0.0,0.358267716535433,True,True
2026-09-14,US,Minnetonka,Minnesota,44.9133,-93.5033,6.42,0,0.0,0.0,0.6771653543307086,True,True
2026-09-14,US,Missoula,Montana,46.8722,-113.994,2.64,0,0.0,0.0,0.0118110236220472,False,False
2026-09-14,US,Mobile,Alabama,30.6944,-88.043,15.51,0,0.0,0.0,0.0275590551181102,False,False
2026-09-14,US,Morgantown,West Virginia,39.6295,-79.9559,9.8,0,0.0,0.0,0.1338582677165354,False,False
2026-09-14,US,Morristown,New Jersey,40.7968,-74.4815,19.43,0,0.0,0.0,0.0,False,False
2026-09-14,US,Mount Pleasant,South Carolina,32.7941,-79.8626,20.18,0,0.0,0.0,0.1889763779527559,False,False
2026-09-14,US,Myrtle Beach,South Carolina,33.6891,-78.8867,23.61,0,0.0,0.0,0.0157480314960629,False,False
2026-09-14,US,Naperville,Illinois,41.7859,-88.1473,29.08,0,0.0,0.0,0.0,False,False
2026-09-14,US,Naples,Florida,26.1423,-81.796,73.06,0,0.0,0.0,0.1574803149606299,False,False
2026-09-14,US,Nashua,New Hampshire,42.7654,-71.4676,8.2,0,0.0,0.0,0.0,False,False
2026-09-14,US,Nashville,Tennessee,36.1659,-86.7844,67.98,0,0.0,0.0,0.0,False,False
2026-09-14,US,New Canaan,Connecticut,41.1468,-73.4948,15.98,0,0.0,0.0,0.0039370078740157,False,False
2026-09-14,US,New Castle,Delaware,39.6595,-75.5636,9.5,0,0.0,0.0,0.0078740157480314,False,False
2026-09-14,US,New Orleans,Louisiana,29.9546,-90.0751,30.93,0,0.0,0.0,0.0196850393700787,False,False
2026-09-14,US,New York,New York,40.7143,-74.006,750.79,61,0.0,0.0,0.0,False,False
2026-09-14,US,Newark,Delaware,39.6837,-75.7497,10.29,0,0.0,0.0,0.0157480314960629,False,False
2026-09-14,US,Norman,Oklahoma,35.2226,-97.4395,10.96,0,0.0,0.0,0.0157480314960629,False,False
2026-09-14,US,North Las Vegas,Nevada,36.1989,-115.1175,2.02,0,0.0,0.0,0.0,False,False
2026-09-14,US,Norwalk,Connecticut,41.1176,-73.4079,13.09,0,0.0,0.0,0.0,False,False
2026-09-14,US,Oakland,California,37.8044,-122.2708,64.11,0,0.0,0.0,0.0,False,False
2026-09-14,US,Oklahoma City,Oklahoma,35.4676,-97.5164,21.97,0,0.0,0.0,0.0,False,False
2026-09-14,US,Olathe,Kansas,38.8814,-94.8191,11.1,0,0.0,0.0,0.0,False,False
2026-09-14,US,Omaha,Nebraska,41.2563,-95.9404,22.27,0,0.0,0.0,1.0393700787401574,True,True
2026-09-14,US,Orlando,Florida,28.5383,-81.3792,93.65,0,0.0,0.0,0.0669291338582677,False,False
2026-09-14,US,Overland Park,Kansas,38.9822,-94.6708,20.81,0,0.0,0.0,0.0,False,False
2026-09-14,US,Paducah,Kentucky,37.0834,-88.6,7.970000000000001,0,0.0,0.0,0.0,False,False
2026-09-14,US,Papillion,Nebraska,41.1544,-96.0422,3.55,0,0.0,0.0,1.2755905511811023,True,True
2026-09-14,US,Park City,Utah,40.6461,-111.498,6.89,0,0.0,0.0,0.0275590551181102,False,False
2026-09-14,US,Philadelphia,Pennsylvania,39.9524,-75.1636,104.69,0,0.0,0.0,0.0,False,False
2026-09-14,US,Phoenix,Arizona,33.4484,-112.074,44.06,0,0.0,0.0,0.0748031496062992,False,False
2026-09-14,US,Pittsburgh,Pennsylvania,40.4406,-79.9959,65.07000000000001,0,0.0,0.0,0.0157480314960629,False,False
2026-09-14,US,Plymouth,Michigan,42.3714,-83.4702,10.42,0,0.0,0.0,0.0,False,False
2026-09-14,US,Plymouth,Minnesota,45.0105,-93.4555,11.719999999999999,0,0.0,0.0,0.7007874015748031,True,True
2026-09-14,US,Portland,Maine,43.6574,-70.2589,8.72,0,0.0,0.0,0.0,False,False
2026-09-14,US,Portland,Oregon,45.5234,-122.6762,98.11,0,0.0,0.0,0.0354330708661417,False,False
2026-09-14,US,Portsmouth,New Hampshire,43.077,-70.7577,4.91,0,0.0,0.0,0.0,False,False
2026-09-14,US,Princeton,New Jersey,40.3487,-74.659,14.48,0,0.0,0.0,0.0078740157480314,False,False
2026-09-14,US,Providence,Rhode Island,41.824,-71.4128,14.19,0,0.0,0.0,0.0,False,False
2026-09-14,US,Raleigh,North Carolina,35.7721,-78.6386,64.44,0,0.0,0.0,0.0,False,False
2026-09-14,US,Rapid City,South Dakota,44.0805,-103.231,3.04,0,0.0,0.0,0.0590551181102362,False,False
2026-09-14,US,Reading,Massachusetts,42.5256,-71.0953,91.08,4,0.0,0.0,0.0,False,False
2026-09-14,US,Reno,Nevada,39.5296,-119.8138,18.96,0,0.0,0.0,0.0,False,False
2026-09-14,US,Richmond,Virginia,37.5538,-77.4603,45.15,0,0.0,0.0,0.0,False,False
2026-09-14,US,Rock Springs,Wyoming,41.5875,-109.2029,3.13,0,0.0,0.0,0.0078740157480314,False,False
2026-09-14,US,Rockville,Maryland,39.084,-77.1528,19.68,0,0.0,0.0,0.0236220472440944,False,False
2026-09-14,US,Rogers,Arkansas,36.332,-94.1185,9.85,0,0.0,0.0,0.0157480314960629,False,False
2026-09-14,US,Saint Charles,Missouri,38.7839,-90.4812,10.74,0,0.0,0.0,0.0,False,False
2026-09-14,US,Saint Louis,Missouri,38.6517,-90.2053,48.24,0,0.0,0.0,0.0,False,False
2026-09-14,US,Saint Paul,Minnesota,44.9444,-93.0933,25.19,0,0.0,0.0,0.2677165354330708,True,True
2026-09-14,US,Salem,Oregon,44.9429,-123.0351,10.17,0,0.0,0.0,0.0118110236220472,False,False
2026-09-14,US,Salt Lake City,Utah,40.7608,-111.891,16.25,0,0.0,0.0,0.0078740157480314,False,False
2026-09-14,US,San Antonio,Texas,29.4241,-98.4936,73.51,0,0.0,0.0,0.0393700787401574,False,False
2026-09-14,US,San Diego,California,32.7157,-117.1647,118.56,1,0.0,0.0,0.0,False,False
2026-09-14,US,San Francisco,California,37.7749,-122.4194,239.18,6,0.0,0.0,0.0,False,False
2026-09-14,US,San Jose,California,37.3394,-121.895,94.0,0,0.0,0.0,0.0,False,False
2026-09-14,US,Sandy,Utah,40.5916,-111.8841,5.65,0,0.0,0.0,0.0,False,False
2026-09-14,US,Santa Fe,New Mexico,35.687,-105.9378,9.74,0,0.0,0.0,0.0944881889763779,False,False
2026-09-14,US,Savannah,Georgia,32.0835,-81.0998,30.72,0,0.0,0.0,0.1614173228346456,False,False
2026-09-14,US,Scarborough,Maine,43.5781,-70.3217,5.76,0,0.0,0.0,0.0,False,False
2026-09-14,US,Scottsdale,Arizona,33.5092,-111.899,35.85,0,0.0,0.0,0.0472440944881889,False,False
2026-09-14,US,Seattle,Washington,47.6062,-122.3321,147.71,2,0.0,0.0,0.0,False,False
2026-09-14,US,Sheridan,Wyoming,44.7972,-106.9562,3.93,0,0.0,0.0,0.0196850393700787,False,False
2026-09-14,US,Shreveport,Louisiana,32.5251,-93.7502,27.82,0,0.0,0.0,0.0039370078740157,False,False
2026-09-14,US,Silver Spring,Maryland,38.9907,-77.0261,21.17,0,0.0,0.0,0.0393700787401574,False,False
2026-09-14,US,Sioux Falls,South Dakota,43.55,-96.7003,5.79,0,0.0,0.0,0.5669291338582677,True,True
2026-09-14,US,Sitka,Alaska,57.0532,-135.3309,1.54,0,0.0,0.0,0.0,False,False
2026-09-14,US,Somerville,Massachusetts,42.3876,-71.0995,17.52,0,0.0,0.0,0.0,False,False
2026-09-14,US,South Burlington,Vermont,44.467,-73.171,4.47,0,0.0,0.0,0.0078740157480314,False,False
2026-09-14,US,South Jordan,Utah,40.5622,-111.9297,8.75,0,0.0,0.0,0.0,False,False
2026-09-14,US,Southaven,Mississippi,34.989,-90.0126,4.0,0,0.0,0.0,0.2716535433070866,True,True
2026-09-14,US,Spokane,Washington,47.6569,-117.425,9.31,0,0.0,0.0,0.0078740157480314,False,False
2026-09-14,US,Springfield,Missouri,37.2153,-93.2982,10.870000000000001,0,0.0,0.0,0.0551181102362204,False,False
2026-09-14,US,Stamford,Connecticut,41.0534,-73.5387,15.58,0,0.0,0.0,0.0,False,False
2026-09-14,US,Staten Island,New York,40.5623,-74.1399,47.65,0,0.0,0.0,0.0,False,False
2026-09-14,US,Stowe,Vermont,44.4653,-72.6846,3.1,0,0.0,0.0,0.0905511811023622,False,False
2026-09-14,US,Tacoma,Washington,47.2529,-122.4443,21.44,0,0.0,0.0,0.0236220472440944,False,False
2026-09-14,US,Tampa,Florida,27.9475,-82.4584,66.76,0,0.0,0.0,0.2952755905511811,True,True
2026-09-14,US,Tijeras,New Mexico,35.0809,-106.3881,2.74,0,0.0,0.0,0.0590551181102362,False,False
2026-09-14,US,Tucson,Arizona,32.2217,-110.9265,38.54,0,0.0,0.0,0.1496062992125984,False,False
2026-09-14,US,Tulsa,Oklahoma,36.154,-95.9928,43.23,0,0.0,0.0,0.0,False,False
2026-09-14,US,Vancouver,Washington,45.6387,-122.6615,26.04,0,0.0,0.0,0.0118110236220472,False,False
2026-09-14,US,Virginia Beach,Virginia,36.8529,-75.978,45.87,0,0.0,0.0,0.0433070866141732,False,False
2026-09-14,US,Warwick,Rhode Island,41.7001,-71.4162,4.43,0,0.0,0.0,0.0039370078740157,False,False
2026-09-14,US,Washington,District of Columbia,38.8951,-77.0364,168.87,4,0.0,0.0,0.0669291338582677,False,False
2026-09-14,US,Wasilla,Alaska,61.5809,-149.4415,0.95,0,0.0,0.0,0.0,False,False
2026-09-14,US,Waukesha,Wisconsin,43.0117,-88.2315,6.3,0,0.0,0.0,0.0078740157480314,False,False
2026-09-14,US,West Chester,Pennsylvania,39.961,-75.608,16.83,0,0.0,0.0,0.0039370078740157,False,False
2026-09-14,US,West Des Moines,Iowa,41.5772,-93.7113,5.19,0,0.0,0.0,0.3700787401574803,True,True
2026-09-14,US,West Fargo,North Dakota,46.875,-96.9004,3.77,0,0.0,0.0,0.952755905511811,True,True
2026-09-14,US,West Lafayette,Indiana,40.4259,-86.9081,8.82,0,0.0,0.0,0.0,False,False
2026-09-14,US,Westfield,New Jersey,40.659,-74.3474,17.75,0,0.0,0.0,0.0,False,False
2026-09-14,US,Wheeling,West Virginia,40.064,-80.7209,5.54,0,0.0,0.0,0.0157480314960629,False,False
2026-09-14,US,Whitefish Bay,Wisconsin,43.1133,-87.9001,6.4,0,0.0,0.0,0.0078740157480314,False,False
2026-09-14,US,Wichita,Kansas,37.6922,-97.3375,22.34,0,0.0,0.0,0.0,False,False
2026-09-14,US,Wilmette,Illinois,42.0722,-87.7228,15.74,0,0.0,0.0,0.0,False,False
2026-09-14,US,Wilmington,Delaware,39.746,-75.5466,26.63,0,0.0,0.0,0.0354330708661417,False,False
2026-09-14,US,Wilmington,North Carolina,34.2356,-77.946,30.14,0,0.0,0.0,0.0236220472440944,False,False
2026-09-15,UK,Aberdare,Wales,51.7144,-3.4492,0.98,0,0.0,0.0,0.2598425196850393,True,True
2026-09-15,UK,Aberdeen,Scotland,57.1437,-2.0981,1.03,0,0.0,0.0,0.2716535433070866,True,True
2026-09-15,UK,Aboyne,Scotland,57.0755,-2.7802,0.4,0,0.0,0.0,0.421259842519685,True,True
2026-09-15,UK,Balerno,Scotland,55.8844,-3.3398,0.49,0,0.0,0.0,0.1023622047244094,False,False
2026-09-15,UK,Banchory,Scotland,57.0517,-2.4882,0.63,0,0.0,0.0,0.4921259842519685,True,True
2026-09-15,UK,Barrhead,Scotland,55.7992,-4.3928,0.53,0,0.0,0.0,0.3385826771653543,True,True
2026-09-15,UK,Belfast,Northern Ireland,54.5968,-5.9254,0.51,0,0.0,0.0,0.1732283464566929,False,False
2026-09-15,UK,Birmingham,England,52.4814,-1.8998,2.14,0,0.0,0.0,0.0866141732283464,False,False
2026-09-15,UK,Brighton,England,50.8284,-0.1395,1.74,0,0.0,0.0,0.0236220472440944,False,False
2026-09-15,UK,Bristol,England,51.4552,-2.5966,7.45,0,0.0,0.0,0.0157480314960629,False,False
2026-09-15,UK,Cardiff,Wales,51.48,-3.18,1.4,0,0.0,0.0,0.1062992125984252,False,False
2026-09-15,UK,Clarbeston Road,Wales,51.8514,-4.8806,0.47,0,0.0,0.0,0.3228346456692913,True,True
2026-09-15,UK,Craigavon,Northern Ireland,54.4471,-6.387,0.47,0,0.0,0.0,0.1181102362204724,False,False
2026-09-15,UK,Cwmbran,Wales,51.6545,-3.0228,0.46,0,0.0,0.0,0.0472440944881889,False,False
2026-09-15,UK,Dromara,Northern Ireland,54.3667,-6.0167,0.43,0,0.0,0.0,0.1259842519685039,False,False
2026-09-15,UK,Dunfermline,Scotland,56.0716,-3.4589,1.04,0,0.0,0.0,0.1614173228346456,False,False
2026-09-15,UK,Edinburgh,Scotland,55.9521,-3.1965,2.07,0,0.0,0.0,0.0708661417322834,False,False
2026-09-15,UK,Glasgow,Scotland,55.8652,-4.2576,2.63,0,0.0,0.0,0.2519685039370078,True,True
2026-09-15,UK,Hove,England,50.8309,-0.1672,2.14,0,0.0,0.0,0.0236220472440944,False,False
2026-09-15,UK,Llanidloes,Wales,52.4498,-3.54,0.44,0,0.0,0.0,0.2125984251968504,True,True
2026-09-15,UK,London,England,51.5085,-0.1257,55.29,1,0.0,0.0,0.0039370078740157,False,False
2026-09-15,UK,Manchester,England,53.481,-2.2374,2.04,0,0.0,0.0,0.2992125984251968,True,True
2026-09-15,UK,Merthyr Tydfil,Wales,51.7479,-3.3778,0.51,0,0.0,0.0,0.2598425196850393,True,True
2026-09-15,UK,Newry,Northern Ireland,54.1784,-6.3374,0.97,0,0.0,0.0,0.1653543307086614,False,False
2026-09-15,UK,Port Talbot,Wales,51.5924,-3.7802,0.54,0,0.0,0.0,0.1889763779527559,False,False
2026-09-15,UK,Sheffield,England,53.383,-1.4659,3.21,0,0.0,0.0,0.0393700787401574,False,False
2026-09-15,UK,Swansea,Wales,51.6214,-3.9436,0.44,0,0.0,0.0,0.2047244094488189,True,True
2026-09-15,UK,Swindon,England,51.558,-1.7812,3.91,0,0.0,0.0,0.0039370078740157,False,False
2026-09-15,US,Aberdeen,South Dakota,45.4647,-98.4865,0.13,0,0.0,0.0,0.0,False,False
2026-09-15,US,Albuquerque,New Mexico,35.0845,-106.6511,4.359999999999999,0,0.0,0.0,0.1811023622047244,False,False
2026-09-15,US,Alexandria,Virginia,38.8048,-77.0469,11.85,11,0.0,0.0,0.0,False,False
2026-09-15,US,Alpharetta,Georgia,34.0754,-84.2941,3.69,0,0.0,0.0,0.0157480314960629,False,False
2026-09-15,US,Ames,Iowa,42.0347,-93.6199,0.66,0,0.0,0.0,1.6181102362204725,True,True
2026-09-15,US,Anchorage,Alaska,61.2181,-149.9003,1.05,0,0.0,0.0,0.1574803149606299,False,False
2026-09-15,US,Ann Arbor,Michigan,42.2776,-83.7409,3.85,0,0.0,0.0,0.0354330708661417,False,False
2026-09-15,US,Annapolis,Maryland,38.9786,-76.4918,2.7,0,0.0,0.0,0.0,False,False
2026-09-15,US,Appleton,Wisconsin,44.2619,-88.4154,0.8400000000000001,0,0.0,0.0,1.346456692913386,True,True
2026-09-15,US,Arlington,Virginia,38.881,-77.1043,8.49,11,0.0,0.0,0.0,False,False
2026-09-15,US,Astoria,New York,40.772,-73.9301,3.83,0,0.0,0.0,0.0,False,False
2026-09-15,US,Atlanta,Georgia,33.749,-84.388,16.82,11,0.0,0.0,0.0196850393700787,False,False
2026-09-15,US,Aurora,Colorado,39.7294,-104.8319,1.8900000000000001,0,0.0,0.0,0.0,False,False
2026-09-15,US,Austin,Texas,30.2672,-97.7431,21.65,11,0.0,0.0,0.0039370078740157,False,False
2026-09-15,US,Baltimore,Maryland,39.2904,-76.6122,5.1899999999999995,4,0.0,0.0,0.0,False,False
2026-09-15,US,Bangor,Maine,44.7988,-68.7726,0.39,0,0.0,0.0,0.0,False,False
2026-09-15,US,Barrington,Rhode Island,41.7407,-71.3087,1.09,0,0.0,0.0,0.0,False,False
2026-09-15,US,Baton Rouge,Louisiana,30.4433,-91.1875,5.8100000000000005,0,0.0,0.0,0.0354330708661417,False,False
2026-09-15,US,Beaverton,Oregon,45.4871,-122.8037,1.7000000000000002,0,0.0,0.0,0.0354330708661417,False,False
2026-09-15,US,Bellevue,Nebraska,41.1367,-95.8908,0.36,0,0.0,0.0,1.141732283464567,True,True
2026-09-15,US,Bellevue,Washington,47.6104,-122.2007,3.7800000000000002,0,0.0,0.0,0.0157480314960629,False,False
2026-09-15,US,Bentonville,Arkansas,36.3728,-94.2088,1.98,0,0.0,0.0,0.0,False,False
2026-09-15,US,Berkley,Massachusetts,41.8459,-71.0828,1.46,0,0.0,0.0,0.0,False,False
2026-09-15,US,Bethesda,Maryland,38.9807,-77.1003,5.4,0,0.0,0.0,0.0,False,False
2026-09-15,US,Billings,Montana,45.7833,-108.5007,0.89,0,0.0,0.0,0.0,False,False
2026-09-15,US,Birmingham,Alabama,33.5207,-86.8025,5.2,0,0.0,0.0,0.0,False,False
2026-09-15,US,Bismarck,North Dakota,46.8083,-100.7837,0.38,0,0.0,0.0,0.0,False,False
2026-09-15,US,Bloomfield Hills,Michigan,42.5836,-83.2455,2.52,0,0.0,0.0,0.0196850393700787,False,False
2026-09-15,US,Bloomington,Indiana,39.1653,-86.5264,2.08,0,0.0,0.0,0.0078740157480314,False,False
2026-09-15,US,Boca Raton,Florida,26.3587,-80.0831,8.39,4,0.0,0.0,0.0944881889763779,False,False
2026-09-15,US,Boise,Idaho,43.6135,-116.2034,2.31,0,0.0,0.0,0.0,False,False
2026-09-15,US,Boston,Massachusetts,42.3584,-71.0598,13.89,11,0.0,0.0,0.0,False,False
2026-09-15,US,Bowling Green,Kentucky,36.9903,-86.4436,0.96,0,0.0,0.0,0.0,False,False
2026-09-15,US,Bozeman,Montana,45.6796,-111.0386,0.66,0,0.0,0.0,0.0,False,False
2026-09-15,US,Broken Arrow,Oklahoma,36.0526,-95.7908,1.22,0,0.0,0.0,0.0,False,False
2026-09-15,US,Bronx,New York,40.8499,-73.8664,6.37,4,0.0,0.0,0.0,False,False
2026-09-15,US,Brooklyn,New York,40.6501,-73.9496,54.69,28,0.0,0.0,0.0,False,False
2026-09-15,US,Burlington,Vermont,44.4759,-73.2121,0.5,0,0.0,0.0,0.0,False,False
2026-09-15,US,Cambridge,Massachusetts,42.3751,-71.1056,4.98,4,0.0,0.0,0.0,False,False
2026-09-15,US,Carmel,Indiana,39.9784,-86.118,3.81,0,0.0,0.0,0.0,False,False
2026-09-15,US,Carson City,Nevada,39.1638,-119.7674,0.32,0,0.0,0.0,0.0,False,False
2026-09-15,US,Casper,Wyoming,42.8666,-106.3131,0.15,0,0.0,0.0,0.0,False,False
2026-09-15,US,Cedar Rapids,Iowa,42.0083,-91.6441,1.3900000000000001,0,0.0,0.0,1.031496062992126,True,True
2026-09-15,US,Chapel Hill,North Carolina,35.9132,-79.0558,3.26,0,0.0,0.0,0.0,False,False
2026-09-15,US,Charleston,South Carolina,32.7763,-79.9328,4.5,0,0.0,0.0,0.0118110236220472,False,False
2026-09-15,US,Charleston,West Virginia,38.3498,-81.6326,0.5700000000000001,0,0.0,0.0,0.0,False,False
2026-09-15,US,Charlotte,North Carolina,35.2271,-80.8431,14.74,11,0.0,0.0,0.0,False,False
2026-09-15,US,Chattanooga,Tennessee,35.0456,-85.3097,2.56,0,0.0,0.0,0.0,False,False
2026-09-15,US,Chesterfield,Missouri,38.6631,-90.5771,2.15,0,0.0,0.0,0.0,False,False
2026-09-15,US,Cheyenne,Wyoming,41.14,-104.8202,0.68,0,0.0,0.0,0.0,False,False
2026-09-15,US,Chicago,Illinois,41.85,-87.65,41.11,19,0.0,0.0,0.5787401574803149,True,True
2026-09-15,US,Cincinnati,Ohio,39.1271,-84.5144,10.379999999999999,11,0.0,0.0,0.0,False,False
2026-09-15,US,Cleveland,Ohio,41.4995,-81.6954,2.1,0,0.0,0.0,0.0,False,False
2026-09-15,US,Cody,Wyoming,44.5263,-109.0565,0.19,0,0.0,0.0,0.0,False,False
2026-09-15,US,Coeur D'Alene,Idaho,47.6777,-116.7805,0.15,0,0.0,0.0,0.0,False,False
2026-09-15,US,Colorado Springs,Colorado,38.8339,-104.8214,4.0600000000000005,0,0.0,0.0,0.0078740157480314,False,False
2026-09-15,US,Columbia,South Carolina,34.0007,-81.0348,3.2,0,0.0,0.0,0.0,False,False
2026-09-15,US,Columbus,Ohio,39.9612,-82.9988,8.67,4,0.0,0.0,0.0,False,False
2026-09-15,US,Cordova,Alaska,60.5432,-145.7587,0.39,0,0.0,0.0,0.1062992125984252,False,False
2026-09-15,US,Cranston,Rhode Island,41.7798,-71.4373,0.5700000000000001,0,0.0,0.0,0.0,False,False
2026-09-15,US,Dallas,Texas,32.7831,-96.8067,21.009999999999998,11,0.0,0.0,0.0,False,False
2026-09-15,US,Dayton,Ohio,39.759,-84.1916,3.3,0,0.0,0.0,0.0,False,False
2026-09-15,US,Decatur,Georgia,33.7748,-84.2963,2.8,0,0.0,0.0,0.0236220472440944,False,False
2026-09-15,US,Denver,Colorado,39.7392,-104.9847,7.85,4,0.0,0.0,0.0039370078740157,False,False
2026-09-15,US,Des Moines,Iowa,41.6005,-93.6091,0.95,0,0.0,0.0,0.9960629921259844,True,True
2026-09-15,US,Dickinson,North Dakota,46.8792,-102.7896,0.37,0,0.0,0.0,0.0,False,False
2026-09-15,US,Downers Grove,Illinois,41.8089,-88.0112,2.04,0,0.0,0.0,0.7401574803149606,True,True
2026-09-15,US,Doylestown,Pennsylvania,40.3101,-75.1299,2.27,0,0.0,0.0,0.0,False,False
2026-09-15,US,Dublin,Ohio,40.0992,-83.1141,2.26,0,0.0,0.0,0.0,False,False
2026-09-15,US,Durham,North Carolina,35.994,-78.8986,3.11,0,0.0,0.0,0.0,False,False
2026-09-15,US,Eagle,Idaho,43.6954,-116.354,0.64,0,0.0,0.0,0.0,False,False
2026-09-15,US,Eagle Mountain,Utah,40.3144,-111.9849,0.17,0,0.0,0.0,0.0,False,False
2026-09-15,US,East Greenwich,Rhode Island,41.6604,-71.4559,0.51,0,0.0,0.0,0.0,False,False
2026-09-15,US,Eden Prairie,Minnesota,44.8547,-93.4708,1.1400000000000001,0,0.0,0.0,0.0275590551181102,False,False
2026-09-15,US,Edmond,Oklahoma,35.6528,-97.4781,5.32,4,0.0,0.0,0.0,False,False
2026-09-15,US,Eliot,Maine,43.1531,-70.8001,0.34,0,0.0,0.0,0.0,False,False
2026-09-15,US,Elkhorn,Nebraska,41.345,-96.256,0.8200000000000001,0,0.0,0.0,0.8267716535433071,True,True
2026-09-15,US,Essex Junction,Vermont,44.4906,-73.111,0.35,0,0.0,0.0,0.0,False,False
2026-09-15,US,Eugene,Oregon,44.0521,-123.0868,1.8,0,0.0,0.0,0.0,False,False
2026-09-15,US,Evanston,Illinois,42.0411,-87.6901,2.49,0,0.0,0.0,0.3346456692913386,True,True
2026-09-15,US,Ewa Beach,Hawaii,21.3156,-158.0072,2.3,0,0.0,0.0,0.0393700787401574,False,False
2026-09-15,US,Exeter,New Hampshire,42.9815,-70.9478,0.51,0,0.0,0.0,0.0,False,False
2026-09-15,US,Fairbanks,Alaska,64.8378,-147.7164,0.27,0,0.0,0.0,0.1338582677165354,False,False
2026-09-15,US,Fairfax,Virginia,38.8462,-77.3064,4.13,0,0.0,0.0,0.0,False,False
2026-09-15,US,Fairfield,Connecticut,41.1412,-73.2637,2.17,0,0.0,0.0,0.0,False,False
2026-09-15,US,Fairhope,Alabama,30.523,-87.9033,1.3900000000000001,0,0.0,0.0,0.0393700787401574,False,False
2026-09-15,US,Falmouth,Maine,43.7295,-70.242,0.5700000000000001,0,0.0,0.0,0.0,False,False
2026-09-15,US,Fargo,North Dakota,46.8772,-96.7898,0.91,0,0.0,0.0,0.0,False,False
2026-09-15,US,Fayetteville,Arkansas,36.0626,-94.1574,1.34,0,0.0,0.0,0.0,False,False
2026-09-15,US,Fort Collins,Colorado,40.5853,-105.0844,1.96,0,0.0,0.0,0.0,False,False
2026-09-15,US,Fort Wayne,Indiana,41.1306,-85.1289,2.85,0,0.0,0.0,0.0,False,False
2026-09-15,US,Fort Worth,Texas,32.7254,-97.3208,8.75,4,0.0,0.0,0.0039370078740157,False,False
2026-09-15,US,Franklin,Tennessee,35.9251,-86.8689,4.21,0,0.0,0.0,0.0,False,False
2026-09-15,US,Gilbert,Arizona,33.3528,-111.789,1.8900000000000001,0,0.0,0.0,0.3543307086614173,True,True
2026-09-15,US,Grand Forks,North Dakota,47.9253,-97.0328,0.14,0,0.0,0.0,0.0039370078740157,False,False
2026-09-15,US,Grand Rapids,Michigan,42.9634,-85.6681,4.21,0,0.0,0.0,0.7322834645669292,True,True
2026-09-15,US,Great Falls,Montana,47.5002,-111.3008,0.39,0,0.0,0.0,0.0,False,False
2026-09-15,US,Greenville,South Carolina,34.8526,-82.394,5.03,0,0.0,0.0,0.0157480314960629,False,False
2026-09-15,US,Greenwich,Connecticut,41.0265,-73.6285,5.86,0,0.0,0.0,0.0,False,False
2026-09-15,US,Gulfport,Mississippi,30.3674,-89.0928,0.9,0,0.0,0.0,0.0039370078740157,False,False
2026-09-15,US,Hampton,New Hampshire,42.9376,-70.8389,0.8200000000000001,0,0.0,0.0,0.0,False,False
2026-09-15,US,Hattiesburg,Mississippi,31.3271,-89.2903,0.5,0,0.0,0.0,0.0,False,False
2026-09-15,US,Henderson,Nevada,36.0397,-114.9819,3.07,11,0.0,0.0,0.0236220472440944,False,False
2026-09-15,US,Hoboken,New Jersey,40.744,-74.0324,4.22,0,0.0,0.0,0.0,False,False
2026-09-15,US,Honolulu,Hawaii,21.3069,-157.8583,11.7,11,0.0,0.0,0.0354330708661417,False,False
2026-09-15,US,Houston,Texas,29.7633,-95.3633,38.72,15,0.0,0.0,0.0393700787401574,False,False
2026-09-15,US,Huntington,West Virginia,38.4192,-82.4452,0.68,0,0.0,0.0,0.0,False,False
2026-09-15,US,Huntsville,Alabama,34.7304,-86.5859,4.16,0,0.0,0.0,0.0,False,False
2026-09-15,US,Hurricane,West Virginia,38.4326,-82.0201,0.36,0,0.0,0.0,0.0,False,False
2026-09-15,US,Hyde Park,Vermont,44.5939,-72.6165,0.3,0,0.0,0.0,0.0,False,False
2026-09-15,US,Indianapolis,Indiana,39.7684,-86.158,6.720000000000001,4,0.0,0.0,0.0,False,False
2026-09-15,US,Iowa City,Iowa,41.6611,-91.5302,1.01,0,0.0,0.0,0.7204724409448819,True,True
2026-09-15,US,Jackson,Mississippi,32.2988,-90.1848,0.55,0,0.0,0.0,0.0078740157480314,False,False
2026-09-15,US,Jersey City,New Jersey,40.7282,-74.0776,8.18,11,0.0,0.0,0.0,False,False
2026-09-15,US,Jonesboro,Arkansas,35.8423,-90.7043,1.33,0,0.0,0.0,0.0039370078740157,False,False
2026-09-15,US,Kailua,Hawaii,21.4024,-157.7405,1.6,0,0.0,0.0,0.2440944881889764,True,True
2026-09-15,US,Kalispell,Montana,48.1958,-114.3129,0.5,0,0.0,0.0,0.0,False,False
2026-09-15,US,Kaneohe,Hawaii,21.3999,-157.799,1.53,0,0.0,0.0,0.2440944881889764,True,True
2026-09-15,US,Kansas City,Missouri,39.0997,-94.5786,4.1,0,0.0,0.0,0.0354330708661417,False,False
2026-09-15,US,Knoxville,Tennessee,35.9606,-83.9207,5.76,4,0.0,0.0,0.0,False,False
2026-09-15,US,Kuna,Idaho,43.4918,-116.4201,1.04,0,0.0,0.0,0.0,False,False
2026-09-15,US,Lafayette,Louisiana,30.2241,-92.0198,3.39,0,0.0,0.0,0.0078740157480314,False,False
2026-09-15,US,Lake Oswego,Oregon,45.4207,-122.6706,2.5,0,0.0,0.0,0.0275590551181102,False,False
2026-09-15,US,Lancaster,Pennsylvania,40.0379,-76.3055,2.52,0,0.0,0.0,0.0,False,False
2026-09-15,US,Las Cruces,New Mexico,32.3123,-106.7783,1.0,0,0.0,0.0,0.0236220472440944,False,False
2026-09-15,US,Las Vegas,Nevada,36.175,-115.1372,8.41,4,0.0,0.0,0.0039370078740157,False,False
2026-09-15,US,Lawrence,Kansas,38.9717,-95.2352,0.98,0,0.0,0.0,0.0236220472440944,False,False
2026-09-15,US,Leawood,Kansas,38.9667,-94.6169,0.87,0,0.0,0.0,0.0118110236220472,False,False
2026-09-15,US,Lennox,South Dakota,43.3541,-96.892,0.24,0,0.0,0.0,0.0,False,False
2026-09-15,US,Lewes,Delaware,38.7746,-75.1393,1.29,0,0.0,0.0,0.0,False,False
2026-09-15,US,Lexington,Kentucky,37.9887,-84.4777,5.04,4,0.0,0.0,0.0,False,False
2026-09-15,US,Lincoln,Nebraska,40.8,-96.667,1.48,0,0.0,0.0,2.1574803149606296,True,True
2026-09-15,US,Little Rock,Arkansas,34.7465,-92.2896,3.58,0,0.0,0.0,0.0118110236220472,False,False
2026-09-15,US,Littleton,Colorado,39.6133,-105.0166,2.2800000000000002,0,0.0,0.0,0.0,False,False
2026-09-15,US,Los Alamos,New Mexico,35.8881,-106.307,0.47,0,0.0,0.0,0.1259842519685039,False,False
2026-09-15,US,Los Angeles,California,34.0522,-118.2437,33.86,15,0.0,0.0,0.0,False,False
2026-09-15,US,Louisville,Kentucky,38.2542,-85.7594,7.34,4,0.0,0.0,0.0039370078740157,False,False
2026-09-15,US,Macomb,Michigan,42.7009,-82.9591,1.31,0,0.0,0.0,0.0,False,False
2026-09-15,US,Madison,Alabama,34.6993,-86.7483,1.65,0,0.0,0.0,0.0039370078740157,False,False
2026-09-15,US,Madison,Mississippi,32.4618,-90.1154,1.04,0,0.0,0.0,0.0,False,False
2026-09-15,US,Madison,South Dakota,44.0061,-97.114,0.15,0,0.0,0.0,0.0,False,False
2026-09-15,US,Madison,Wisconsin,43.073,-89.4012,2.89,0,0.0,0.0,0.4330708661417323,True,True
2026-09-15,US,Manchester,New Hampshire,42.9956,-71.4548,1.1600000000000001,0,0.0,0.0,0.0,False,False
2026-09-15,US,Marietta,Georgia,33.9526,-84.5499,7.88,4,0.0,0.0,0.0078740157480314,False,False
2026-09-15,US,Memphis,Tennessee,35.1495,-90.049,4.49,0,0.0,0.0,0.0,False,False
2026-09-15,US,Meridian,Idaho,43.6121,-116.3915,1.3900000000000001,0,0.0,0.0,0.0,False,False
2026-09-15,US,Mesa,Arizona,33.4223,-111.8226,1.94,0,0.0,0.0,0.437007874015748,True,True
2026-09-15,US,Metairie,Louisiana,29.9841,-90.1528,2.09,0,0.0,0.0,0.0196850393700787,False,False
2026-09-15,US,Miami,Florida,25.7743,-80.1937,37.83,15,0.0,0.0,0.0472440944881889,False,False
2026-09-15,US,Middlesboro,Kentucky,36.6084,-83.7166,0.34,0,0.0,0.0,0.0118110236220472,False,False
2026-09-15,US,Middletown,Delaware,39.4496,-75.7163,0.65,0,0.0,0.0,0.0,False,False
2026-09-15,US,Mililani,Hawaii,21.4504,-158.015,1.24,0,0.0,0.0,0.0511811023622047,False,False
2026-09-15,US,Milwaukee,Wisconsin,43.0389,-87.9065,3.63,0,0.0,0.0,0.8070866141732284,True,True
2026-09-15,US,Minneapolis,Minnesota,44.98,-93.2638,7.29,11,0.0,0.0,0.0511811023622047,False,False
2026-09-15,US,Minnetonka,Minnesota,44.9133,-93.5033,0.92,0,0.0,0.0,0.0275590551181102,False,False
2026-09-15,US,Missoula,Montana,46.8722,-113.994,0.37,0,0.0,0.0,0.0,False,False
2026-09-15,US,Mobile,Alabama,30.6944,-88.043,2.23,0,0.0,0.0,0.0039370078740157,False,False
2026-09-15,US,Morgantown,West Virginia,39.6295,-79.9559,1.43,0,0.0,0.0,0.0,False,False
2026-09-15,US,Morristown,New Jersey,40.7968,-74.4815,2.81,0,0.0,0.0,0.0,False,False
2026-09-15,US,Mount Pleasant,South Carolina,32.7941,-79.8626,2.93,0,0.0,0.0,0.0472440944881889,False,False
2026-09-15,US,Myrtle Beach,South Carolina,33.6891,-78.8867,3.44,0,0.0,0.0,0.0,False,False
2026-09-15,US,Naperville,Illinois,41.7859,-88.1473,4.25,0,0.0,0.0,0.7795275590551182,True,True
2026-09-15,US,Naples,Florida,26.1423,-81.796,10.66,11,0.0,0.0,0.3464566929133859,True,True
2026-09-15,US,Nashua,New Hampshire,42.7654,-71.4676,1.19,0,0.0,0.0,0.0,False,False
2026-09-15,US,Nashville,Tennessee,36.1659,-86.7844,9.89,11,0.0,0.0,0.0,False,False
2026-09-15,US,New Canaan,Connecticut,41.1468,-73.4948,2.33,0,0.0,0.0,0.0,False,False
2026-09-15,US,New Castle,Delaware,39.6595,-75.5636,1.3900000000000001,0,0.0,0.0,0.0,False,False
2026-09-15,US,New Orleans,Louisiana,29.9546,-90.0751,4.51,0,0.0,0.0,0.0196850393700787,False,False
2026-09-15,US,New York,New York,40.7143,-74.006,109.7,60,0.0,0.0,0.0,False,False
2026-09-15,US,Newark,Delaware,39.6837,-75.7497,1.51,0,0.0,0.0,0.0,False,False
2026-09-15,US,Norman,Oklahoma,35.2226,-97.4395,1.61,0,0.0,0.0,0.0,False,False
2026-09-15,US,North Las Vegas,Nevada,36.1989,-115.1175,0.3,0,0.0,0.0,0.0039370078740157,False,False
2026-09-15,US,Norwalk,Connecticut,41.1176,-73.4079,1.9,0,0.0,0.0,0.0,False,False
2026-09-15,US,Oakland,California,37.8044,-122.2708,9.34,11,0.0,0.0,0.0,False,False
2026-09-15,US,Oklahoma City,Oklahoma,35.4676,-97.5164,3.21,0,0.0,0.0,0.0,False,False
2026-09-15,US,Olathe,Kansas,38.8814,-94.8191,1.63,0,0.0,0.0,0.0078740157480314,False,False
2026-09-15,US,Omaha,Nebraska,41.2563,-95.9404,3.25,0,0.0,0.0,0.9960629921259844,True,True
2026-09-15,US,Orlando,Florida,28.5383,-81.3792,13.68,11,0.0,0.0,0.6811023622047244,True,True
2026-09-15,US,Overland Park,Kansas,38.9822,-94.6708,3.0300000000000002,0,0.0,0.0,0.0078740157480314,False,False
2026-09-15,US,Paducah,Kentucky,37.0834,-88.6,1.1600000000000001,0,0.0,0.0,0.0393700787401574,False,False
2026-09-15,US,Papillion,Nebraska,41.1544,-96.0422,0.51,0,0.0,0.0,1.2440944881889764,True,True
2026-09-15,US,Park City,Utah,40.6461,-111.498,1.01,0,0.0,0.0,0.0,False,False
2026-09-15,US,Philadelphia,Pennsylvania,39.9524,-75.1636,15.24,11,0.0,0.0,0.0,False,False
2026-09-15,US,Phoenix,Arizona,33.4484,-112.074,6.41,4,0.0,0.0,0.1574803149606299,False,False
2026-09-15,US,Pittsburgh,Pennsylvania,40.4406,-79.9959,9.46,11,0.0,0.0,0.0,False,False
2026-09-15,US,Plymouth,Michigan,42.3714,-83.4702,1.53,0,0.0,0.0,0.0039370078740157,False,False
2026-09-15,US,Plymouth,Minnesota,45.0105,-93.4555,1.7000000000000002,0,0.0,0.0,0.0354330708661417,False,False
2026-09-15,US,Portland,Maine,43.6574,-70.2589,1.28,0,0.0,0.0,0.0,False,False
2026-09-15,US,Portland,Oregon,45.5234,-122.6762,14.32,11,0.0,0.0,0.0,False,False
2026-09-15,US,Portsmouth,New Hampshire,43.077,-70.7577,0.72,0,0.0,0.0,0.0,False,False
2026-09-15,US,Princeton,New Jersey,40.3487,-74.659,2.1,0,0.0,0.0,0.0,False,False
2026-09-15,US,Providence,Rhode Island,41.824,-71.4128,2.06,0,0.0,0.0,0.0,False,False
2026-09-15,US,Raleigh,North Carolina,35.7721,-78.6386,9.39,11,0.0,0.0,0.0,False,False
2026-09-15,US,Rapid City,South Dakota,44.0805,-103.231,0.45,0,0.0,0.0,0.0,False,False
2026-09-15,US,Reading,Massachusetts,42.5256,-71.0953,13.27,15,0.0,0.0,0.0,False,False
2026-09-15,US,Reno,Nevada,39.5296,-119.8138,2.76,0,0.0,0.0,0.0,False,False
2026-09-15,US,Richmond,Virginia,37.5538,-77.4603,6.6,4,0.0,0.0,0.0,False,False
2026-09-15,US,Rock Springs,Wyoming,41.5875,-109.2029,0.47,0,0.0,0.0,0.0,False,False
2026-09-15,US,Rockville,Maryland,39.084,-77.1528,2.88,0,0.0,0.0,0.0,False,False
2026-09-15,US,Rogers,Arkansas,36.332,-94.1185,1.45,0,0.0,0.0,0.0,False,False
2026-09-15,US,Saint Charles,Missouri,38.7839,-90.4812,1.57,0,0.0,0.0,0.0,False,False
2026-09-15,US,Saint Louis,Missouri,38.6517,-90.2053,7.03,4,0.0,0.0,0.0039370078740157,False,False
2026-09-15,US,Saint Paul,Minnesota,44.9444,-93.0933,3.67,0,0.0,0.0,0.0590551181102362,False,False
2026-09-15,US,Salem,Oregon,44.9429,-123.0351,1.51,0,0.0,0.0,0.0118110236220472,False,False
2026-09-15,US,Salt Lake City,Utah,40.7608,-111.891,2.39,0,0.0,0.0,0.0,False,False
2026-09-15,US,San Antonio,Texas,29.4241,-98.4936,10.7,11,0.0,0.0,0.0078740157480314,False,False
2026-09-15,US,San Diego,California,32.7157,-117.1647,17.27,11,0.0,0.0,0.0,False,False
2026-09-15,US,San Francisco,California,37.7749,-122.4194,34.87,15,0.0,0.0,0.0,False,False
2026-09-15,US,San Jose,California,37.3394,-121.895,13.72,11,0.0,0.0,0.0,False,False
2026-09-15,US,Sandy,Utah,40.5916,-111.8841,0.8200000000000001,0,0.0,0.0,0.0,False,False
2026-09-15,US,Santa Fe,New Mexico,35.687,-105.9378,1.42,0,0.0,0.0,0.0984251968503936,False,False
2026-09-15,US,Savannah,Georgia,32.0835,-81.0998,4.49,0,0.0,0.0,0.1102362204724409,False,False
2026-09-15,US,Scarborough,Maine,43.5781,-70.3217,0.8300000000000001,0,0.0,0.0,0.0,False,False
2026-09-15,US,Scottsdale,Arizona,33.5092,-111.899,5.22,4,0.0,0.0,0.1062992125984252,False,False
2026-09-15,US,Seattle,Washington,47.6062,-122.3321,21.53,15,0.0,0.0,0.0078740157480314,False,False
2026-09-15,US,Sheridan,Wyoming,44.7972,-106.9562,0.5700000000000001,0,0.0,0.0,0.0,False,False
2026-09-15,US,Shreveport,Louisiana,32.5251,-93.7502,4.05,0,0.0,0.0,0.0039370078740157,False,False
2026-09-15,US,Silver Spring,Maryland,38.9907,-77.0261,3.09,0,0.0,0.0,0.0,False,False
2026-09-15,US,Sioux Falls,South Dakota,43.55,-96.7003,0.8400000000000001,0,0.0,0.0,0.0,False,False
2026-09-15,US,Sitka,Alaska,57.0532,-135.3309,0.21,0,0.0,0.0,0.0157480314960629,False,False
2026-09-15,US,Somerville,Massachusetts,42.3876,-71.0995,2.57,0,0.0,0.0,0.0,False,False
2026-09-15,US,South Burlington,Vermont,44.467,-73.171,0.65,0,0.0,0.0,0.0,False,False
2026-09-15,US,South Jordan,Utah,40.5622,-111.9297,1.28,0,0.0,0.0,0.0,False,False
2026-09-15,US,Southaven,Mississippi,34.989,-90.0126,0.5800000000000001,0,0.0,0.0,0.0,False,False
2026-09-15,US,Spokane,Washington,47.6569,-117.425,1.3900000000000001,0,0.0,0.0,0.0,False,False
2026-09-15,US,Springfield,Missouri,37.2153,-93.2982,1.57,0,0.0,0.0,0.0039370078740157,False,False
2026-09-15,US,Stamford,Connecticut,41.0534,-73.5387,2.2800000000000002,0,0.0,0.0,0.0,False,False
2026-09-15,US,Staten Island,New York,40.5623,-74.1399,6.93,4,0.0,0.0,0.0,False,False
2026-09-15,US,Stowe,Vermont,44.4653,-72.6846,0.47,0,0.0,0.0,0.0,False,False
2026-09-15,US,Tacoma,Washington,47.2529,-122.4443,3.11,0,0.0,0.0,0.0078740157480314,False,False
2026-09-15,US,Tampa,Florida,27.9475,-82.4584,9.76,5,0.0,0.0,0.1771653543307086,False,False
2026-09-15,US,Tijeras,New Mexico,35.0809,-106.3881,0.38,0,0.0,0.0,0.2913385826771654,True,True
2026-09-15,US,Tucson,Arizona,32.2217,-110.9265,5.6,4,0.0,0.0,0.5708661417322834,True,True
2026-09-15,US,Tulsa,Oklahoma,36.154,-95.9928,6.31,4,0.0,0.0,0.0,False,False
2026-09-15,US,Vancouver,Washington,45.6387,-122.6615,3.7800000000000002,0,0.0,0.0,0.0157480314960629,False,False
2026-09-15,US,Virginia Beach,Virginia,36.8529,-75.978,6.67,4,0.0,0.0,0.0,False,False
2026-09-15,US,Warwick,Rhode Island,41.7001,-71.4162,0.63,0,0.0,0.0,0.0,False,False
2026-09-15,US,Washington,District of Columbia,38.8951,-77.0364,24.63,15,0.0,0.0,0.0,False,False
2026-09-15,US,Wasilla,Alaska,61.5809,-149.4415,0.15,0,0.0,0.0,0.1614173228346456,False,False
2026-09-15,US,Waukesha,Wisconsin,43.0117,-88.2315,0.91,0,0.0,0.0,0.9566929133858268,True,True
2026-09-15,US,West Chester,Pennsylvania,39.961,-75.608,2.46,0,0.0,0.0,0.0,False,False
2026-09-15,US,West Des Moines,Iowa,41.5772,-93.7113,0.75,0,0.0,0.0,0.984251968503937,True,True
2026-09-15,US,West Fargo,North Dakota,46.875,-96.9004,0.55,0,0.0,0.0,0.0,False,False
2026-09-15,US,West Lafayette,Indiana,40.4259,-86.9081,1.29,0,0.0,0.0,0.0039370078740157,False,False
2026-09-15,US,Westfield,New Jersey,40.659,-74.3474,2.58,0,0.0,0.0,0.0,False,False
2026-09-15,US,Wheeling,West Virginia,40.064,-80.7209,0.81,0,0.0,0.0,0.0,False,False
2026-09-15,US,Whitefish Bay,Wisconsin,43.1133,-87.9001,0.92,0,0.0,0.0,0.8937007874015748,True,True
2026-09-15,US,Wichita,Kansas,37.6922,-97.3375,3.26,0,0.0,0.0,0.2362204724409448,True,True
2026-09-15,US,Wilmette,Illinois,42.0722,-87.7228,2.3,0,0.0,0.0,0.3346456692913386,True,True
2026-09-15,US,Wilmington,Delaware,39.746,-75.5466,3.88,0,0.0,0.0,0.0,False,False
2026-09-15,US,Wilmington,North Carolina,34.2356,-77.946,4.41,0,0.0,0.0,0.0,False,False
