Shipping_Country,Shipping_State,Shipping_City,City_Join_Key,State_Join_Key
US,Alabama,Adger,adger,alabama
US,Alabama,Alabaster,alabaster,alabama
US,Alabama,Albertville,albertville,alabama
US,Alabama,Alexandria,alexandria,alabama
US,Alabama,Andalusia,andalusia,alabama
US,Alabama,Anderson,anderson,alabama
US,Alabama,Anniston,anniston,alabama
US,Alabama,Arab,arab,alabama
US,Alabama,Arley,arley,alabama
US,Alabama,Athens,athens,alabama
US,Alabama,Auburn,auburn,alabama
US,Alabama,Bessemer,bessemer,alabama
US,Alabama,Big Cove,big cove,alabama
US,Alabama,Birmingham,birmingham,alabama
US,Alabama,Boaz,boaz,alabama
US,Alabama,Calera,calera,alabama
US,Alabama,Cedar Bluff,cedar bluff,alabama
US,Alabama,Center Point,center point,alabama
US,Alabama,Centre,centre,alabama
US,Alabama,Chelsea,chelsea,alabama
US,Alabama,Childersburg,childersburg,alabama
US,Alabama,Columbiana,columbiana,alabama
US,Alabama,Cullman,cullman,alabama
US,Alabama,Daleville,daleville,alabama
US,Alabama,Daphne,daphne,alabama
US,Alabama,Decatur,decatur,alabama
US,Alabama,Dora,dora,alabama
US,Alabama,Dothan,dothan,alabama
US,Alabama,Dutton,dutton,alabama
US,Alabama,Eight Mile,eight mile,alabama
US,Alabama,Elberta,elberta,alabama
US,Alabama,Elkmont,elkmont,alabama
US,Alabama,Elmore,elmore,alabama
US,Alabama,Enterprise,enterprise,alabama
US,Alabama,Evergreen,evergreen,alabama
US,Alabama,Fairhope,fairhope,alabama
US,Alabama,Fairhopr,fairhopr,alabama
US,Alabama,Flat Rock,flat rock,alabama
US,Alabama,Florence,florence,alabama
US,Alabama,Foley,foley,alabama
US,Alabama,Fort Mitchell,fort mitchell,alabama
US,Alabama,Fort Payne,fort payne,alabama
US,Alabama,Gadsden,gadsden,alabama
US,Alabama,Gardendale,gardendale,alabama
US,Alabama,Geneva,geneva,alabama
US,Alabama,Gordo,gordo,alabama
US,Alabama,Greensboro,greensboro,alabama
US,Alabama,Grove Hill,grove hill,alabama
US,Alabama,Guin,guin,alabama
US,Alabama,Gulf Shores,gulf shores,alabama
US,Alabama,Guntersville,guntersville,alabama
US,Alabama,Gurley,gurley,alabama
US,Alabama,Haleyville,haleyville,alabama
US,Alabama,Hamilton,hamilton,alabama
US,Alabama,Hampton Cove,hampton cove,alabama
US,Alabama,Hanceville,hanceville,alabama
US,Alabama,Hartford,hartford,alabama
US,Alabama,Hartselle,hartselle,alabama
US,Alabama,Harvest,harvest,alabama
US,Alabama,Hazel Green,hazel green,alabama
US,Alabama,Headland,headland,alabama
US,Alabama,Helena,helena,alabama
US,Alabama,Holly Pond,holly pond,alabama
US,Alabama,Hollywood,hollywood,alabama
US,Alabama,Homewood,homewood,alabama
US,Alabama,Hoover,hoover,alabama
US,Alabama,Hueytown,hueytown,alabama
US,Alabama,Huntsville,huntsville,alabama
US,Alabama,Ider,ider,alabama
US,Alabama,Indian Springs,indian springs,alabama
US,Alabama,Jack,jack,alabama
US,Alabama,Jackson'S Gap,jackson's gap,alabama
US,Alabama,Jacksonville,jacksonville,alabama
US,Alabama,Jasper,jasper,alabama
US,Alabama,Kinsey,kinsey,alabama
US,Alabama,Leeds,leeds,alabama
US,Alabama,Lillian,lillian,alabama
US,Alabama,Logan,logan,alabama
US,Alabama,Loxley,loxley,alabama
US,Alabama,Madisob,madisob,alabama
US,Alabama,Madison,madison,alabama
US,Alabama,Mentone,mentone,alabama
US,Alabama,Meridianville,meridianville,alabama
US,Alabama,Midland City,midland city,alabama
US,Alabama,Millbrook,millbrook,alabama
US,Alabama,Mobile,mobile,alabama
US,Alabama,Monroeville,monroeville,alabama
US,Alabama,Montevallo,montevallo,alabama
US,Alabama,Montgomery,montgomery,alabama
US,Alabama,Mount Olive,mount olive,alabama
US,Alabama,Mountain Brk,mountain brk,alabama
US,Alabama,Mountain Brook,mountain brook,alabama
US,Alabama,Mulga,mulga,alabama
US,Alabama,Munford,munford,alabama
US,Alabama,Muscle Shoals,muscle shoals,alabama
US,Alabama,New Hope,new hope,alabama
US,Alabama,New Market,new market,alabama
US,Alabama,Newton,newton,alabama
US,Alabama,Northport,northport,alabama
US,Alabama,Oneonta,oneonta,alabama
US,Alabama,Opelika,opelika,alabama
US,Alabama,Orange Beach,orange beach,alabama
US,Alabama,Owens Cross Roads,owens cross roads,alabama
US,Alabama,Oxford,oxford,alabama
US,Alabama,Ozark,ozark,alabama
US,Alabama,Pelham,pelham,alabama
US,Alabama,Pell City,pell city,alabama
US,Alabama,Phenix City,phenix city,alabama
US,Alabama,Pinson,pinson,alabama
US,Alabama,Point Clear,point clear,alabama
US,Alabama,Prattville,prattville,alabama
US,Alabama,Rainbow City,rainbow city,alabama
US,Alabama,Rehobeth,rehobeth,alabama
US,Alabama,Remlap,remlap,alabama
US,Alabama,Saraland,saraland,alabama
US,Alabama,Satsuma,satsuma,alabama
US,Alabama,Scottsboro,scottsboro,alabama
US,Alabama,Seale,seale,alabama
US,Alabama,Selma,selma,alabama
US,Alabama,Semmes,semmes,alabama
US,Alabama,Silverhill,silverhill,alabama
US,Alabama,Skipperville,skipperville,alabama
US,Alabama,Smiths Station,smiths station,alabama
US,Alabama,Somerville,somerville,alabama
US,Alabama,Spanish Fort,spanish fort,alabama
US,Alabama,Sterrett,sterrett,alabama
US,Alabama,Sylacauga,sylacauga,alabama
US,Alabama,Talladega,talladega,alabama
US,Alabama,Tallassee,tallassee,alabama
US,Alabama,Thomasville,thomasville,alabama
US,Alabama,Toney,toney,alabama
US,Alabama,Trussville,trussville,alabama
US,Alabama,Tuscaloosa,tuscaloosa,alabama
US,Alabama,Tuskegee Institute,tuskegee institute,alabama
US,Alabama,Vestavia,vestavia,alabama
US,Alabama,Vestavia Hills,vestavia hills,alabama
US,Alabama,Webb,webb,alabama
US,Alabama,West Blocton,west blocton,alabama
US,Alabama,Wetumpka,wetumpka,alabama
US,Alabama,Wilsonville,wilsonville,alabama
US,Alabama,Winfield,winfield,alabama
US,Alaska,Anchor Point,anchor point,alaska
US,Alaska,Anchorage,anchorage,alaska
US,Alaska,Chugiak,chugiak,alaska
US,Alaska,Cordova,cordova,alaska
US,Alaska,Ester,ester,alaska
US,Alaska,Fairbanks,fairbanks,alaska
US,Alaska,Homer,homer,alaska
US,Alaska,Hoonah,hoonah,alaska
US,Alaska,Jber,jber,alaska
US,Alaska,Juneau,juneau,alaska
US,Alaska,Kake,kake,alaska
US,Alaska,Ketchikan,ketchikan,alaska
US,Alaska,Kiana,kiana,alaska
US,Alaska,Nome,nome,alaska
US,Alaska,North Pole,north pole,alaska
US,Alaska,Sitka,sitka,alaska
US,Alaska,Wasilla,wasilla,alaska
US,Alaska,Wrangell,wrangell,alaska
US,Arizona,Anthem,anthem,arizona
US,Arizona,Apache Junction,apache junction,arizona
US,Arizona,Bellemont,bellemont,arizona
US,Arizona,Benson,benson,arizona
US,Arizona,Bisbee,bisbee,arizona
US,Arizona,Buckeye,buckeye,arizona
US,Arizona,Camp Verde,camp verde,arizona
US,Arizona,Carefree,carefree,arizona
US,Arizona,Casa Grande,casa grande,arizona
US,Arizona,Cave Creek,cave creek,arizona
US,Arizona,Central,central,arizona
US,Arizona,Chandler,chandler,arizona
US,Arizona,Chino Valley,chino valley,arizona
US,Arizona,Coolidge,coolidge,arizona
US,Arizona,Cornville,cornville,arizona
US,Arizona,Corona De Tucson,corona de tucson,arizona
US,Arizona,Cottonwood,cottonwood,arizona
US,Arizona,Dewey,dewey,arizona
US,Arizona,El Mirage,el mirage,arizona
US,Arizona,Eloy,eloy,arizona
US,Arizona,Flagstaff,flagstaff,arizona
US,Arizona,Florence,florence,arizona
US,Arizona,Fountain Hills,fountain hills,arizona
US,Arizona,Gilbert,gilbert,arizona
US,Arizona,Glendale,glendale,arizona
US,Arizona,Globe,globe,arizona
US,Arizona,Gold Canyon,gold canyon,arizona
US,Arizona,Goodyear,goodyear,arizona
US,Arizona,Green Valley,green valley,arizona
US,Arizona,Heber,heber,arizona
US,Arizona,Kingman,kingman,arizona
US,Arizona,Lake Havasu City,lake havasu city,arizona
US,Arizona,Laveen,laveen,arizona
US,Arizona,Litchfield Park,litchfield park,arizona
US,Arizona,Marana,marana,arizona
US,Arizona,Maricopa,maricopa,arizona
US,Arizona,Mesa,mesa,arizona
US,Arizona,Morenci,morenci,arizona
US,Arizona,New River,new river,arizona
US,Arizona,Oro Valley,oro valley,arizona
US,Arizona,Paradise Valley,paradise valley,arizona
US,Arizona,Paradise Vly,paradise vly,arizona
US,Arizona,Paulden,paulden,arizona
US,Arizona,Payson,payson,arizona
US,Arizona,Pearce,pearce,arizona
US,Arizona,Peoria,peoria,arizona
US,Arizona,Phoenix,phoenix,arizona
US,Arizona,Pima,pima,arizona
US,Arizona,Pine,pine,arizona
US,Arizona,Prescott,prescott,arizona
US,Arizona,Prescott Valey,prescott valey,arizona
US,Arizona,Prescott Valley,prescott valley,arizona
US,Arizona,Queen Creek,queen creek,arizona
US,Arizona,Rio Rico,rio rico,arizona
US,Arizona,Rio Verde,rio verde,arizona
US,Arizona,Safford,safford,arizona
US,Arizona,Sahuarita,sahuarita,arizona
US,Arizona,San Tan Valley,san tan valley,arizona
US,Arizona,Scottsdale,scottsdale,arizona
US,Arizona,Sedona,sedona,arizona
US,Arizona,Show Low,show low,arizona
US,Arizona,Showlow,showlow,arizona
US,Arizona,Sierra Vista,sierra vista,arizona
US,Arizona,"Sierra Vista,","sierra vista,",arizona
US,Arizona,Snowflake,snowflake,arizona
US,Arizona,Sun City,sun city,arizona
US,Arizona,Sun City West,sun city west,arizona
US,Arizona,Sun Lakes,sun lakes,arizona
US,Arizona,Surprise,surprise,arizona
US,Arizona,Tempe,tempe,arizona
US,Arizona,Tolleson,tolleson,arizona
US,Arizona,Tucson,tucson,arizona
US,Arizona,Vail,vail,arizona
US,Arizona,Williams,williams,arizona
US,Arizona,Yuma,yuma,arizona
US,Arkansas,Alexander,alexander,arkansas
US,Arkansas,Alma,alma,arkansas
US,Arkansas,Amity,amity,arkansas
US,Arkansas,Arkadelphia,arkadelphia,arkansas
US,Arkansas,Beebe,beebe,arkansas
US,Arkansas,Bella Vista,bella vista,arkansas
US,Arkansas,Benton,benton,arkansas
US,Arkansas,Bentonville,bentonville,arkansas
US,Arkansas,Berryville,berryville,arkansas
US,Arkansas,Boles,boles,arkansas
US,Arkansas,Booneville,booneville,arkansas
US,Arkansas,Bryant,bryant,arkansas
US,Arkansas,Cabot,cabot,arkansas
US,Arkansas,Carlisle,carlisle,arkansas
US,Arkansas,Cave Springs,cave springs,arkansas
US,Arkansas,Centerton,centerton,arkansas
US,Arkansas,Combs,combs,arkansas
US,Arkansas,Conway,conway,arkansas
US,Arkansas,Crossett,crossett,arkansas
US,Arkansas,Dardanelle,dardanelle,arkansas
US,Arkansas,Delaware,delaware,arkansas
US,Arkansas,Dewitt,dewitt,arkansas
US,Arkansas,Dierks,dierks,arkansas
US,Arkansas,Dumas,dumas,arkansas
US,Arkansas,Eureka Springs,eureka springs,arkansas
US,Arkansas,Fayetteville,fayetteville,arkansas
US,Arkansas,Flippin,flippin,arkansas
US,Arkansas,Fort Smith,fort smith,arkansas
US,Arkansas,Gravette,gravette,arkansas
US,Arkansas,Greenwood,greenwood,arkansas
US,Arkansas,Harrison,harrison,arkansas
US,Arkansas,Hensley,hensley,arkansas
US,Arkansas,Hot Springs,hot springs,arkansas
US,Arkansas,Hot Springs National Park,hot springs national park,arkansas
US,Arkansas,Hot Springs Village,hot springs village,arkansas
US,Arkansas,Houston,houston,arkansas
US,Arkansas,Huntsville,huntsville,arkansas
US,Arkansas,Jacksonville,jacksonville,arkansas
US,Arkansas,Jonesboro,jonesboro,arkansas
US,Arkansas,Lake City,lake city,arkansas
US,Arkansas,Lavaca,lavaca,arkansas
US,Arkansas,Little Rock,little rock,arkansas
US,Arkansas,Lonoke,lonoke,arkansas
US,Arkansas,Louann,louann,arkansas
US,Arkansas,Lowell,lowell,arkansas
US,Arkansas,Magnolia,magnolia,arkansas
US,Arkansas,Malvern,malvern,arkansas
US,Arkansas,Marianna,marianna,arkansas
US,Arkansas,Marion,marion,arkansas
US,Arkansas,Maumelle,maumelle,arkansas
US,Arkansas,Mena,mena,arkansas
US,Arkansas,Mountain Home,mountain home,arkansas
US,Arkansas,Mountain View,mountain view,arkansas
US,Arkansas,Mulberry,mulberry,arkansas
US,Arkansas,Nashville,nashville,arkansas
US,Arkansas,North Little Rock,north little rock,arkansas
US,Arkansas,Okolona,okolona,arkansas
US,Arkansas,Ozark,ozark,arkansas
US,Arkansas,Paragould,paragould,arkansas
US,Arkansas,Paris,paris,arkansas
US,Arkansas,Pea Ridge,pea ridge,arkansas
US,Arkansas,Pine Bluff,pine bluff,arkansas
US,Arkansas,Rogers,rogers,arkansas
US,Arkansas,Royal,royal,arkansas
US,Arkansas,Russellville,russellville,arkansas
US,Arkansas,Searcy,searcy,arkansas
US,Arkansas,Sheridan,sheridan,arkansas
US,Arkansas,Sherwood,sherwood,arkansas
US,Arkansas,Siloam Springs,siloam springs,arkansas
US,Arkansas,Springdale,springdale,arkansas
US,Arkansas,Star City,star city,arkansas
US,Arkansas,Stuttgart,stuttgart,arkansas
US,Arkansas,Texarkana,texarkana,arkansas
US,Arkansas,Van Buren,van buren,arkansas
US,Arkansas,Vendor,vendor,arkansas
US,Arkansas,Ward,ward,arkansas
US,Arkansas,Warren,warren,arkansas
US,Arkansas,West Fork,west fork,arkansas
US,Arkansas,Wynne,wynne,arkansas
US,California,94526.0,94526.0,california
US,California,Acampo,acampo,california
US,California,Acton,acton,california
US,California,Adelanto,adelanto,california
US,California,Agoura Hills,agoura hills,california
US,California,Ahwahnee,ahwahnee,california
US,California,Alameda,alameda,california
US,California,Alamo,alamo,california
US,California,Albany,albany,california
US,California,Alhambra,alhambra,california
US,California,Aliso Viejo,aliso viejo,california
US,California,Alpine,alpine,california
US,California,Alta Loma,alta loma,california
US,California,Altadena,altadena,california
US,California,Alviso,alviso,california
US,California,American Canyon,american canyon,california
US,California,Anaheim,anaheim,california
US,California,Anderson,anderson,california
US,California,Angwin,angwin,california
US,California,Antelope,antelope,california
US,California,Antioch,antioch,california
US,California,Apple Valley,apple valley,california
US,California,Aptos,aptos,california
US,California,Arcadia,arcadia,california
US,California,Arcata,arcata,california
US,California,Arleta,arleta,california
US,California,Arroyo Grande,arroyo grande,california
US,California,Artesia,artesia,california
US,California,Atascadero,atascadero,california
US,California,Atherton,atherton,california
US,California,Auburn,auburn,california
US,California,Auburn Ca.,auburn ca.,california
US,California,Avila Beach,avila beach,california
US,California,Azusa,azusa,california
US,California,Bakersfield,bakersfield,california
US,California,Baldwin Park,baldwin park,california
US,California,Banning,banning,california
US,California,Bay Point,bay point,california
US,California,Bayside,bayside,california
US,California,Beaumont,beaumont,california
US,California,Bell,bell,california
US,California,Bell Gardens,bell gardens,california
US,California,Bellflower,bellflower,california
US,California,Belmont,belmont,california
US,California,Belvedere Tiburon,belvedere tiburon,california
US,California,Benicia,benicia,california
US,California,Berkeley,berkeley,california
US,California,"Berryessa, San Jose","berryessa, san jose",california
US,California,Beverly Hills,beverly hills,california
US,California,Big Bear City,big bear city,california
US,California,Big Sur,big sur,california
US,California,Bishop,bishop,california
US,California,Bodega Bay,bodega bay,california
US,California,Bonita,bonita,california
US,California,Bonsall,bonsall,california
US,California,Boulder Creek,boulder creek,california
US,California,Brawley,brawley,california
US,California,Brea,brea,california
US,California,Brentwood,brentwood,california
US,California,Brisbane,brisbane,california
US,California,Buena Park,buena park,california
US,California,Burbank,burbank,california
US,California,Burlingame,burlingame,california
US,California,Calabasas,calabasas,california
US,California,Calexico,calexico,california
US,California,California City,california city,california
US,California,Calistoga,calistoga,california
US,California,Camarillo,camarillo,california
US,California,Cambria,cambria,california
US,California,Cameron Park,cameron park,california
US,California,Camino,camino,california
US,California,Campbell,campbell,california
US,California,Campo,campo,california
US,California,Canoga Park,canoga park,california
US,California,Cantua Creek,cantua creek,california
US,California,Canyon Country,canyon country,california
US,California,Canyon Lake,canyon lake,california
US,California,Capistrano Beach,capistrano beach,california
US,California,Capitola,capitola,california
US,California,Cardiff,cardiff,california
US,California,Cardiff By The Sea,cardiff by the sea,california
US,California,Carlsbad,carlsbad,california
US,California,Carmel,carmel,california
US,California,Carmel Valley,carmel valley,california
US,California,Carmichael,carmichael,california
US,California,Carpinteria,carpinteria,california
US,California,Carson,carson,california
US,California,Castaic,castaic,california
US,California,Castro Valley,castro valley,california
US,California,Castroville,castroville,california
US,California,Cathedral City,cathedral city,california
US,California,Cayucos,cayucos,california
US,California,Ceres,ceres,california
US,California,Cerritos,cerritos,california
US,California,Chatsworth,chatsworth,california
US,California,Chester,chester,california
US,California,Chicago Park,chicago park,california
US,California,Chico,chico,california
US,California,Chino,chino,california
US,California,Chino Hills,chino hills,california
US,California,Chowchilla,chowchilla,california
US,California,Chualar,chualar,california
US,California,Chula Vista,chula vista,california
US,California,Citrus Heights,citrus heights,california
US,California,City Of Industry,city of industry,california
US,California,Claremont,claremont,california
US,California,Clayton,clayton,california
US,California,Clio,clio,california
US,California,Clipper Mills,clipper mills,california
US,California,Cloverdale,cloverdale,california
US,California,Clovis,clovis,california
US,California,Coachella,coachella,california
US,California,Coarsegold,coarsegold,california
US,California,Colma,colma,california
US,California,Colton,colton,california
US,California,Columbia,columbia,california
US,California,Commerce,commerce,california
US,California,Compton,compton,california
US,California,Concord,concord,california
US,California,Cool,cool,california
US,California,Corona,corona,california
US,California,Corona Del Mar,corona del mar,california
US,California,Coronado,coronado,california
US,California,Corte Madera,corte madera,california
US,California,Costa Mesa,costa mesa,california
US,California,Coto De Caza,coto de caza,california
US,California,Cottonwood,cottonwood,california
US,California,Covina,covina,california
US,California,Crescent City,crescent city,california
US,California,Crestline,crestline,california
US,California,Crockett,crockett,california
US,California,Culver City,culver city,california
US,California,Cupertino,cupertino,california
US,California,Cypress,cypress,california
US,California,Daly City,daly city,california
US,California,Dana Point,dana point,california
US,California,Danville,danville,california
US,California,Davis,davis,california
US,California,Del Mar,del mar,california
US,California,Delano,delano,california
US,California,Desert Hot Springs,desert hot springs,california
US,California,Diablo,diablo,california
US,California,Diamond Bar,diamond bar,california
US,California,Diamond Springs,diamond springs,california
US,California,Dinuba,dinuba,california
US,California,Discovery Bay,discovery bay,california
US,California,Dixon,dixon,california
US,California,Dove Canyon,dove canyon,california
US,California,Downey,downey,california
US,California,Duarte,duarte,california
US,California,Dublin,dublin,california
US,California,Durham,durham,california
US,California,East Palo Alto,east palo alto,california
US,California,Eastvale,eastvale,california
US,California,Edwards,edwards,california
US,California,Edwards Afb,edwards afb,california
US,California,El Cajon,el cajon,california
US,California,El Centro,el centro,california
US,California,El Cerrito,el cerrito,california
US,California,El Dorado Hills,el dorado hills,california
US,California,El Granada,el granada,california
US,California,El Monte,el monte,california
US,California,El Segundo,el segundo,california
US,California,El Sobrante,el sobrante,california
US,California,Elk Grove,elk grove,california
US,California,Elverta,elverta,california
US,California,Emerald Hills,emerald hills,california
US,California,Emeryville,emeryville,california
US,California,Encinitas,encinitas,california
US,California,Encino,encino,california
US,California,Escalon,escalon,california
US,California,Escondido,escondido,california
US,California,Esparto,esparto,california
US,California,Eureka,eureka,california
US,California,Exeter,exeter,california
US,California,Fair Oaks,fair oaks,california
US,California,Fairfax,fairfax,california
US,California,Fairfield,fairfield,california
US,California,Fallbrook,fallbrook,california
US,California,Fawnskin,fawnskin,california
US,California,Felton,felton,california
US,California,Fillmore,fillmore,california
US,California,Firebaugh,firebaugh,california
US,California,Folsom,folsom,california
US,California,Fontana,fontana,california
US,California,Foothill Ranch,foothill ranch,california
US,California,Forest Knolls,forest knolls,california
US,California,Forest Ranch,forest ranch,california
US,California,Foresthill,foresthill,california
US,California,Fortuna,fortuna,california
US,California,Foster City,foster city,california
US,California,Fountain Valley,fountain valley,california
US,California,Fowler,fowler,california
US,California,Freedom,freedom,california
US,California,Fremont,fremont,california
US,California,Fresno,fresno,california
US,California,Fullerton,fullerton,california
US,California,Galt,galt,california
US,California,Garden Grove,garden grove,california
US,California,Garden Valley,garden valley,california
US,California,Gardena,gardena,california
US,California,Gilroy,gilroy,california
US,California,Glen Ellen,glen ellen,california
US,California,Glendale,glendale,california
US,California,Glendora,glendora,california
US,California,Gold River,gold river,california
US,California,Gold Run,gold run,california
US,California,Goleta,goleta,california
US,California,Gonzales,gonzales,california
US,California,Graeagle,graeagle,california
US,California,Granada Hills,granada hills,california
US,California,Grand Terrace,grand terrace,california
US,California,Granite Bay,granite bay,california
US,California,Grass Valley,grass valley,california
US,California,Greenbrae,greenbrae,california
US,California,Greenfield,greenfield,california
US,California,Gridley,gridley,california
US,California,Grover Beach,grover beach,california
US,California,Gualala,gualala,california
US,California,Gustine,gustine,california
US,California,Hacienda Heights,hacienda heights,california
US,California,Hacienda Hts,hacienda hts,california
US,California,Half Moon Bay,half moon bay,california
US,California,Hanford,hanford,california
US,California,Harbor City,harbor city,california
US,California,Hawthorne,hawthorne,california
US,California,Hayward,hayward,california
US,California,Healdsburg,healdsburg,california
US,California,Hemet,hemet,california
US,California,Hercules,hercules,california
US,California,Hermosa Beach,hermosa beach,california
US,California,Hesperia,hesperia,california
US,California,Hidden Hills,hidden hills,california
US,California,Hidden Valley Lake,hidden valley lake,california
US,California,Highland,highland,california
US,California,Hillsborough,hillsborough,california
US,California,Hilmar,hilmar,california
US,California,Hollister,hollister,california
US,California,Holtville,holtville,california
US,California,Homeland,homeland,california
US,California,Hughson,hughson,california
US,California,Huntingtn Bch,huntingtn bch,california
US,California,Huntington Beach,huntington beach,california
US,California,Huntington Park,huntington park,california
US,California,Idyllwild,idyllwild,california
US,California,Imperial Beach,imperial beach,california
US,California,Indian Wells,indian wells,california
US,California,Indio,indio,california
US,California,Inglewood,inglewood,california
US,California,Inverness,inverness,california
US,California,Irvine,irvine,california
US,California,Jamul,jamul,california
US,California,Joshua Tree,joshua tree,california
US,California,Julian,julian,california
US,California,Jurupa Valley,jurupa valley,california
US,California,Kensington,kensington,california
US,California,Kentfield,kentfield,california
US,California,Kenwood,kenwood,california
US,California,Kerman,kerman,california
US,California,Kings Beach,kings beach,california
US,California,Kingsburg,kingsburg,california
US,California,La Canada,la canada,california
US,California,La Canada Flintridge,la canada flintridge,california
US,California,La Crescenta,la crescenta,california
US,California,La Crescenta-Montrose,la crescenta-montrose,california
US,California,La Habra,la habra,california
US,California,La Habra Heights,la habra heights,california
US,California,La Jolla,la jolla,california
US,California,La Mesa,la mesa,california
US,California,La Mirada,la mirada,california
US,California,La Palma,la palma,california
US,California,La Puente,la puente,california
US,California,La Quinta,la quinta,california
US,California,La Verne,la verne,california
US,California,Ladera Ranch,ladera ranch,california
US,California,Lafayette,lafayette,california
US,California,Laguna Beach,laguna beach,california
US,California,Laguna Hills,laguna hills,california
US,California,Laguna Niguel,laguna niguel,california
US,California,Laguna Woods,laguna woods,california
US,California,Lake Arrowhead,lake arrowhead,california
US,California,Lake Balboa,lake balboa,california
US,California,Lake Elsinore,lake elsinore,california
US,California,Lake Forest,lake forest,california
US,California,Lake View Terrace,lake view terrace,california
US,California,Lakeport,lakeport,california
US,California,Lakeside,lakeside,california
US,California,Lakewood,lakewood,california
US,California,Lancaster,lancaster,california
US,California,Larkspur,larkspur,california
US,California,Lathrop,lathrop,california
US,California,Lawndale,lawndale,california
US,California,Laytonville,laytonville,california
US,California,Lemon Grove,lemon grove,california
US,California,Lemoore,lemoore,california
US,California,Lincoln,lincoln,california
US,California,Linden,linden,california
US,California,Livermore,livermore,california
US,California,Lodi,lodi,california
US,California,Loma Linda,loma linda,california
US,California,Lomita,lomita,california
US,California,Lompoc,lompoc,california
US,California,Long Beach,long beach,california
US,California,Loomis,loomis,california
US,California,Los Alamitos,los alamitos,california
US,California,Los Altos,los altos,california
US,California,Los Altos Hills,los altos hills,california
US,California,Los Angeles,los angeles,california
US,California,Los Banos,los banos,california
US,California,Los Gatos,los gatos,california
US,California,Los Olivos,los olivos,california
US,California,Los Osos,los osos,california
US,California,Lynwood,lynwood,california
US,California,Madera,madera,california
US,California,Magalia,magalia,california
US,California,Malibu,malibu,california
US,California,Mammoth Lakes,mammoth lakes,california
US,California,Manhattan Beach,manhattan beach,california
US,California,Manteca,manteca,california
US,California,March Air Reserve Base,march air reserve base,california
US,California,Marina,marina,california
US,California,Marina Del Rey,marina del rey,california
US,California,Martinez,martinez,california
US,California,Mather,mather,california
US,California,Mcarthur,mcarthur,california
US,California,Mccloud,mccloud,california
US,California,Mckinleyville,mckinleyville,california
US,California,Meadow Vista,meadow vista,california
US,California,Mendota,mendota,california
US,California,Menifee,menifee,california
US,California,Menlo Park,menlo park,california
US,California,Mentone,mentone,california
US,California,Merced,merced,california
US,California,Midway City,midway city,california
US,California,Mill Valley,mill valley,california
US,California,Millbrae,millbrae,california
US,California,Milpitas,milpitas,california
US,California,Mira Loma,mira loma,california
US,California,Mission Hills,mission hills,california
US,California,Mission Viejo,mission viejo,california
US,California,Modesto,modesto,california
US,California,Monarch Beach,monarch beach,california
US,California,Monrovia,monrovia,california
US,California,Montara,montara,california
US,California,Montclair,montclair,california
US,California,Monte Sereno,monte sereno,california
US,California,Montebello,montebello,california
US,California,Montecito,montecito,california
US,California,Monterey,monterey,california
US,California,Monterey Park,monterey park,california
US,California,Montrose,montrose,california
US,California,Moorpark,moorpark,california
US,California,Moraga,moraga,california
US,California,Moreno Valley,moreno valley,california
US,California,Morgan Hill,morgan hill,california
US,California,Mount Herman,mount herman,california
US,California,Mount Hermon,mount hermon,california
US,California,Mountain House,mountain house,california
US,California,Mountain View,mountain view,california
US,California,Murphys,murphys,california
US,California,Murrieta,murrieta,california
US,California,Napa,napa,california
US,California,National City,national city,california
US,California,Nevada City,nevada city,california
US,California,Newark,newark,california
US,California,Newbury Park,newbury park,california
US,California,Newhall,newhall,california
US,California,Newport Beach,newport beach,california
US,California,Newport Coast,newport coast,california
US,California,Nicasio,nicasio,california
US,California,Nipomo,nipomo,california
US,California,Norco,norco,california
US,California,North Fork,north fork,california
US,California,North Highlands,north highlands,california
US,California,North Hills,north hills,california
US,California,North Hollywood,north hollywood,california
US,California,Northridge,northridge,california
US,California,Norwalk,norwalk,california
US,California,Novato,novato,california
US,California,Nuevo,nuevo,california
US,California,Oak Hills,oak hills,california
US,California,Oak Park,oak park,california
US,California,Oak View,oak view,california
US,California,Oakdale,oakdale,california
US,California,Oakhurst,oakhurst,california
US,California,Oakland,oakland,california
US,California,Oakley,oakley,california
US,California,Occidental,occidental,california
US,California,Oceanside,oceanside,california
US,California,Ojai,ojai,california
US,California,Olivehurst,olivehurst,california
US,California,Olympic Valley,olympic valley,california
US,California,Ontario,ontario,california
US,California,Orange,orange,california
US,California,Orinda,orinda,california
US,California,Orland,orland,california
US,California,Orosi,orosi,california
US,California,Oroville,oroville,california
US,California,Oxnard,oxnard,california
US,California,Pacheco,pacheco,california
US,California,Pacific Grove,pacific grove,california
US,California,Pacific Palisades,pacific palisades,california
US,California,Pacifica,pacifica,california
US,California,Pacoima,pacoima,california
US,California,Palm Desert,palm desert,california
US,California,Palm Springs,palm springs,california
US,California,Palmdale,palmdale,california
US,California,Palo Alto,palo alto,california
US,California,Palos Verdes Estates,palos verdes estates,california
US,California,Palos Verdes Peninsula,palos verdes peninsula,california
US,California,Panorama City,panorama city,california
US,California,Paradise,paradise,california
US,California,Paramount,paramount,california
US,California,Pasadena,pasadena,california
US,California,Paso Robles,paso robles,california
US,California,Patterson,patterson,california
US,California,Pebble Beach,pebble beach,california
US,California,Penn Valley,penn valley,california
US,California,Penngrove,penngrove,california
US,California,Perris,perris,california
US,California,Petaluma,petaluma,california
US,California,Phelan,phelan,california
US,California,Phillips Ranch,phillips ranch,california
US,California,Philo,philo,california
US,California,Pico Rivera,pico rivera,california
US,California,Piedmont,piedmont,california
US,California,Pine Grove,pine grove,california
US,California,Pinole,pinole,california
US,California,Pismo Beach,pismo beach,california
US,California,Pittsburg,pittsburg,california
US,California,Placentia,placentia,california
US,California,Placerville,placerville,california
US,California,Playa Del Rey,playa del rey,california
US,California,Playa Vista,playa vista,california
US,California,Pleasant Grove,pleasant grove,california
US,California,Pleasant Hill,pleasant hill,california
US,California,Pleasanton,pleasanton,california
US,California,Plumas Lake,plumas lake,california
US,California,Point Reyes Station,point reyes station,california
US,California,Point Richmond,point richmond,california
US,California,Pollock Pines,pollock pines,california
US,California,Pomona,pomona,california
US,California,Porter Ranch,porter ranch,california
US,California,Porterville,porterville,california
US,California,Portola,portola,california
US,California,Portola Valley,portola valley,california
US,California,Poway,poway,california
US,California,Prunedale,prunedale,california
US,California,Quincy,quincy,california
US,California,Ramona,ramona,california
US,California,Rancho Cordova,rancho cordova,california
US,California,Rancho Cucamonga,rancho cucamonga,california
US,California,Rancho Mirage,rancho mirage,california
US,California,Rancho Mission Viejo,rancho mission viejo,california
US,California,Rancho Murieta,rancho murieta,california
US,California,Rancho Palos Verdes,rancho palos verdes,california
US,California,Rancho Santa Fe,rancho santa fe,california
US,California,Rancho Santa Margarita,rancho santa margarita,california
US,California,Red Bluff,red bluff,california
US,California,Redding,redding,california
US,California,Redlands,redlands,california
US,California,Redondo Beach,redondo beach,california
US,California,Redwood City,redwood city,california
US,California,Redwood Valley,redwood valley,california
US,California,Reedley,reedley,california
US,California,Reseda,reseda,california
US,California,Rialto,rialto,california
US,California,Richmond,richmond,california
US,California,Ridgecrest,ridgecrest,california
US,California,Rio Linda,rio linda,california
US,California,Rio Vista,rio vista,california
US,California,Ripon,ripon,california
US,California,Riverside,riverside,california
US,California,Rocklin,rocklin,california
US,California,Rodeo,rodeo,california
US,California,Rohnert Park,rohnert park,california
US,California,Rolling Hills,rolling hills,california
US,California,Rolling Hills Estates,rolling hills estates,california
US,California,Rosamond,rosamond,california
US,California,Rosemead,rosemead,california
US,California,Roseville,roseville,california
US,California,Ross,ross,california
US,California,Rossmoor,rossmoor,california
US,California,Rowland Heights,rowland heights,california
US,California,Royal Oaks,royal oaks,california
US,California,Sacramento,sacramento,california
US,California,Saint Helena,saint helena,california
US,California,Salinas,salinas,california
US,California,San Anselmo,san anselmo,california
US,California,San Bernardino,san bernardino,california
US,California,San Bruno,san bruno,california
US,California,San Carlos,san carlos,california
US,California,San Clemente,san clemente,california
US,California,San Diego,san diego,california
US,California,San Dimas,san dimas,california
US,California,San Fernando,san fernando,california
US,California,San Francisco,san francisco,california
US,California,"San Francisco,","san francisco,",california
US,California,San Francsico,san francsico,california
US,California,San Gabriel,san gabriel,california
US,California,San Geronimo,san geronimo,california
US,California,San Jose,san jose,california
US,California,San Juan Capistrano,san juan capistrano,california
US,California,San Leandro,san leandro,california
US,California,San Luis Obispo,san luis obispo,california
US,California,San Marcos,san marcos,california
US,California,San Marino,san marino,california
US,California,San Martin,san martin,california
US,California,San Mateo,san mateo,california
US,California,San Pablo,san pablo,california
US,California,San Pedro,san pedro,california
US,California,San Rafael,san rafael,california
US,California,San Ramon,san ramon,california
US,California,San Ysidro,san ysidro,california
US,California,Sanger,sanger,california
US,California,Sanjose,sanjose,california
US,California,Santa Ana,santa ana,california
US,California,Santa Barbara,santa barbara,california
US,California,Santa Clara,santa clara,california
US,California,Santa Clarita,santa clarita,california
US,California,Santa Cruz,santa cruz,california
US,California,Santa Fe Springs,santa fe springs,california
US,California,Santa Margarita,santa margarita,california
US,California,Santa Maria,santa maria,california
US,California,Santa Monica,santa monica,california
US,California,Santa Mónica,santa mónica,california
US,California,Santa Paula,santa paula,california
US,California,Santa Rosa,santa rosa,california
US,California,Santa Rosa Valley,santa rosa valley,california
US,California,Santa Ynez,santa ynez,california
US,California,Santee,santee,california
US,California,Saratoga,saratoga,california
US,California,Saugus,saugus,california
US,California,Sausalito,sausalito,california
US,California,Scotts Valley,scotts valley,california
US,California,Seal Beach,seal beach,california
US,California,Seaside,seaside,california
US,California,Sebastopol,sebastopol,california
US,California,Selma,selma,california
US,California,Shafter,shafter,california
US,California,Shasta Lake,shasta lake,california
US,California,Sherman Oaks,sherman oaks,california
US,California,Shingle Springs,shingle springs,california
US,California,Sierra Madre,sierra madre,california
US,California,Signal Hill,signal hill,california
US,California,Simi Valley,simi valley,california
US,California,Solana Beach,solana beach,california
US,California,Soledad,soledad,california
US,California,Solvang,solvang,california
US,California,Somis,somis,california
US,California,Sonoma,sonoma,california
US,California,Sonora,sonora,california
US,California,Soquel,soquel,california
US,California,Soulsbyville,soulsbyville,california
US,California,South El Monte,south el monte,california
US,California,South Gate,south gate,california
US,California,South Lake Tahoe,south lake tahoe,california
US,California,South Pasadena,south pasadena,california
US,California,South San Francisco,south san francisco,california
US,California,Spring Valley,spring valley,california
US,California,St Helena,st helena,california
US,California,St. Helena,st. helena,california
US,California,Stanford,stanford,california
US,California,Stanton,stanton,california
US,California,Stevenson Ranch,stevenson ranch,california
US,California,Stockton,stockton,california
US,California,Studio City,studio city,california
US,California,Suisun City,suisun city,california
US,California,Sun Valley,sun valley,california
US,California,Sunland,sunland,california
US,California,Sunnyvale,sunnyvale,california
US,California,Susanville,susanville,california
US,California,Sutter Creek,sutter creek,california
US,California,Sylmar,sylmar,california
US,California,Tahoe Vista,tahoe vista,california
US,California,Tarzana,tarzana,california
US,California,Temecula,temecula,california
US,California,Temple City,temple city,california
US,California,Templeton,templeton,california
US,California,Thornton,thornton,california
US,California,Thousand Oaks,thousand oaks,california
US,California,"Thousand Oaks,","thousand oaks,",california
US,California,Tiburon,tiburon,california
US,California,Toluca Lake,toluca lake,california
US,California,Topanga,topanga,california
US,California,Torrance,torrance,california
US,California,Trabuco Canyon,trabuco canyon,california
US,California,Tracy,tracy,california
US,California,Truckee,truckee,california
US,California,Tujunga,tujunga,california
US,California,Tulare,tulare,california
US,California,Turlock,turlock,california
US,California,Tustin,tustin,california
US,California,Ukiah,ukiah,california
US,California,Union City,union city,california
US,California,Upland,upland,california
US,California,Vacaville,vacaville,california
US,California,Valencia,valencia,california
US,California,Vallejo,vallejo,california
US,California,Valley Center,valley center,california
US,California,Valley Glen,valley glen,california
US,California,Valley Village,valley village,california
US,California,Van Nuys,van nuys,california
US,California,Venice,venice,california
US,California,Ventura,ventura,california
US,California,Victorville,victorville,california
US,California,View Park,view park,california
US,California,Visalia,visalia,california
US,California,Vista,vista,california
US,California,Walnut,walnut,california
US,California,Walnut Creek,walnut creek,california
US,California,Walnut Grove,walnut grove,california
US,California,Walnut Park,walnut park,california
US,California,Wasco,wasco,california
US,California,Waterford,waterford,california
US,California,Watsonville,watsonville,california
US,California,West Covina,west covina,california
US,California,West Hills,west hills,california
US,California,West Hollywood,west hollywood,california
US,California,West Sacramento,west sacramento,california
US,California,Westlake Village,westlake village,california
US,California,Westminster,westminster,california
US,California,Whittier,whittier,california
US,California,Wildomar,wildomar,california
US,California,Willits,willits,california
US,California,Willow Creek,willow creek,california
US,California,Wilmington,wilmington,california
US,California,Wilton,wilton,california
US,California,Winchester,winchester,california
US,California,Windsor,windsor,california
US,California,Winnetka,winnetka,california
US,California,Winters,winters,california
US,California,Woodbridge,woodbridge,california
US,California,Woodlake,woodlake,california
US,California,Woodland,woodland,california
US,California,Woodland Hills,woodland hills,california
US,California,Woodside,woodside,california
US,California,Wrightwood,wrightwood,california
US,California,Yorba Linda,yorba linda,california
US,California,Yountville,yountville,california
US,California,Yuba City,yuba city,california
US,California,Yucaipa,yucaipa,california
US,Colorado,Arvada,arvada,colorado
US,Colorado,Aspen,aspen,colorado
US,Colorado,Aurora,aurora,colorado
US,Colorado,Bailey,bailey,colorado
US,Colorado,Basalt,basalt,colorado
US,Colorado,Bayfield,bayfield,colorado
US,Colorado,Bennett,bennett,colorado
US,Colorado,Berthoud,berthoud,colorado
US,Colorado,Black Hawk,black hawk,colorado
US,Colorado,Boulder,boulder,colorado
US,Colorado,Breckenridge,breckenridge,colorado
US,Colorado,Brighton,brighton,colorado
US,Colorado,Broomfield,broomfield,colorado
US,Colorado,Burlington,burlington,colorado
US,Colorado,Canon City,canon city,colorado
US,Colorado,Carbondale,carbondale,colorado
US,Colorado,Castle Pines,castle pines,colorado
US,Colorado,Castle Rock,castle rock,colorado
US,Colorado,Cedaredge,cedaredge,colorado
US,Colorado,Centennial,centennial,colorado
US,Colorado,Center,center,colorado
US,Colorado,Cherry Hills Village,cherry hills village,colorado
US,Colorado,Colo Springs,colo springs,colorado
US,Colorado,Colorado Spgs,colorado spgs,colorado
US,Colorado,Colorado Springs,colorado springs,colorado
US,Colorado,Commerce City,commerce city,colorado
US,Colorado,Conifer,conifer,colorado
US,Colorado,Cortez,cortez,colorado
US,Colorado,Del Norte,del norte,colorado
US,Colorado,Delta,delta,colorado
US,Colorado,Denver,denver,colorado
US,Colorado,Dillon,dillon,colorado
US,Colorado,Dolores,dolores,colorado
US,Colorado,Durango,durango,colorado
US,Colorado,Eagle,eagle,colorado
US,Colorado,Edwards,edwards,colorado
US,Colorado,Elizabeth,elizabeth,colorado
US,Colorado,Englewood,englewood,colorado
US,Colorado,Erie,erie,colorado
US,Colorado,Estes Park,estes park,colorado
US,Colorado,Evans,evans,colorado
US,Colorado,Evergreen,evergreen,colorado
US,Colorado,Fairplay,fairplay,colorado
US,Colorado,Firestone,firestone,colorado
US,Colorado,Fort Collins,fort collins,colorado
US,Colorado,Fountain,fountain,colorado
US,Colorado,Franktown,franktown,colorado
US,Colorado,Frederick,frederick,colorado
US,Colorado,Fruita,fruita,colorado
US,Colorado,Ft. Collins,ft. collins,colorado
US,Colorado,Glenwood Springs,glenwood springs,colorado
US,Colorado,Golden,golden,colorado
US,Colorado,Grand Junction,grand junction,colorado
US,Colorado,Greeley,greeley,colorado
US,Colorado,Greenwood Village,greenwood village,colorado
US,Colorado,Henderson,henderson,colorado
US,Colorado,Hghlnds Ranch,hghlnds ranch,colorado
US,Colorado,Highlands Ranch,highlands ranch,colorado
US,Colorado,Hunter Hills,hunter hills,colorado
US,Colorado,Johnstown,johnstown,colorado
US,Colorado,Julesburg,julesburg,colorado
US,Colorado,Kinsale,kinsale,colorado
US,Colorado,La Junta,la junta,colorado
US,Colorado,La Veta,la veta,colorado
US,Colorado,Lafayette,lafayette,colorado
US,Colorado,Lakewood,lakewood,colorado
US,Colorado,Laporte,laporte,colorado
US,Colorado,Larkspur,larkspur,colorado
US,Colorado,Littleton,littleton,colorado
US,Colorado,Lone Tree,lone tree,colorado
US,Colorado,Longmont,longmont,colorado
US,Colorado,Louisville,louisville,colorado
US,Colorado,Loveland,loveland,colorado
US,Colorado,Lyons,lyons,colorado
US,Colorado,Mack,mack,colorado
US,Colorado,Mead,mead,colorado
US,Colorado,Meeker,meeker,colorado
US,Colorado,Minturn,minturn,colorado
US,Colorado,Molina,molina,colorado
US,Colorado,Monte Vista,monte vista,colorado
US,Colorado,Montrose,montrose,colorado
US,Colorado,Monument,monument,colorado
US,Colorado,Morrison,morrison,colorado
US,Colorado,Mountain Village,mountain village,colorado
US,Colorado,New Castle,new castle,colorado
US,Colorado,Niwot,niwot,colorado
US,Colorado,Oak Creek,oak creek,colorado
US,Colorado,Pagosa Springs,pagosa springs,colorado
US,Colorado,Parker,parker,colorado
US,Colorado,Penrose,penrose,colorado
US,Colorado,Platteville,platteville,colorado
US,Colorado,Pueblo,pueblo,colorado
US,Colorado,Pueblo West,pueblo west,colorado
US,Colorado,Roxborough,roxborough,colorado
US,Colorado,Salida,salida,colorado
US,Colorado,Sedalia,sedalia,colorado
US,Colorado,Severance,severance,colorado
US,Colorado,Silver Plume,silver plume,colorado
US,Colorado,Silverthorne,silverthorne,colorado
US,Colorado,Snowmass Village,snowmass village,colorado
US,Colorado,Steamboat Springs,steamboat springs,colorado
US,Colorado,Superior,superior,colorado
US,Colorado,Telluride,telluride,colorado
US,Colorado,Thornton,thornton,colorado
US,Colorado,Timnath,timnath,colorado
US,Colorado,Vail,vail,colorado
US,Colorado,Walden,walden,colorado
US,Colorado,Wellington,wellington,colorado
US,Colorado,Westminster,westminster,colorado
US,Colorado,Wheat Ridge,wheat ridge,colorado
US,Colorado,Windsor,windsor,colorado
US,Colorado,Wolcott,wolcott,colorado
US,Colorado,Woodland Park,woodland park,colorado
US,Colorado,Wray,wray,colorado
US,Connecticut,Amston,amston,connecticut
US,Connecticut,Andover,andover,connecticut
US,Connecticut,Ansonia,ansonia,connecticut
US,Connecticut,Ansonis,ansonis,connecticut
US,Connecticut,Avon,avon,connecticut
US,Connecticut,Baltic,baltic,connecticut
US,Connecticut,Bantam,bantam,connecticut
US,Connecticut,Beacon Falls,beacon falls,connecticut
US,Connecticut,Berlin,berlin,connecticut
US,Connecticut,Bethany,bethany,connecticut
US,Connecticut,Bethel,bethel,connecticut
US,Connecticut,Bethlehem,bethlehem,connecticut
US,Connecticut,Bloomfield,bloomfield,connecticut
US,Connecticut,Bolton,bolton,connecticut
US,Connecticut,Bozrah,bozrah,connecticut
US,Connecticut,Branford,branford,connecticut
US,Connecticut,Bridgeport,bridgeport,connecticut
US,Connecticut,Bridgewater,bridgewater,connecticut
US,Connecticut,Bristol,bristol,connecticut
US,Connecticut,Brookfield,brookfield,connecticut
US,Connecticut,Brooklyn,brooklyn,connecticut
US,Connecticut,Burlington,burlington,connecticut
US,Connecticut,Canterbury,canterbury,connecticut
US,Connecticut,Canton,canton,connecticut
US,Connecticut,Centerbrook,centerbrook,connecticut
US,Connecticut,Chaplin,chaplin,connecticut
US,Connecticut,Cheshire,cheshire,connecticut
US,Connecticut,Chester,chester,connecticut
US,Connecticut,Clinton,clinton,connecticut
US,Connecticut,Cobalt,cobalt,connecticut
US,Connecticut,Colchester,colchester,connecticut
US,Connecticut,Collinsville,collinsville,connecticut
US,Connecticut,Cornwall Bridge,cornwall bridge,connecticut
US,Connecticut,Cos Cob,cos cob,connecticut
US,Connecticut,Coventry,coventry,connecticut
US,Connecticut,Cromwell,cromwell,connecticut
US,Connecticut,Danbury,danbury,connecticut
US,Connecticut,Darien,darien,connecticut
US,Connecticut,Dayville,dayville,connecticut
US,Connecticut,Deep River,deep river,connecticut
US,Connecticut,Derby,derby,connecticut
US,Connecticut,Durham,durham,connecticut
US,Connecticut,East Haddam,east haddam,connecticut
US,Connecticut,East Hampton,east hampton,connecticut
US,Connecticut,East Hartford,east hartford,connecticut
US,Connecticut,East Haven,east haven,connecticut
US,Connecticut,East Lyme,east lyme,connecticut
US,Connecticut,Easton,easton,connecticut
US,Connecticut,Ellington,ellington,connecticut
US,Connecticut,Enfield,enfield,connecticut
US,Connecticut,Essex,essex,connecticut
US,Connecticut,Fairfield,fairfield,connecticut
US,Connecticut,Falls Village,falls village,connecticut
US,Connecticut,Farmington,farmington,connecticut
US,Connecticut,Gales Ferry,gales ferry,connecticut
US,Connecticut,Glastonbury,glastonbury,connecticut
US,Connecticut,Goshen,goshen,connecticut
US,Connecticut,Granby,granby,connecticut
US,Connecticut,Greenwich,greenwich,connecticut
US,Connecticut,Griswold,griswold,connecticut
US,Connecticut,Groton,groton,connecticut
US,Connecticut,Guilford,guilford,connecticut
US,Connecticut,Haddam,haddam,connecticut
US,Connecticut,Hamden,hamden,connecticut
US,Connecticut,Hartford,hartford,connecticut
US,Connecticut,Harwinton,harwinton,connecticut
US,Connecticut,Ivoryton,ivoryton,connecticut
US,Connecticut,Kent,kent,connecticut
US,Connecticut,Killingly,killingly,connecticut
US,Connecticut,Killingworth,killingworth,connecticut
US,Connecticut,Lakeville,lakeville,connecticut
US,Connecticut,Lebanon,lebanon,connecticut
US,Connecticut,Ledyard,ledyard,connecticut
US,Connecticut,Madison,madison,connecticut
US,Connecticut,Manchester,manchester,connecticut
US,Connecticut,Mansfield,mansfield,connecticut
US,Connecticut,Mansfield Center,mansfield center,connecticut
US,Connecticut,Meriden,meriden,connecticut
US,Connecticut,Middlebury,middlebury,connecticut
US,Connecticut,Middlefield,middlefield,connecticut
US,Connecticut,Middletown,middletown,connecticut
US,Connecticut,Milford,milford,connecticut
US,Connecticut,Milldale,milldale,connecticut
US,Connecticut,Monroe,monroe,connecticut
US,Connecticut,Moosup,moosup,connecticut
US,Connecticut,Morris,morris,connecticut
US,Connecticut,Mystic,mystic,connecticut
US,Connecticut,New Britain,new britain,connecticut
US,Connecticut,New Canaan,new canaan,connecticut
US,Connecticut,New Fairfield,new fairfield,connecticut
US,Connecticut,New Hartford,new hartford,connecticut
US,Connecticut,New Haven,new haven,connecticut
US,Connecticut,New London,new london,connecticut
US,Connecticut,New Milford,new milford,connecticut
US,Connecticut,Newington,newington,connecticut
US,Connecticut,Newtown,newtown,connecticut
US,Connecticut,Niantic,niantic,connecticut
US,Connecticut,North Branford,north branford,connecticut
US,Connecticut,North Granby,north granby,connecticut
US,Connecticut,North Haven,north haven,connecticut
US,Connecticut,North Stonington,north stonington,connecticut
US,Connecticut,Northford,northford,connecticut
US,Connecticut,Norwalk,norwalk,connecticut
US,Connecticut,Norwich,norwich,connecticut
US,Connecticut,Oakdale,oakdale,connecticut
US,Connecticut,Oakville,oakville,connecticut
US,Connecticut,Old Greenwich,old greenwich,connecticut
US,Connecticut,Old Lyme,old lyme,connecticut
US,Connecticut,Old Saybrook,old saybrook,connecticut
US,Connecticut,Orange,orange,connecticut
US,Connecticut,Oxford,oxford,connecticut
US,Connecticut,Pawcatuck,pawcatuck,connecticut
US,Connecticut,Plainfield,plainfield,connecticut
US,Connecticut,Plainville,plainville,connecticut
US,Connecticut,Plantsville,plantsville,connecticut
US,Connecticut,Portland,portland,connecticut
US,Connecticut,Prospect,prospect,connecticut
US,Connecticut,Quinebaug,quinebaug,connecticut
US,Connecticut,Redding,redding,connecticut
US,Connecticut,Ridgefield,ridgefield,connecticut
US,Connecticut,Riverside,riverside,connecticut
US,Connecticut,Rockfall,rockfall,connecticut
US,Connecticut,Rocky Hill,rocky hill,connecticut
US,Connecticut,Roxbury,roxbury,connecticut
US,Connecticut,Salem,salem,connecticut
US,Connecticut,Seymour,seymour,connecticut
US,Connecticut,Sharon,sharon,connecticut
US,Connecticut,Shelton,shelton,connecticut
US,Connecticut,Simsbury,simsbury,connecticut
US,Connecticut,Somers,somers,connecticut
US,Connecticut,South Glastonbury,south glastonbury,connecticut
US,Connecticut,South Windsor,south windsor,connecticut
US,Connecticut,Southbury,southbury,connecticut
US,Connecticut,Southington,southington,connecticut
US,Connecticut,Southport,southport,connecticut
US,Connecticut,Stafford Spgs,stafford spgs,connecticut
US,Connecticut,Stafford Springs,stafford springs,connecticut
US,Connecticut,Stamford,stamford,connecticut
US,Connecticut,Stonington,stonington,connecticut
US,Connecticut,Storrs,storrs,connecticut
US,Connecticut,Storrs Mansfield,storrs mansfield,connecticut
US,Connecticut,Stratford,stratford,connecticut
US,Connecticut,Suffield,suffield,connecticut
US,Connecticut,Terryville,terryville,connecticut
US,Connecticut,Thomaston,thomaston,connecticut
US,Connecticut,Tolland,tolland,connecticut
US,Connecticut,Torrington,torrington,connecticut
US,Connecticut,Trumbull,trumbull,connecticut
US,Connecticut,Uncasville,uncasville,connecticut
US,Connecticut,Vernon,vernon,connecticut
US,Connecticut,Vernon Rockville,vernon rockville,connecticut
US,Connecticut,Voluntown,voluntown,connecticut
US,Connecticut,W. Hartford,w. hartford,connecticut
US,Connecticut,Wallingford,wallingford,connecticut
US,Connecticut,Washington,washington,connecticut
US,Connecticut,Waterbury,waterbury,connecticut
US,Connecticut,Waterford,waterford,connecticut
US,Connecticut,Watertown,watertown,connecticut
US,Connecticut,Weatogue,weatogue,connecticut
US,Connecticut,West Hartford,west hartford,connecticut
US,Connecticut,West Haven,west haven,connecticut
US,Connecticut,West Suffield,west suffield,connecticut
US,Connecticut,Westbrook,westbrook,connecticut
US,Connecticut,Weston,weston,connecticut
US,Connecticut,Westport,westport,connecticut
US,Connecticut,Wethersfield,wethersfield,connecticut
US,Connecticut,Wilton,wilton,connecticut
US,Connecticut,Windham,windham,connecticut
US,Connecticut,Windsor,windsor,connecticut
US,Connecticut,Windsor Locks,windsor locks,connecticut
US,Connecticut,Winsted,winsted,connecticut
US,Connecticut,Woodbridge,woodbridge,connecticut
US,Connecticut,Woodbury,woodbury,connecticut
US,Connecticut,Woodstock,woodstock,connecticut
US,Delaware,Bear,bear,delaware
US,Delaware,Bethany Beach,bethany beach,delaware
US,Delaware,Bridgeville,bridgeville,delaware
US,Delaware,Camden Wyoming,camden wyoming,delaware
US,Delaware,Claymont,claymont,delaware
US,Delaware,Clayton,clayton,delaware
US,Delaware,Dewey Beach,dewey beach,delaware
US,Delaware,Dover,dover,delaware
US,Delaware,Ellendale,ellendale,delaware
US,Delaware,Fenwick Island,fenwick island,delaware
US,Delaware,Frankford,frankford,delaware
US,Delaware,Frederica,frederica,delaware
US,Delaware,Georgetown,georgetown,delaware
US,Delaware,Greenwood,greenwood,delaware
US,Delaware,Harbeson,harbeson,delaware
US,Delaware,Hockessin,hockessin,delaware
US,Delaware,Lewes,lewes,delaware
US,Delaware,Middletown,middletown,delaware
US,Delaware,Milford,milford,delaware
US,Delaware,Millsboro,millsboro,delaware
US,Delaware,Millville,millville,delaware
US,Delaware,Milton,milton,delaware
US,Delaware,New Castle,new castle,delaware
US,Delaware,Newark,newark,delaware
US,Delaware,Ocean View,ocean view,delaware
US,Delaware,Oceanview,oceanview,delaware
US,Delaware,Rehoboth Beach,rehoboth beach,delaware
US,Delaware,Selbyville,selbyville,delaware
US,Delaware,Smyrna,smyrna,delaware
US,Delaware,Townsend,townsend,delaware
US,Delaware,Viola,viola,delaware
US,Delaware,Wilmington,wilmington,delaware
US,Delaware,Wyoming,wyoming,delaware
US,District of Columbia,Bogotá,bogotá,district of columbia
US,District of Columbia,Washington,washington,district of columbia
US,District of Columbia,Washington Dc,washington dc,district of columbia
US,District of Columbia,"Washington,","washington,",district of columbia
US,District of Columbia,"Washington, D.C.","washington, d.c.",district of columbia
US,Florida,(Tallahassee) 6096 Redfield Circle Tallahassee Fl 32317,(tallahassee) 6096 redfield circle tallahassee fl 32317,florida
US,Florida,Alachua,alachua,florida
US,Florida,Altamomte Springs,altamomte springs,florida
US,Florida,Altamonte Springs,altamonte springs,florida
US,Florida,Altoona,altoona,florida
US,Florida,Alva,alva,florida
US,Florida,Amelia Island,amelia island,florida
US,Florida,Apalachicola,apalachicola,florida
US,Florida,Apollo Beach,apollo beach,florida
US,Florida,Apopka,apopka,florida
US,Florida,Arcadia,arcadia,florida
US,Florida,Archer,archer,florida
US,Florida,Astatula,astatula,florida
US,Florida,Astor,astor,florida
US,Florida,Atlantic Beach,atlantic beach,florida
US,Florida,Auburndale,auburndale,florida
US,Florida,Ave Maria,ave maria,florida
US,Florida,Aventura,aventura,florida
US,Florida,Avon Park,avon park,florida
US,Florida,Baker,baker,florida
US,Florida,Bal Harbour,bal harbour,florida
US,Florida,Bartow,bartow,florida
US,Florida,Bay Harbor Islands,bay harbor islands,florida
US,Florida,Belle Isle,belle isle,florida
US,Florida,Belleair,belleair,florida
US,Florida,Belleair Bluffs,belleair bluffs,florida
US,Florida,Belleview,belleview,florida
US,Florida,Beverly Hills,beverly hills,florida
US,Florida,Big Pine Key,big pine key,florida
US,Florida,Biscayne Park,biscayne park,florida
US,Florida,Boca Grande,boca grande,florida
US,Florida,Boca Raton,boca raton,florida
US,Florida,Bokeelia,bokeelia,florida
US,Florida,Bonifay,bonifay,florida
US,Florida,Bonita Spgs,bonita spgs,florida
US,Florida,Bonita Springs,bonita springs,florida
US,Florida,Boynton Bch,boynton bch,florida
US,Florida,Boynton Beach,boynton beach,florida
US,Florida,Boyton Beach,boyton beach,florida
US,Florida,Bradenton,bradenton,florida
US,Florida,"Bradenton, Fl","bradenton, fl",florida
US,Florida,Brandon,brandon,florida
US,Florida,Brooker,brooker,florida
US,Florida,Brooksville,brooksville,florida
US,Florida,Bunnell,bunnell,florida
US,Florida,Bushnell,bushnell,florida
US,Florida,Campbellton,campbellton,florida
US,Florida,Cantonment,cantonment,florida
US,Florida,Cape Canaveral,cape canaveral,florida
US,Florida,Cape Coral,cape coral,florida
US,Florida,Captiva,captiva,florida
US,Florida,Casselberry,casselberry,florida
US,Florida,Celebration,celebration,florida
US,Florida,Century,century,florida
US,Florida,Chiefland,chiefland,florida
US,Florida,Chuluota,chuluota,florida
US,Florida,Citra,citra,florida
US,Florida,Citrus Springs,citrus springs,florida
US,Florida,Clearwater,clearwater,florida
US,Florida,Clearwater Beach,clearwater beach,florida
US,Florida,Clermont,clermont,florida
US,Florida,Clewiston,clewiston,florida
US,Florida,Cocoa,cocoa,florida
US,Florida,Cocoa Beach,cocoa beach,florida
US,Florida,Coconut Creek,coconut creek,florida
US,Florida,Cooper City,cooper city,florida
US,Florida,Coral Gables,coral gables,florida
US,Florida,Coral Springs,coral springs,florida
US,Florida,Coralgables,coralgables,florida
US,Florida,Cottondale,cottondale,florida
US,Florida,Cpe  Canaveral,cpe  canaveral,florida
US,Florida,Crawfordville,crawfordville,florida
US,Florida,Crestview,crestview,florida
US,Florida,Cross City,cross city,florida
US,Florida,Cutler Bay,cutler bay,florida
US,Florida,Dade City,dade city,florida
US,Florida,Dania,dania,florida
US,Florida,Dania Beach,dania beach,florida
US,Florida,Davenport,davenport,florida
US,Florida,Davie,davie,florida
US,Florida,Daytona Beach,daytona beach,florida
US,Florida,Daytona Beach Shores,daytona beach shores,florida
US,Florida,Debary,debary,florida
US,Florida,Deerfield Bch,deerfield bch,florida
US,Florida,Deerfield Beach,deerfield beach,florida
US,Florida,Defuniak Springs,defuniak springs,florida
US,Florida,Deland,deland,florida
US,Florida,Deleon Springs,deleon springs,florida
US,Florida,Delray Beach,delray beach,florida
US,Florida,Deltona,deltona,florida
US,Florida,Destin,destin,florida
US,Florida,Doral,doral,florida
US,Florida,"Doral, Fl 33192","doral, fl 33192",florida
US,Florida,Dunedin,dunedin,florida
US,Florida,Dunnellon,dunnellon,florida
US,Florida,Eagle Lake,eagle lake,florida
US,Florida,Edgewater,edgewater,florida
US,Florida,Ellenton,ellenton,florida
US,Florida,Englewood,englewood,florida
US,Florida,Estero,estero,florida
US,Florida,Eustis,eustis,florida
US,Florida,Fernandina,fernandina,florida
US,Florida,Fernandina Bch,fernandina bch,florida
US,Florida,Fernandina Beach,fernandina beach,florida
US,Florida,Fl - Florida,fl - florida,florida
US,Florida,Flagler Beach,flagler beach,florida
US,Florida,Fleming Island,fleming island,florida
US,Florida,Florida City,florida city,florida
US,Florida,Fort Denaud,fort denaud,florida
US,Florida,Fort Lauderdale,fort lauderdale,florida
US,Florida,Fort Mccoy,fort mccoy,florida
US,Florida,Fort Myers,fort myers,florida
US,Florida,Fort Myers Beach,fort myers beach,florida
US,Florida,Fort Pierce,fort pierce,florida
US,Florida,Fort Walton Beach,fort walton beach,florida
US,Florida,Freeport,freeport,florida
US,Florida,Frostproof,frostproof,florida
US,Florida,Fruit Cove,fruit cove,florida
US,Florida,Fruitland Park,fruitland park,florida
US,Florida,Ft Laudardale,ft laudardale,florida
US,Florida,Ft Lauderdale,ft lauderdale,florida
US,Florida,Ft. Lauderdale,ft. lauderdale,florida
US,Florida,Ft. Myers,ft. myers,florida
US,Florida,Gainesville,gainesville,florida
US,Florida,Geneva,geneva,florida
US,Florida,Gibsonton,gibsonton,florida
US,Florida,Golden Oak,golden oak,florida
US,Florida,Gotha,gotha,florida
US,Florida,Grand Island,grand island,florida
US,Florida,Grant,grant,florida
US,Florida,Green Cove Springs,green cove springs,florida
US,Florida,Greenacres,greenacres,florida
US,Florida,Greensboro,greensboro,florida
US,Florida,Groveland,groveland,florida
US,Florida,Gulf Breeze,gulf breeze,florida
US,Florida,Gulf Stream,gulf stream,florida
US,Florida,Haines City,haines city,florida
US,Florida,Hallandale,hallandale,florida
US,Florida,Hallandale Beach,hallandale beach,florida
US,Florida,Harmony,harmony,florida
US,Florida,Hastings,hastings,florida
US,Florida,Havana,havana,florida
US,Florida,Hernando,hernando,florida
US,Florida,Hernando Beach,hernando beach,florida
US,Florida,Hialeah,hialeah,florida
US,Florida,Hialeah Gardens,hialeah gardens,florida
US,Florida,High Springs,high springs,florida
US,Florida,Highland Beach,highland beach,florida
US,Florida,Hillsboro Bch,hillsboro bch,florida
US,Florida,Hillsboro Beach,hillsboro beach,florida
US,Florida,Hobe Sound,hobe sound,florida
US,Florida,Holiday,holiday,florida
US,Florida,Holly Hill,holly hill,florida
US,Florida,Hollywood,hollywood,florida
US,Florida,Holmes Beach,holmes beach,florida
US,Florida,Homestead,homestead,florida
US,Florida,Homosassa,homosassa,florida
US,Florida,Howey In The Hills,howey in the hills,florida
US,Florida,Howey-In-The-Hills,howey-in-the-hills,florida
US,Florida,Hudson,hudson,florida
US,Florida,Hutchinson Is,hutchinson is,florida
US,Florida,Hutchinson Island,hutchinson island,florida
US,Florida,Hypoluxo,hypoluxo,florida
US,Florida,Indialantic,indialantic,florida
US,Florida,Indian Harbour Beach,indian harbour beach,florida
US,Florida,Indian Rocks Beach,indian rocks beach,florida
US,Florida,Indiantown,indiantown,florida
US,Florida,Indn Hbr Bch,indn hbr bch,florida
US,Florida,Inlet Beach,inlet beach,florida
US,Florida,Interlachen,interlachen,florida
US,Florida,Inverness,inverness,florida
US,Florida,Islamorada,islamorada,florida
US,Florida,Jacksonivlle,jacksonivlle,florida
US,Florida,Jacksonville,jacksonville,florida
US,Florida,Jacksonville Beach,jacksonville beach,florida
US,Florida,Jay,jay,florida
US,Florida,Jensen Beach,jensen beach,florida
US,Florida,Juno Beach,juno beach,florida
US,Florida,Jupiter,jupiter,florida
US,Florida,Key Biscayne,key biscayne,florida
US,Florida,Key Largo,key largo,florida
US,Florida,Key West,key west,florida
US,Florida,Keystone Heights,keystone heights,florida
US,Florida,Kindred,kindred,florida
US,Florida,Kissimmee,kissimmee,florida
US,Florida,Labelle,labelle,florida
US,Florida,Lady Lake,lady lake,florida
US,Florida,Lake Buena Vista,lake buena vista,florida
US,Florida,Lake City,lake city,florida
US,Florida,Lake Helen,lake helen,florida
US,Florida,Lake Mary,lake mary,florida
US,Florida,Lake Panasoffkee,lake panasoffkee,florida
US,Florida,Lake Placid,lake placid,florida
US,Florida,Lake Wales,lake wales,florida
US,Florida,Lake Worth,lake worth,florida
US,Florida,Lake Worth Beach,lake worth beach,florida
US,Florida,Lakeland,lakeland,florida
US,Florida,Lakewood Ranch,lakewood ranch,florida
US,Florida,Land O Lakes,land o lakes,florida
US,Florida,Land O' Lakes,land o' lakes,florida
US,Florida,Lantana,lantana,florida
US,Florida,Largo,largo,florida
US,Florida,Lauderdale Lakes,lauderdale lakes,florida
US,Florida,Lauderdale-By-The-Sea,lauderdale-by-the-sea,florida
US,Florida,Lauderhill,lauderhill,florida
US,Florida,Lecanto,lecanto,florida
US,Florida,Leesburg,leesburg,florida
US,Florida,Lehigh Acres,lehigh acres,florida
US,Florida,Lighthouse Point,lighthouse point,florida
US,Florida,Lithia,lithia,florida
US,Florida,Live Oak,live oak,florida
US,Florida,Longboat Key,longboat key,florida
US,Florida,Longeood,longeood,florida
US,Florida,Longwood,longwood,florida
US,Florida,Loxahatchee,loxahatchee,florida
US,Florida,Lutz,lutz,florida
US,Florida,Lynn Haven,lynn haven,florida
US,Florida,Madeira Beach,madeira beach,florida
US,Florida,Madison,madison,florida
US,Florida,Maitland,maitland,florida
US,Florida,Malabar,malabar,florida
US,Florida,Marathon,marathon,florida
US,Florida,Marco Island,marco island,florida
US,Florida,Margate,margate,florida
US,Florida,Marianna,marianna,florida
US,Florida,Mary Esther,mary esther,florida
US,Florida,Mascotte,mascotte,florida
US,Florida,Medley,medley,florida
US,Florida,Melbourne,melbourne,florida
US,Florida,Melbourne Beach,melbourne beach,florida
US,Florida,Melrose,melrose,florida
US,Florida,Merritt Island,merritt island,florida
US,Florida,Mexico Beach,mexico beach,florida
US,Florida,Miaimi,miaimi,florida
US,Florida,Miami,miami,florida
US,Florida,Miami Be,miami be,florida
US,Florida,Miami Beach,miami beach,florida
US,Florida,Miami Gardens,miami gardens,florida
US,Florida,Miami Lakes,miami lakes,florida
US,Florida,Miami Shores,miami shores,florida
US,Florida,Miami Springs,miami springs,florida
US,Florida,Micanopy,micanopy,florida
US,Florida,Micco,micco,florida
US,Florida,Middleburg,middleburg,florida
US,Florida,Milton,milton,florida
US,Florida,Minneola,minneola,florida
US,Florida,Miramar,miramar,florida
US,Florida,Miramar Beach,miramar beach,florida
US,Florida,Miromar Lakes,miromar lakes,florida
US,Florida,Molino,molino,florida
US,Florida,Monticello,monticello,florida
US,Florida,Montverde,montverde,florida
US,Florida,Moore Haven,moore haven,florida
US,Florida,Morriston,morriston,florida
US,Florida,Mount Dora,mount dora,florida
US,Florida,Mulberry,mulberry,florida
US,Florida,Myakka City,myakka city,florida
US,Florida,Naples,naples,florida
US,Florida,Navarre,navarre,florida
US,Florida,"Navarre, Fl","navarre, fl",florida
US,Florida,Neptune Beach,neptune beach,florida
US,Florida,New Port Richey,new port richey,florida
US,Florida,New Smyrna,new smyrna,florida
US,Florida,New Smyrna Beach,new smyrna beach,florida
US,Florida,Newberry,newberry,florida
US,Florida,Niceville,niceville,florida
US,Florida,Nocatee,nocatee,florida
US,Florida,Nokomis,nokomis,florida
US,Florida,North Bay Village,north bay village,florida
US,Florida,North Fort Myers,north fort myers,florida
US,Florida,North Lauderdale,north lauderdale,florida
US,Florida,North Miami,north miami,florida
US,Florida,North Miami Beach,north miami beach,florida
US,Florida,North Palm Beach,north palm beach,florida
US,Florida,North Port,north port,florida
US,Florida,North Redington Beach,north redington beach,florida
US,Florida,Northport,northport,florida
US,Florida,Oakland,oakland,florida
US,Florida,Oakland Park,oakland park,florida
US,Florida,Ocala,ocala,florida
US,Florida,Ocean Ridge,ocean ridge,florida
US,Florida,Ocoee,ocoee,florida
US,Florida,Odessa,odessa,florida
US,Florida,Okahumpka,okahumpka,florida
US,Florida,Okeechobee,okeechobee,florida
US,Florida,Oldsmar,oldsmar,florida
US,Florida,Opa Locka,opa locka,florida
US,Florida,Opa-Locka,opa-locka,florida
US,Florida,Orange City,orange city,florida
US,Florida,Orange Park,orange park,florida
US,Florida,Orchid,orchid,florida
US,Florida,Orlando,orlando,florida
US,Florida,Ormond Beach,ormond beach,florida
US,Florida,Ormond Beadh,ormond beadh,florida
US,Florida,Osprey,osprey,florida
US,Florida,Osteen,osteen,florida
US,Florida,Oviedo,oviedo,florida
US,Florida,Oxford,oxford,florida
US,Florida,Ozona,ozona,florida
US,Florida,Pace,pace,florida
US,Florida,Palm Bay,palm bay,florida
US,Florida,Palm Beach,palm beach,florida
US,Florida,Palm Beach Gardens,palm beach gardens,florida
US,Florida,Palm Bech Gardens,palm bech gardens,florida
US,Florida,Palm City,palm city,florida
US,Florida,Palm Coast,palm coast,florida
US,Florida,Palm Harbor,palm harbor,florida
US,Florida,Palm Springs,palm springs,florida
US,Florida,Palm Valley,palm valley,florida
US,Florida,Palmetto,palmetto,florida
US,Florida,Palmetto Bay,palmetto bay,florida
US,Florida,Panama City,panama city,florida
US,Florida,Panama City Beach,panama city beach,florida
US,Florida,Parkland,parkland,florida
US,Florida,Parrish,parrish,florida
US,Florida,Pembroke Pines,pembroke pines,florida
US,Florida,Pensacola,pensacola,florida
US,Florida,Pensacola Beach,pensacola beach,florida
US,Florida,Perry,perry,florida
US,Florida,Pinecrest,pinecrest,florida
US,Florida,Pinellas Park,pinellas park,florida
US,Florida,Placida,placida,florida
US,Florida,Plant City,plant city,florida
US,Florida,Plantation,plantation,florida
US,Florida,Poinciana,poinciana,florida
US,Florida,Pompano Beach,pompano beach,florida
US,Florida,Ponce Inlet,ponce inlet,florida
US,Florida,Ponte Vedra,ponte vedra,florida
US,Florida,Ponte Vedra Beach,ponte vedra beach,florida
US,Florida,Port Charlotte,port charlotte,florida
US,Florida,"Port Charlotte, Fl 33948","port charlotte, fl 33948",florida
US,Florida,Port Orange,port orange,florida
US,Florida,Port Richey,port richey,florida
US,Florida,Port Saint Joe,port saint joe,florida
US,Florida,Port Saint Lucie,port saint lucie,florida
US,Florida,Port St Lucie,port st lucie,florida
US,Florida,Port St. Lucie,port st. lucie,florida
US,Florida,Punta Gorda,punta gorda,florida
US,Florida,Quincy,quincy,florida
US,Florida,Reunion,reunion,florida
US,Florida,Riverview,riverview,florida
US,Florida,Riviera Beach,riviera beach,florida
US,Florida,Rockledge,rockledge,florida
US,Florida,Rosemary Beach,rosemary beach,florida
US,Florida,Rotonda West,rotonda west,florida
US,Florida,"Rotonda West, Fl","rotonda west, fl",florida
US,Florida,Royal Palm Beach,royal palm beach,florida
US,Florida,Ruskin,ruskin,florida
US,Florida,Safety Harbor,safety harbor,florida
US,Florida,Saint Augustine,saint augustine,florida
US,Florida,Saint Cloud,saint cloud,florida
US,Florida,Saint Johns,saint johns,florida
US,Florida,Saint Petersburg,saint petersburg,florida
US,Florida,San Antonio,san antonio,florida
US,Florida,Sanford,sanford,florida
US,Florida,Sanibel,sanibel,florida
US,Florida,Santa Rosa Beach,santa rosa beach,florida
US,Florida,Sarasota,sarasota,florida
US,Florida,Satellite Beach,satellite beach,florida
US,Florida,Sea Ranch Lakes,sea ranch lakes,florida
US,Florida,Sebastian,sebastian,florida
US,Florida,Sebring,sebring,florida
US,Florida,Seffner,seffner,florida
US,Florida,Seminole,seminole,florida
US,Florida,Sewalls Point,sewalls point,florida
US,Florida,Shalimar,shalimar,florida
US,Florida,Silver Springs,silver springs,florida
US,Florida,Sorrento,sorrento,florida
US,Florida,South Miami,south miami,florida
US,Florida,South Pasadena,south pasadena,florida
US,Florida,Southport,southport,florida
US,Florida,Southwest Ranches,southwest ranches,florida
US,Florida,Spring Hill,spring hill,florida
US,Florida,St Augustine,st augustine,florida
US,Florida,St Augustine Beach,st augustine beach,florida
US,Florida,St Cloud,st cloud,florida
US,Florida,St Johns,st johns,florida
US,Florida,St Pete Beach,st pete beach,florida
US,Florida,St Petersburg,st petersburg,florida
US,Florida,St. Augustine,st. augustine,florida
US,Florida,St. Johns,st. johns,florida
US,Florida,St. Petersburg,st. petersburg,florida
US,Florida,St.Petersburg,st.petersburg,florida
US,Florida,Stuart,stuart,florida
US,Florida,Sugarloaf Key,sugarloaf key,florida
US,Florida,Summerfield,summerfield,florida
US,Florida,Summerland Key,summerland key,florida
US,Florida,Sun City Center,sun city center,florida
US,Florida,Sunny Isles Beach,sunny isles beach,florida
US,Florida,Sunrise,sunrise,florida
US,Florida,Surfside,surfside,florida
US,Florida,Tallahassee,tallahassee,florida
US,Florida,Tamarac,tamarac,florida
US,Florida,Tampa,tampa,florida
US,Florida,Tarpon Springs,tarpon springs,florida
US,Florida,Tavares,tavares,florida
US,Florida,Tavernier,tavernier,florida
US,Florida,Temple Terrace,temple terrace,florida
US,Florida,Tequesta,tequesta,florida
US,Florida,The Villages,the villages,florida
US,Florida,Thonotosassa,thonotosassa,florida
US,Florida,Tierra Verde,tierra verde,florida
US,Florida,Titusville,titusville,florida
US,Florida,"Titusville,","titusville,",florida
US,Florida,Treasure Island,treasure island,florida
US,Florida,Trinity,trinity,florida
US,Florida,Umatilla,umatilla,florida
US,Florida,University Park,university park,florida
US,Florida,Valrico,valrico,florida
US,Florida,Venice,venice,florida
US,Florida,Vero Beach,vero beach,florida
US,Florida,Viera,viera,florida
US,Florida,Village Of Palmetto Bay,village of palmetto bay,florida
US,Florida,W. Melbourne,w. melbourne,florida
US,Florida,Watersound,watersound,florida
US,Florida,Wauchula,wauchula,florida
US,Florida,Webster,webster,florida
US,Florida,Wellington,wellington,florida
US,Florida,Wesley Chapel,wesley chapel,florida
US,Florida,West Melbourne,west melbourne,florida
US,Florida,West Palm Bch,west palm bch,florida
US,Florida,West Palm Beach,west palm beach,florida
US,Florida,West Park,west park,florida
US,Florida,Westlake,westlake,florida
US,Florida,Weston,weston,florida
US,Florida,White,white,florida
US,Florida,Wildlight,wildlight,florida
US,Florida,Wildwood,wildwood,florida
US,Florida,Wilton Manors,wilton manors,florida
US,Florida,Wimauma,wimauma,florida
US,Florida,Windermere,windermere,florida
US,Florida,Winter Garden,winter garden,florida
US,Florida,Winter Haven,winter haven,florida
US,Florida,Winter Park,winter park,florida
US,Florida,Winter Springs,winter springs,florida
US,Florida,Winterhaven,winterhaven,florida
US,Florida,"Youngstown,","youngstown,",florida
US,Florida,Yulee,yulee,florida
US,Florida,Zolfo Springs,zolfo springs,florida
US,Georgia,Acworth,acworth,georgia
US,Georgia,Adairsville,adairsville,georgia
US,Georgia,Adel,adel,georgia
US,Georgia,Albany,albany,georgia
US,Georgia,Alpharetta,alpharetta,georgia
US,Georgia,Alto,alto,georgia
US,Georgia,Americus,americus,georgia
US,Georgia,Appling,appling,georgia
US,Georgia,Aragon,aragon,georgia
US,Georgia,Armuchee,armuchee,georgia
US,Georgia,Ashburn,ashburn,georgia
US,Georgia,Athens,athens,georgia
US,Georgia,Atlanta,atlanta,georgia
US,Georgia,"Atlanta,","atlanta,",georgia
US,Georgia,Auburn,auburn,georgia
US,Georgia,Augusta,augusta,georgia
US,Georgia,Austell,austell,georgia
US,Georgia,Avondale Estates,avondale estates,georgia
US,Georgia,Baconton,baconton,georgia
US,Georgia,Ball Ground,ball ground,georgia
US,Georgia,Berkeley Lake,berkeley lake,georgia
US,Georgia,Bethlehem,bethlehem,georgia
US,Georgia,Big Canoe,big canoe,georgia
US,Georgia,Bishop,bishop,georgia
US,Georgia,Blairsville,blairsville,georgia
US,Georgia,Bloomingdale,bloomingdale,georgia
US,Georgia,Blue Ridge,blue ridge,georgia
US,Georgia,Bogart,bogart,georgia
US,Georgia,Bonaire,bonaire,georgia
US,Georgia,Bowdon,bowdon,georgia
US,Georgia,Bowersville,bowersville,georgia
US,Georgia,Bowman,bowman,georgia
US,Georgia,Braselton,braselton,georgia
US,Georgia,Bremen,bremen,georgia
US,Georgia,Brinson,brinson,georgia
US,Georgia,Brookhaven,brookhaven,georgia
US,Georgia,Brooklet,brooklet,georgia
US,Georgia,Brooks,brooks,georgia
US,Georgia,Brunswick,brunswick,georgia
US,Georgia,Buford,buford,georgia
US,Georgia,Byron,byron,georgia
US,Georgia,Cairo,cairo,georgia
US,Georgia,Calhoun,calhoun,georgia
US,Georgia,Canton,canton,georgia
US,Georgia,Carrollton,carrollton,georgia
US,Georgia,Cartersville,cartersville,georgia
US,Georgia,Cataula,cataula,georgia
US,Georgia,Cedartown,cedartown,georgia
US,Georgia,Centerville,centerville,georgia
US,Georgia,Chatsworth,chatsworth,georgia
US,Georgia,Chattahoochee Hills,chattahoochee hills,georgia
US,Georgia,Clarkesville,clarkesville,georgia
US,Georgia,Clayton,clayton,georgia
US,Georgia,Clermont,clermont,georgia
US,Georgia,Cleveland,cleveland,georgia
US,Georgia,College Park,college park,georgia
US,Georgia,Collins,collins,georgia
US,Georgia,Columbia,columbia,georgia
US,Georgia,Columbus,columbus,georgia
US,Georgia,Commerce,commerce,georgia
US,Georgia,Conyers,conyers,georgia
US,Georgia,Cordele,cordele,georgia
US,Georgia,Covington,covington,georgia
US,Georgia,Cumming,cumming,georgia
US,Georgia,Dacula,dacula,georgia
US,Georgia,Dahlonega,dahlonega,georgia
US,Georgia,Daisy,daisy,georgia
US,Georgia,Dallas,dallas,georgia
US,Georgia,Dalton,dalton,georgia
US,Georgia,Danielsville,danielsville,georgia
US,Georgia,Dawsonville,dawsonville,georgia
US,Georgia,Decatur,decatur,georgia
US,Georgia,Donalsonville,donalsonville,georgia
US,Georgia,Douglas,douglas,georgia
US,Georgia,Douglasville,douglasville,georgia
US,Georgia,Dublin,dublin,georgia
US,Georgia,Duluth,duluth,georgia
US,Georgia,Dunwoody,dunwoody,georgia
US,Georgia,East Dublin,east dublin,georgia
US,Georgia,Eastman,eastman,georgia
US,Georgia,Eatonton,eatonton,georgia
US,Georgia,Ellerslie,ellerslie,georgia
US,Georgia,Ellijay,ellijay,georgia
US,Georgia,Evans,evans,georgia
US,Georgia,Fairburn,fairburn,georgia
US,Georgia,Fairmount,fairmount,georgia
US,Georgia,Fayetteville,fayetteville,georgia
US,Georgia,Fleming,fleming,georgia
US,Georgia,Flintstone,flintstone,georgia
US,Georgia,Flowery Branch,flowery branch,georgia
US,Georgia,Forsyth,forsyth,georgia
US,Georgia,Fort Oglethorpe,fort oglethorpe,georgia
US,Georgia,Fort Stewart,fort stewart,georgia
US,Georgia,Fort Valley,fort valley,georgia
US,Georgia,Franklin,franklin,georgia
US,Georgia,Gainesville,gainesville,georgia
US,Georgia,Gainsville,gainsville,georgia
US,Georgia,Garden City,garden city,georgia
US,Georgia,Glennville,glennville,georgia
US,Georgia,Gordon,gordon,georgia
US,Georgia,Gray,gray,georgia
US,Georgia,Grayson,grayson,georgia
US,Georgia,Greensboro,greensboro,georgia
US,Georgia,Griffin,griffin,georgia
US,Georgia,Grovetown,grovetown,georgia
US,Georgia,Guyton,guyton,georgia
US,Georgia,Hahira,hahira,georgia
US,Georgia,Hamilton,hamilton,georgia
US,Georgia,Hampton,hampton,georgia
US,Georgia,Hapeville,hapeville,georgia
US,Georgia,Harlem,harlem,georgia
US,Georgia,Hartwell,hartwell,georgia
US,Georgia,Hawkinsville,hawkinsville,georgia
US,Georgia,Hephzibah,hephzibah,georgia
US,Georgia,Hiawassee,hiawassee,georgia
US,Georgia,Hinesville,hinesville,georgia
US,Georgia,Hiram,hiram,georgia
US,Georgia,Holly Springs,holly springs,georgia
US,Georgia,Homer,homer,georgia
US,Georgia,Hortense,hortense,georgia
US,Georgia,Hoschton,hoschton,georgia
US,Georgia,Jackson,jackson,georgia
US,Georgia,Jasper,jasper,georgia
US,Georgia,Jefferson,jefferson,georgia
US,Georgia,Jekyll Island,jekyll island,georgia
US,Georgia,Jesup,jesup,georgia
US,Georgia,Johns Creek,johns creek,georgia
US,Georgia,Jonesboro,jonesboro,georgia
US,Georgia,Kathleen,kathleen,georgia
US,Georgia,Kennesaw,kennesaw,georgia
US,Georgia,Kingsland,kingsland,georgia
US,Georgia,Kingston,kingston,georgia
US,Georgia,La Fayette,la fayette,georgia
US,Georgia,Lagrange,lagrange,georgia
US,Georgia,Lake Park,lake park,georgia
US,Georgia,Lakemont,lakemont,georgia
US,Georgia,Lavonia,lavonia,georgia
US,Georgia,Lawerenceville,lawerenceville,georgia
US,Georgia,Lawrenceville,lawrenceville,georgia
US,Georgia,Leesburg,leesburg,georgia
US,Georgia,Lilburn,lilburn,georgia
US,Georgia,Lincolnton,lincolnton,georgia
US,Georgia,Lithia Springs,lithia springs,georgia
US,Georgia,Lithonia,lithonia,georgia
US,Georgia,Locust Grove,locust grove,georgia
US,Georgia,Loganville,loganville,georgia
US,Georgia,Lula,lula,georgia
US,Georgia,Mableton,mableton,georgia
US,Georgia,Macon,macon,georgia
US,Georgia,Madison,madison,georgia
US,Georgia,Mansfield,mansfield,georgia
US,Georgia,Marietta,marietta,georgia
US,Georgia,Marshallville,marshallville,georgia
US,Georgia,Martinez,martinez,georgia
US,Georgia,Mcdonough,mcdonough,georgia
US,Georgia,Metter,metter,georgia
US,Georgia,Midland,midland,georgia
US,Georgia,Midway,midway,georgia
US,Georgia,Milledgeville,milledgeville,georgia
US,Georgia,Milner,milner,georgia
US,Georgia,Milton,milton,georgia
US,Georgia,Monroe,monroe,georgia
US,Georgia,Mount Berry,mount berry,georgia
US,Georgia,Murrayville,murrayville,georgia
US,Georgia,Nashville,nashville,georgia
US,Georgia,Newnan,newnan,georgia
US,Georgia,Norcross,norcross,georgia
US,Georgia,Oakwood,oakwood,georgia
US,Georgia,Odum,odum,georgia
US,Georgia,Palmetto,palmetto,georgia
US,Georgia,Peachtree City,peachtree city,georgia
US,Georgia,Peachtree Corners,peachtree corners,georgia
US,Georgia,Pembroke,pembroke,georgia
US,Georgia,Perry,perry,georgia
US,Georgia,Pine Mountain Valley,pine mountain valley,georgia
US,Georgia,Pooler,pooler,georgia
US,Georgia,Port Wentworth,port wentworth,georgia
US,Georgia,Portal,portal,georgia
US,Georgia,Powder Springs,powder springs,georgia
US,Georgia,Quitman,quitman,georgia
US,Georgia,Ranger,ranger,georgia
US,Georgia,Rebecca,rebecca,georgia
US,Georgia,Rex,rex,georgia
US,Georgia,Richmond Hill,richmond hill,georgia
US,Georgia,Rincon,rincon,georgia
US,Georgia,Ringgold,ringgold,georgia
US,Georgia,Rock Spring,rock spring,georgia
US,Georgia,Rocky Face,rocky face,georgia
US,Georgia,Rome,rome,georgia
US,Georgia,Roopville,roopville,georgia
US,Georgia,Rossville,rossville,georgia
US,Georgia,Roswell,roswell,georgia
US,Georgia,Rutledge,rutledge,georgia
US,Georgia,Saint Marys,saint marys,georgia
US,Georgia,Saint Simons Island,saint simons island,georgia
US,Georgia,Sandy Springs,sandy springs,georgia
US,Georgia,Savannah,savannah,georgia
US,Georgia,Sea Island,sea island,georgia
US,Georgia,Senoia,senoia,georgia
US,Georgia,Sharpsburg,sharpsburg,georgia
US,Georgia,Silver Creek,silver creek,georgia
US,Georgia,Smyrna,smyrna,georgia
US,Georgia,Snellville,snellville,georgia
US,Georgia,Social Circle,social circle,georgia
US,Georgia,St Marys,st marys,georgia
US,Georgia,St Simons,st simons,georgia
US,Georgia,St Simons Island,st simons island,georgia
US,Georgia,St. Simons Island,st. simons island,georgia
US,Georgia,Statesboro,statesboro,georgia
US,Georgia,Statham,statham,georgia
US,Georgia,Stockbridge,stockbridge,georgia
US,Georgia,Stone Mountain,stone mountain,georgia
US,Georgia,Stonecrest,stonecrest,georgia
US,Georgia,Sugar Hill,sugar hill,georgia
US,Georgia,Summerville,summerville,georgia
US,Georgia,Suwanee,suwanee,georgia
US,Georgia,Swainsboro,swainsboro,georgia
US,Georgia,Sylvester,sylvester,georgia
US,Georgia,Talking Rock,talking rock,georgia
US,Georgia,Tallapoosa,tallapoosa,georgia
US,Georgia,Thomaston,thomaston,georgia
US,Georgia,Thomasville,thomasville,georgia
US,Georgia,Thomson,thomson,georgia
US,Georgia,Thunderbolt,thunderbolt,georgia
US,Georgia,Tifton,tifton,georgia
US,Georgia,Tiger,tiger,georgia
US,Georgia,Toccoa,toccoa,georgia
US,Georgia,Townsend,townsend,georgia
US,Georgia,Trenton,trenton,georgia
US,Georgia,Tucker,tucker,georgia
US,Georgia,Tybee Island,tybee island,georgia
US,Georgia,Tyrone,tyrone,georgia
US,Georgia,Union City,union city,georgia
US,Georgia,Uvalda,uvalda,georgia
US,Georgia,Valdosta,valdosta,georgia
US,Georgia,Villa Rica,villa rica,georgia
US,Georgia,Warner Robins,warner robins,georgia
US,Georgia,Watkinsville,watkinsville,georgia
US,Georgia,Waycross,waycross,georgia
US,Georgia,Waynesboro,waynesboro,georgia
US,Georgia,West Point,west point,georgia
US,Georgia,White,white,georgia
US,Georgia,White Oak,white oak,georgia
US,Georgia,White Plains,white plains,georgia
US,Georgia,Willacoochee,willacoochee,georgia
US,Georgia,Winston,winston,georgia
US,Georgia,Winterville,winterville,georgia
US,Georgia,Woodbine,woodbine,georgia
US,Georgia,Woodstock,woodstock,georgia
US,Georgia,Young Harris,young harris,georgia
US,Hawaii,Aiea,aiea,hawaii
US,Hawaii,East Honolulu,east honolulu,hawaii
US,Hawaii,Eleele,eleele,hawaii
US,Hawaii,Ewa Beach,ewa beach,hawaii
US,Hawaii,Haiku,haiku,hawaii
US,Hawaii,Haleiwa,haleiwa,hawaii
US,Hawaii,Hanalei,hanalei,hawaii
US,Hawaii,Hawi,hawi,hawaii
US,Hawaii,Hilo,hilo,hawaii
US,Hawaii,Honokaa,honokaa,hawaii
US,Hawaii,Honolulu,honolulu,hawaii
US,Hawaii,Honolulul,honolulul,hawaii
US,Hawaii,Kahului,kahului,hawaii
US,Hawaii,Kailua,kailua,hawaii
US,Hawaii,Kailua Kona,kailua kona,hawaii
US,Hawaii,Kailua-Kona,kailua-kona,hawaii
US,Hawaii,Kalaheo,kalaheo,hawaii
US,Hawaii,Kaneohe,kaneohe,hawaii
US,Hawaii,Kapaa,kapaa,hawaii
US,Hawaii,Kapolei,kapolei,hawaii
US,Hawaii,Keaau,keaau,hawaii
US,Hawaii,Kealakekua,kealakekua,hawaii
US,Hawaii,Kihei,kihei,hawaii
US,Hawaii,Kilauea,kilauea,hawaii
US,Hawaii,Koloa,koloa,hawaii
US,Hawaii,Lahaina,lahaina,hawaii
US,Hawaii,Laupahoehoe,laupahoehoe,hawaii
US,Hawaii,Lihue,lihue,hawaii
US,Hawaii,Makawao,makawao,hawaii
US,Hawaii,Mililani,mililani,hawaii
US,Hawaii,Pahoa,pahoa,hawaii
US,Hawaii,Paia,paia,hawaii
US,Hawaii,Pearl City,pearl city,hawaii
US,Hawaii,Wahiawa,wahiawa,hawaii
US,Hawaii,Waialua,waialua,hawaii
US,Hawaii,Waikoloa,waikoloa,hawaii
US,Hawaii,Wailuku,wailuku,hawaii
US,Hawaii,Waimea,waimea,hawaii
US,Hawaii,Waipahu,waipahu,hawaii
US,Idaho,American Falls,american falls,idaho
US,Idaho,Ammon,ammon,idaho
US,Idaho,Blackfoot,blackfoot,idaho
US,Idaho,Boise,boise,idaho
US,Idaho,Bonners Ferry,bonners ferry,idaho
US,Idaho,Buhl,buhl,idaho
US,Idaho,Burley,burley,idaho
US,Idaho,Caldwell,caldwell,idaho
US,Idaho,Coeur D Alene,coeur d alene,idaho
US,Idaho,Coeur D'Alene,coeur d'alene,idaho
US,Idaho,Dalton Gardens,dalton gardens,idaho
US,Idaho,Eagle,eagle,idaho
US,Idaho,Filer,filer,idaho
US,Idaho,Garden City,garden city,idaho
US,Idaho,Garden Valley,garden valley,idaho
US,Idaho,Glenns Ferry,glenns ferry,idaho
US,Idaho,Hailey,hailey,idaho
US,Idaho,Harrison,harrison,idaho
US,Idaho,Hayden,hayden,idaho
US,Idaho,Idaho Falls,idaho falls,idaho
US,Idaho,Kellogg,kellogg,idaho
US,Idaho,Ketchum,ketchum,idaho
US,Idaho,Kuna,kuna,idaho
US,Idaho,Lewiston,lewiston,idaho
US,Idaho,Mccall,mccall,idaho
US,Idaho,Meridian,meridian,idaho
US,Idaho,"Meridian,","meridian,",idaho
US,Idaho,Middleton,middleton,idaho
US,Idaho,Moscow,moscow,idaho
US,Idaho,Nampa,nampa,idaho
US,Idaho,New Plymouth,new plymouth,idaho
US,Idaho,Oldtown,oldtown,idaho
US,Idaho,Osburn,osburn,idaho
US,Idaho,Parma,parma,idaho
US,Idaho,Pocatello,pocatello,idaho
US,Idaho,Post Falls,post falls,idaho
US,Idaho,Preston,preston,idaho
US,Idaho,Priest River,priest river,idaho
US,Idaho,Princeton,princeton,idaho
US,Idaho,Rathdrum,rathdrum,idaho
US,Idaho,Rexburg,rexburg,idaho
US,Idaho,Rigby,rigby,idaho
US,Idaho,Sagle,sagle,idaho
US,Idaho,Saint Anthony,saint anthony,idaho
US,Idaho,Sandpoint,sandpoint,idaho
US,Idaho,Shelley,shelley,idaho
US,Idaho,St Maries,st maries,idaho
US,Idaho,Star,star,idaho
US,Idaho,Tendoy,tendoy,idaho
US,Idaho,Troy,troy,idaho
US,Idaho,Twin Falls,twin falls,idaho
US,Idaho,Victor,victor,idaho
US,Illinois,Algonquin,algonquin,illinois
US,Illinois,Allerton,allerton,illinois
US,Illinois,Alton,alton,illinois
US,Illinois,Anna,anna,illinois
US,Illinois,Antioch,antioch,illinois
US,Illinois,Arenzville,arenzville,illinois
US,Illinois,Arlington,arlington,illinois
US,Illinois,Arlington Heights,arlington heights,illinois
US,Illinois,Arlington Hts,arlington hts,illinois
US,Illinois,Arrowsmith,arrowsmith,illinois
US,Illinois,Ashmore,ashmore,illinois
US,Illinois,Atkinson,atkinson,illinois
US,Illinois,Auburn,auburn,illinois
US,Illinois,Aurora,aurora,illinois
US,Illinois,Baileyville,baileyville,illinois
US,Illinois,Barrington,barrington,illinois
US,Illinois,Barry,barry,illinois
US,Illinois,Bartlett,bartlett,illinois
US,Illinois,Batavia,batavia,illinois
US,Illinois,Bath,bath,illinois
US,Illinois,Beach Park,beach park,illinois
US,Illinois,Belleville,belleville,illinois
US,Illinois,Bellwood,bellwood,illinois
US,Illinois,Berkeley,berkeley,illinois
US,Illinois,Berwyn,berwyn,illinois
US,Illinois,Bethalto,bethalto,illinois
US,Illinois,Bloomingdale,bloomingdale,illinois
US,Illinois,Bloomington,bloomington,illinois
US,Illinois,Blue Island,blue island,illinois
US,Illinois,Bolingbrook,bolingbrook,illinois
US,Illinois,Braidwood,braidwood,illinois
US,Illinois,Breese,breese,illinois
US,Illinois,Bridgeview,bridgeview,illinois
US,Illinois,Brighton,brighton,illinois
US,Illinois,Brookfield,brookfield,illinois
US,Illinois,Buffalo Grove,buffalo grove,illinois
US,Illinois,Bunker Hill,bunker hill,illinois
US,Illinois,Burr Ridge,burr ridge,illinois
US,Illinois,Caledonia,caledonia,illinois
US,Illinois,Cantrall,cantrall,illinois
US,Illinois,Carbon Hill,carbon hill,illinois
US,Illinois,Carbondale,carbondale,illinois
US,Illinois,Carol Stream,carol stream,illinois
US,Illinois,Carterville,carterville,illinois
US,Illinois,Cary,cary,illinois
US,Illinois,Caseyville,caseyville,illinois
US,Illinois,Champaign,champaign,illinois
US,Illinois,Channahon,channahon,illinois
US,Illinois,Charleston,charleston,illinois
US,Illinois,Chatham,chatham,illinois
US,Illinois,Cherry Valley,cherry valley,illinois
US,Illinois,Chicago,chicago,illinois
US,Illinois,Chicago Heights,chicago heights,illinois
US,Illinois,Chicago Ridge,chicago ridge,illinois
US,Illinois,Chillicothe,chillicothe,illinois
US,Illinois,Chucago,chucago,illinois
US,Illinois,Cicero,cicero,illinois
US,Illinois,Cissna Park,cissna park,illinois
US,Illinois,Clarendon Hills,clarendon hills,illinois
US,Illinois,Clarendon Hls,clarendon hls,illinois
US,Illinois,Coal City,coal city,illinois
US,Illinois,Coal Valley,coal valley,illinois
US,Illinois,Columbia,columbia,illinois
US,Illinois,Congerville,congerville,illinois
US,Illinois,Country Club Hills,country club hills,illinois
US,Illinois,Crestwood,crestwood,illinois
US,Illinois,Crete,crete,illinois
US,Illinois,Crystal Lake,crystal lake,illinois
US,Illinois,Dalzell,dalzell,illinois
US,Illinois,Danville,danville,illinois
US,Illinois,Darien,darien,illinois
US,Illinois,Davis,davis,illinois
US,Illinois,Decatur,decatur,illinois
US,Illinois,Deer Park,deer park,illinois
US,Illinois,Deerfield,deerfield,illinois
US,Illinois,Dekalb,dekalb,illinois
US,Illinois,Delavan,delavan,illinois
US,Illinois,Des Plaines,des plaines,illinois
US,Illinois,Dixon,dixon,illinois
US,Illinois,Dolton,dolton,illinois
US,Illinois,Downers Grove,downers grove,illinois
US,Illinois,Dunlap,dunlap,illinois
US,Illinois,East Moline,east moline,illinois
US,Illinois,East Peoria,east peoria,illinois
US,Illinois,East St. Louis,east st. louis,illinois
US,Illinois,Edgewood,edgewood,illinois
US,Illinois,Edwards,edwards,illinois
US,Illinois,Edwardsville,edwardsville,illinois
US,Illinois,Effingham,effingham,illinois
US,Illinois,Elburn,elburn,illinois
US,Illinois,Elgin,elgin,illinois
US,Illinois,Elk Grove Village,elk grove village,illinois
US,Illinois,Elmhurst,elmhurst,illinois
US,Illinois,Elmwood Park,elmwood park,illinois
US,Illinois,Elwood,elwood,illinois
US,Illinois,Energy,energy,illinois
US,Illinois,Evanston,evanston,illinois
US,Illinois,Evergreen Park,evergreen park,illinois
US,Illinois,Fairview Heights,fairview heights,illinois
US,Illinois,Fisher,fisher,illinois
US,Illinois,Flossmoor,flossmoor,illinois
US,Illinois,Forest Park,forest park,illinois
US,Illinois,Forsyth,forsyth,illinois
US,Illinois,Frankfort,frankfort,illinois
US,Illinois,Freeburg,freeburg,illinois
US,Illinois,Freeport,freeport,illinois
US,Illinois,Fults,fults,illinois
US,Illinois,Galena,galena,illinois
US,Illinois,Geneva,geneva,illinois
US,Illinois,Gilberts,gilberts,illinois
US,Illinois,Girard,girard,illinois
US,Illinois,Glen Carbon,glen carbon,illinois
US,Illinois,Glen Ellyn,glen ellyn,illinois
US,Illinois,Glencoe,glencoe,illinois
US,Illinois,Glendale Heights,glendale heights,illinois
US,Illinois,Glenview,glenview,illinois
US,Illinois,Glenwood,glenwood,illinois
US,Illinois,Godfrey,godfrey,illinois
US,Illinois,Goodfield,goodfield,illinois
US,Illinois,Grand Ridge,grand ridge,illinois
US,Illinois,Granite City,granite city,illinois
US,Illinois,Grayslake,grayslake,illinois
US,Illinois,Gridley,gridley,illinois
US,Illinois,Griggsville,griggsville,illinois
US,Illinois,Gurnee,gurnee,illinois
US,Illinois,Hamilton,hamilton,illinois
US,Illinois,Hampshire,hampshire,illinois
US,Illinois,Hanover,hanover,illinois
US,Illinois,Harrisburg,harrisburg,illinois
US,Illinois,Harwood Heights,harwood heights,illinois
US,Illinois,Hawthorn Woods,hawthorn woods,illinois
US,Illinois,Herrin,herrin,illinois
US,Illinois,Hickory Hills,hickory hills,illinois
US,Illinois,Highland,highland,illinois
US,Illinois,Highland Park,highland park,illinois
US,Illinois,Hinckley,hinckley,illinois
US,Illinois,Hinsdale,hinsdale,illinois
US,Illinois,Hoffman Estates,hoffman estates,illinois
US,Illinois,Homer Glen,homer glen,illinois
US,Illinois,Homewood,homewood,illinois
US,Illinois,Huntley,huntley,illinois
US,Illinois,Indian Head Park,indian head park,illinois
US,Illinois,Ingleside,ingleside,illinois
US,Illinois,Inverness,inverness,illinois
US,Illinois,Island Lake,island lake,illinois
US,Illinois,Itasca,itasca,illinois
US,Illinois,Jacksonville,jacksonville,illinois
US,Illinois,Jerseyville,jerseyville,illinois
US,Illinois,Johnston City,johnston city,illinois
US,Illinois,Joliet,joliet,illinois
US,Illinois,Kankakee,kankakee,illinois
US,Illinois,Kenilworth,kenilworth,illinois
US,Illinois,Knoxville,knoxville,illinois
US,Illinois,La Grange,la grange,illinois
US,Illinois,La Grange Park,la grange park,illinois
US,Illinois,Lagrange,lagrange,illinois
US,Illinois,Lake Barrington,lake barrington,illinois
US,Illinois,Lake Bluff,lake bluff,illinois
US,Illinois,Lake Forest,lake forest,illinois
US,Illinois,Lake In The Hills,lake in the hills,illinois
US,Illinois,Lake Villa,lake villa,illinois
US,Illinois,Lake Zurich,lake zurich,illinois
US,Illinois,Lakemoor,lakemoor,illinois
US,Illinois,Lakewood,lakewood,illinois
US,Illinois,Lansing,lansing,illinois
US,Illinois,Lawrenceville,lawrenceville,illinois
US,Illinois,Lebanon,lebanon,illinois
US,Illinois,Lemont,lemont,illinois
US,Illinois,Libertyville,libertyville,illinois
US,Illinois,Lincolnshire,lincolnshire,illinois
US,Illinois,Lincolnwood,lincolnwood,illinois
US,Illinois,Lindenhurst,lindenhurst,illinois
US,Illinois,Lindenwood,lindenwood,illinois
US,Illinois,Lisle,lisle,illinois
US,Illinois,Lockport,lockport,illinois
US,Illinois,Lombard,lombard,illinois
US,Illinois,Long Grove,long grove,illinois
US,Illinois,Loves Park,loves park,illinois
US,Illinois,Lynwood,lynwood,illinois
US,Illinois,Machesney Park,machesney park,illinois
US,Illinois,Mahomet,mahomet,illinois
US,Illinois,Manito,manito,illinois
US,Illinois,Mansfield,mansfield,illinois
US,Illinois,Manteno,manteno,illinois
US,Illinois,Marengo,marengo,illinois
US,Illinois,Marion,marion,illinois
US,Illinois,Maryville,maryville,illinois
US,Illinois,Mascoutah,mascoutah,illinois
US,Illinois,Matteson,matteson,illinois
US,Illinois,Mattoon,mattoon,illinois
US,Illinois,Mchenry,mchenry,illinois
US,Illinois,Medora,medora,illinois
US,Illinois,Melrose Park,melrose park,illinois
US,Illinois,Mendota,mendota,illinois
US,Illinois,Mettawa,mettawa,illinois
US,Illinois,Midlothian,midlothian,illinois
US,Illinois,Milan,milan,illinois
US,Illinois,Milford,milford,illinois
US,Illinois,Minooka,minooka,illinois
US,Illinois,Mokena,mokena,illinois
US,Illinois,Moline,moline,illinois
US,Illinois,Monroe Center,monroe center,illinois
US,Illinois,Montgomery,montgomery,illinois
US,Illinois,Moro,moro,illinois
US,Illinois,Morris,morris,illinois
US,Illinois,Morton,morton,illinois
US,Illinois,Morton Grove,morton grove,illinois
US,Illinois,Mount Prospect,mount prospect,illinois
US,Illinois,Mount Vernon,mount vernon,illinois
US,Illinois,Mount Zion,mount zion,illinois
US,Illinois,Mt Zion,mt zion,illinois
US,Illinois,Mundelein,mundelein,illinois
US,Illinois,Murphysboro,murphysboro,illinois
US,Illinois,N Riverside,n riverside,illinois
US,Illinois,Naperville,naperville,illinois
US,Illinois,Nashville,nashville,illinois
US,Illinois,New Lenox,new lenox,illinois
US,Illinois,Newark,newark,illinois
US,Illinois,Niles,niles,illinois
US,Illinois,Noble,noble,illinois
US,Illinois,Normal,normal,illinois
US,Illinois,North Aurora,north aurora,illinois
US,Illinois,North Barrington,north barrington,illinois
US,Illinois,North Chicago,north chicago,illinois
US,Illinois,North Riverside,north riverside,illinois
US,Illinois,Northbrook,northbrook,illinois
US,Illinois,Northfield,northfield,illinois
US,Illinois,O Fallon,o fallon,illinois
US,Illinois,O'Fallon,o'fallon,illinois
US,Illinois,Oak Brook,oak brook,illinois
US,Illinois,Oak Forest,oak forest,illinois
US,Illinois,Oak Lawn,oak lawn,illinois
US,Illinois,Oak Park,oak park,illinois
US,Illinois,Oakbrook Terrace,oakbrook terrace,illinois
US,Illinois,Oakwood,oakwood,illinois
US,Illinois,Odin,odin,illinois
US,Illinois,Ofallon,ofallon,illinois
US,Illinois,Olney,olney,illinois
US,Illinois,Orion,orion,illinois
US,Illinois,Orland Hills,orland hills,illinois
US,Illinois,Orland Park,orland park,illinois
US,Illinois,Oswego,oswego,illinois
US,Illinois,Ottawa,ottawa,illinois
US,Illinois,Palatine,palatine,illinois
US,Illinois,Palos Heights,palos heights,illinois
US,Illinois,Palos Hills,palos hills,illinois
US,Illinois,Palos Park,palos park,illinois
US,Illinois,"Palos Park,","palos park,",illinois
US,Illinois,Park City,park city,illinois
US,Illinois,Park Ridge,park ridge,illinois
US,Illinois,Park Ridhge,park ridhge,illinois
US,Illinois,Paxton,paxton,illinois
US,Illinois,Pekin,pekin,illinois
US,Illinois,Peoria,peoria,illinois
US,Illinois,Peoria Heights,peoria heights,illinois
US,Illinois,Peotone,peotone,illinois
US,Illinois,Philo,philo,illinois
US,Illinois,Plainfield,plainfield,illinois
US,Illinois,Port Byron,port byron,illinois
US,Illinois,Prospect Heights,prospect heights,illinois
US,Illinois,Putnam,putnam,illinois
US,Illinois,Quincy,quincy,illinois
US,Illinois,Rantoul,rantoul,illinois
US,Illinois,Richton Park,richton park,illinois
US,Illinois,River Forest,river forest,illinois
US,Illinois,River Grove,river grove,illinois
US,Illinois,Riverside,riverside,illinois
US,Illinois,Riverton,riverton,illinois
US,Illinois,Riverwoods,riverwoods,illinois
US,Illinois,Roanoke,roanoke,illinois
US,Illinois,Robinson,robinson,illinois
US,Illinois,Rochelle,rochelle,illinois
US,Illinois,Rochester,rochester,illinois
US,Illinois,Rock Falls,rock falls,illinois
US,Illinois,Rock Island,rock island,illinois
US,Illinois,Rockford,rockford,illinois
US,Illinois,Rockton,rockton,illinois
US,Illinois,Rolling Meadows,rolling meadows,illinois
US,Illinois,Romeoville,romeoville,illinois
US,Illinois,Roscoe,roscoe,illinois
US,Illinois,Roselle,roselle,illinois
US,Illinois,Rosemont,rosemont,illinois
US,Illinois,Round Lake,round lake,illinois
US,Illinois,Round Lake Beach,round lake beach,illinois
US,Illinois,Round Lake Heights,round lake heights,illinois
US,Illinois,Saint Charles,saint charles,illinois
US,Illinois,Saint Joseph,saint joseph,illinois
US,Illinois,San Jose,san jose,illinois
US,Illinois,Saunemin,saunemin,illinois
US,Illinois,Savoy,savoy,illinois
US,Illinois,Schaumburg,schaumburg,illinois
US,Illinois,Schiller Park,schiller park,illinois
US,Illinois,Scott Afb,scott afb,illinois
US,Illinois,Seneca,seneca,illinois
US,Illinois,Serena,serena,illinois
US,Illinois,Sherman,sherman,illinois
US,Illinois,Shiloh,shiloh,illinois
US,Illinois,Shorewood,shorewood,illinois
US,Illinois,Silvis,silvis,illinois
US,Illinois,Skokie,skokie,illinois
US,Illinois,Smithton,smithton,illinois
US,Illinois,South Barrington,south barrington,illinois
US,Illinois,South Elgin,south elgin,illinois
US,Illinois,South Holland,south holland,illinois
US,Illinois,Spring Grove,spring grove,illinois
US,Illinois,Springfield,springfield,illinois
US,Illinois,St Charles,st charles,illinois
US,Illinois,St. Charles,st. charles,illinois
US,Illinois,Staunton,staunton,illinois
US,Illinois,Sterling,sterling,illinois
US,Illinois,Stillman Valley,stillman valley,illinois
US,Illinois,Streamwood,streamwood,illinois
US,Illinois,Sugar Grove,sugar grove,illinois
US,Illinois,Sullivan,sullivan,illinois
US,Illinois,Sun River Terrace,sun river terrace,illinois
US,Illinois,Sycamore,sycamore,illinois
US,Illinois,Taylorville,taylorville,illinois
US,Illinois,Thebes,thebes,illinois
US,Illinois,Tinley Park,tinley park,illinois
US,Illinois,Tower Hill,tower hill,illinois
US,Illinois,Trenton,trenton,illinois
US,Illinois,Troy,troy,illinois
US,Illinois,Urbana,urbana,illinois
US,Illinois,Vernon Hills,vernon hills,illinois
US,Illinois,Villa Park,villa park,illinois
US,Illinois,Village Of Lakewood,village of lakewood,illinois
US,Illinois,Volo,volo,illinois
US,Illinois,Warrenville,warrenville,illinois
US,Illinois,Washburn,washburn,illinois
US,Illinois,Washington,washington,illinois
US,Illinois,Washingtron,washingtron,illinois
US,Illinois,Waterman,waterman,illinois
US,Illinois,Watseka,watseka,illinois
US,Illinois,Wauconda,wauconda,illinois
US,Illinois,Waukegan,waukegan,illinois
US,Illinois,Wayne,wayne,illinois
US,Illinois,West Chicago,west chicago,illinois
US,Illinois,West Dundee,west dundee,illinois
US,Illinois,West Peoria,west peoria,illinois
US,Illinois,Westchester,westchester,illinois
US,Illinois,Western Springs,western springs,illinois
US,Illinois,Westmont,westmont,illinois
US,Illinois,Wheaton,wheaton,illinois
US,Illinois,Wheeling,wheeling,illinois
US,Illinois,Willowbrook,willowbrook,illinois
US,Illinois,Wilmette,wilmette,illinois
US,Illinois,Wilmington,wilmington,illinois
US,Illinois,Windsor,windsor,illinois
US,Illinois,Winfield,winfield,illinois
US,Illinois,Winnetka,winnetka,illinois
US,Illinois,Woodridge,woodridge,illinois
US,Illinois,Woodstock,woodstock,illinois
US,Illinois,Worden,worden,illinois
US,Illinois,Worth,worth,illinois
US,Illinois,Yorkville,yorkville,illinois
US,Indiana,Anderson,anderson,indiana
US,Indiana,Angola,angola,indiana
US,Indiana,Arcadia,arcadia,indiana
US,Indiana,Auburn,auburn,indiana
US,Indiana,Avon,avon,indiana
US,Indiana,Bargersville,bargersville,indiana
US,Indiana,Batesville,batesville,indiana
US,Indiana,Battle Ground,battle ground,indiana
US,Indiana,Bedford,bedford,indiana
US,Indiana,Bicknell,bicknell,indiana
US,Indiana,Bloomfield,bloomfield,indiana
US,Indiana,Bloomington,bloomington,indiana
US,Indiana,Boonville,boonville,indiana
US,Indiana,Bremen,bremen,indiana
US,Indiana,Bristol,bristol,indiana
US,Indiana,Brownsburg,brownsburg,indiana
US,Indiana,Carmel,carmel,indiana
US,Indiana,Cedar Lake,cedar lake,indiana
US,Indiana,Chandler,chandler,indiana
US,Indiana,Charlestown,charlestown,indiana
US,Indiana,Chesterton,chesterton,indiana
US,Indiana,Churubusco,churubusco,indiana
US,Indiana,Cicero,cicero,indiana
US,Indiana,Clarksville,clarksville,indiana
US,Indiana,Clinton,clinton,indiana
US,Indiana,Columbia City,columbia city,indiana
US,Indiana,Columbus,columbus,indiana
US,Indiana,Corydon,corydon,indiana
US,Indiana,Crown Point,crown point,indiana
US,Indiana,Culver,culver,indiana
US,Indiana,Danville,danville,indiana
US,Indiana,Demotte,demotte,indiana
US,Indiana,Dillsboro,dillsboro,indiana
US,Indiana,Dubois,dubois,indiana
US,Indiana,Dugger,dugger,indiana
US,Indiana,Dune Acres,dune acres,indiana
US,Indiana,Dupont,dupont,indiana
US,Indiana,Dyer,dyer,indiana
US,Indiana,Edinburgh,edinburgh,indiana
US,Indiana,Elkhart,elkhart,indiana
US,Indiana,Ellettsville,ellettsville,indiana
US,Indiana,Elwood,elwood,indiana
US,Indiana,Evansville,evansville,indiana
US,Indiana,Fishers,fishers,indiana
US,Indiana,Fort Wayne,fort wayne,indiana
US,Indiana,Frankfort,frankfort,indiana
US,Indiana,Franklin,franklin,indiana
US,Indiana,Galveston,galveston,indiana
US,Indiana,Gaston,gaston,indiana
US,Indiana,Goshen,goshen,indiana
US,Indiana,Grandview,grandview,indiana
US,Indiana,Granger,granger,indiana
US,Indiana,Greencastle,greencastle,indiana
US,Indiana,Greenfield,greenfield,indiana
US,Indiana,Greensburg,greensburg,indiana
US,Indiana,Greenwood,greenwood,indiana
US,Indiana,Guilford,guilford,indiana
US,Indiana,Hammond,hammond,indiana
US,Indiana,Harlan,harlan,indiana
US,Indiana,Hartford City,hartford city,indiana
US,Indiana,Haubstadt,haubstadt,indiana
US,Indiana,Hebron,hebron,indiana
US,Indiana,Henryville,henryville,indiana
US,Indiana,Highland,highland,indiana
US,Indiana,Hoagland,hoagland,indiana
US,Indiana,Hobart,hobart,indiana
US,Indiana,Huntertown,huntertown,indiana
US,Indiana,Huntington,huntington,indiana
US,Indiana,Indianapolis,indianapolis,indiana
US,Indiana,Jasper,jasper,indiana
US,Indiana,Jeffersonville,jeffersonville,indiana
US,Indiana,Kendallville,kendallville,indiana
US,Indiana,Knox,knox,indiana
US,Indiana,Kokomo,kokomo,indiana
US,Indiana,La Fontaine,la fontaine,indiana
US,Indiana,La Porte,la porte,indiana
US,Indiana,Lafayette,lafayette,indiana
US,Indiana,Lake Village,lake village,indiana
US,Indiana,Lanesville,lanesville,indiana
US,Indiana,Lawrenceburg,lawrenceburg,indiana
US,Indiana,Leavenworth,leavenworth,indiana
US,Indiana,Lebanon,lebanon,indiana
US,Indiana,Ligonier,ligonier,indiana
US,Indiana,Linden,linden,indiana
US,Indiana,Lowell,lowell,indiana
US,Indiana,Madison,madison,indiana
US,Indiana,Marion,marion,indiana
US,Indiana,Markle,markle,indiana
US,Indiana,Markleville,markleville,indiana
US,Indiana,Martinsville,martinsville,indiana
US,Indiana,Mc Cordsville,mc cordsville,indiana
US,Indiana,Mccordsville,mccordsville,indiana
US,Indiana,Memphis,memphis,indiana
US,Indiana,Merrillville,merrillville,indiana
US,Indiana,Michigan City,michigan city,indiana
US,Indiana,Middlebury,middlebury,indiana
US,Indiana,Middletown,middletown,indiana
US,Indiana,Millersburg,millersburg,indiana
US,Indiana,Mishawaka,mishawaka,indiana
US,Indiana,Monon,monon,indiana
US,Indiana,Monroe City,monroe city,indiana
US,Indiana,Montpelier,montpelier,indiana
US,Indiana,Moores Hill,moores hill,indiana
US,Indiana,Mooresville,mooresville,indiana
US,Indiana,Morgantown,morgantown,indiana
US,Indiana,Mount Vernon,mount vernon,indiana
US,Indiana,Muncie,muncie,indiana
US,Indiana,Munster,munster,indiana
US,Indiana,Needham,needham,indiana
US,Indiana,New Albany,new albany,indiana
US,Indiana,New Castle,new castle,indiana
US,Indiana,New Harmony,new harmony,indiana
US,Indiana,New Haven,new haven,indiana
US,Indiana,New Palestine,new palestine,indiana
US,Indiana,Newburgh,newburgh,indiana
US,Indiana,Noblesville,noblesville,indiana
US,Indiana,North Manchester,north manchester,indiana
US,Indiana,North Webster,north webster,indiana
US,Indiana,Notre Dame,notre dame,indiana
US,Indiana,Osceola,osceola,indiana
US,Indiana,Ossian,ossian,indiana
US,Indiana,Palmyra,palmyra,indiana
US,Indiana,Pendleton,pendleton,indiana
US,Indiana,Peru,peru,indiana
US,Indiana,Petersburg,petersburg,indiana
US,Indiana,Pierceton,pierceton,indiana
US,Indiana,Plainfield,plainfield,indiana
US,Indiana,Plymouth,plymouth,indiana
US,Indiana,Poneto,poneto,indiana
US,Indiana,Portage,portage,indiana
US,Indiana,Porter,porter,indiana
US,Indiana,Princeton,princeton,indiana
US,Indiana,Richmond,richmond,indiana
US,Indiana,Rising Sun,rising sun,indiana
US,Indiana,Rochester,rochester,indiana
US,Indiana,Rockport,rockport,indiana
US,Indiana,Rome City,rome city,indiana
US,Indiana,Rossville,rossville,indiana
US,Indiana,Rushville,rushville,indiana
US,Indiana,Saint Anthony,saint anthony,indiana
US,Indiana,Saint John,saint john,indiana
US,Indiana,Saint Paul,saint paul,indiana
US,Indiana,Santa Claus,santa claus,indiana
US,Indiana,Schererville,schererville,indiana
US,Indiana,Sellersburg,sellersburg,indiana
US,Indiana,Selma,selma,indiana
US,Indiana,Shelbyville,shelbyville,indiana
US,Indiana,Sheridan,sheridan,indiana
US,Indiana,South Bend,south bend,indiana
US,Indiana,South Whitley,south whitley,indiana
US,Indiana,Spencerville,spencerville,indiana
US,Indiana,Springville,springville,indiana
US,Indiana,Swayzee,swayzee,indiana
US,Indiana,Terre Haute,terre haute,indiana
US,Indiana,Topeka,topeka,indiana
US,Indiana,Valparaiso,valparaiso,indiana
US,Indiana,Versailles,versailles,indiana
US,Indiana,Vincennes,vincennes,indiana
US,Indiana,Wakarusa,wakarusa,indiana
US,Indiana,Waldron,waldron,indiana
US,Indiana,Warsaw,warsaw,indiana
US,Indiana,Washington,washington,indiana
US,Indiana,West Lafayette,west lafayette,indiana
US,Indiana,Westfield,westfield,indiana
US,Indiana,Whitestown,whitestown,indiana
US,Indiana,Winfield,winfield,indiana
US,Indiana,Yorktown,yorktown,indiana
US,Indiana,Zionsville,zionsville,indiana
US,Iowa,Adel,adel,iowa
US,Iowa,Algona,algona,iowa
US,Iowa,Altoona,altoona,iowa
US,Iowa,Ames,ames,iowa
US,Iowa,Ankeny,ankeny,iowa
US,Iowa,Asbury,asbury,iowa
US,Iowa,Baxter,baxter,iowa
US,Iowa,Bellevue,bellevue,iowa
US,Iowa,Bettendorf,bettendorf,iowa
US,Iowa,Bloomfield,bloomfield,iowa
US,Iowa,Burlington,burlington,iowa
US,Iowa,Calamus,calamus,iowa
US,Iowa,Cedar Falls,cedar falls,iowa
US,Iowa,Cedar Rapids,cedar rapids,iowa
US,Iowa,Center Point,center point,iowa
US,Iowa,Clarinda,clarinda,iowa
US,Iowa,Clarion,clarion,iowa
US,Iowa,Clear Lake,clear lake,iowa
US,Iowa,Clermont,clermont,iowa
US,Iowa,Clive,clive,iowa
US,Iowa,Coralville,coralville,iowa
US,Iowa,Council Bluff,council bluff,iowa
US,Iowa,Council Bluffs,council bluffs,iowa
US,Iowa,Dallas Center,dallas center,iowa
US,Iowa,Davenport,davenport,iowa
US,Iowa,Decorah,decorah,iowa
US,Iowa,Denver,denver,iowa
US,Iowa,Des Moines,des moines,iowa
US,Iowa,Dike,dike,iowa
US,Iowa,Donnellson,donnellson,iowa
US,Iowa,Dubuque,dubuque,iowa
US,Iowa,Durant,durant,iowa
US,Iowa,Dyersville,dyersville,iowa
US,Iowa,Earlham,earlham,iowa
US,Iowa,Eldridge,eldridge,iowa
US,Iowa,Ely,ely,iowa
US,Iowa,Emmetsburg,emmetsburg,iowa
US,Iowa,Fairfield,fairfield,iowa
US,Iowa,Forest City,forest city,iowa
US,Iowa,Fort Dodge,fort dodge,iowa
US,Iowa,Fort Madison,fort madison,iowa
US,Iowa,Fremont,fremont,iowa
US,Iowa,Garwin,garwin,iowa
US,Iowa,Granville,granville,iowa
US,Iowa,Grimes,grimes,iowa
US,Iowa,Grinnell,grinnell,iowa
US,Iowa,Harlan,harlan,iowa
US,Iowa,Hiawatha,hiawatha,iowa
US,Iowa,Hinton,hinton,iowa
US,Iowa,Holstein,holstein,iowa
US,Iowa,Hospers,hospers,iowa
US,Iowa,Huxley,huxley,iowa
US,Iowa,Independence,independence,iowa
US,Iowa,Indianola,indianola,iowa
US,Iowa,Iowa City,iowa city,iowa
US,Iowa,Johnston,johnston,iowa
US,Iowa,Kellerton,kellerton,iowa
US,Iowa,Le Claire,le claire,iowa
US,Iowa,Livermore,livermore,iowa
US,Iowa,Marion,marion,iowa
US,Iowa,Marshalltown,marshalltown,iowa
US,Iowa,Mason City,mason city,iowa
US,Iowa,Mediapolis,mediapolis,iowa
US,Iowa,Mount Pleasant,mount pleasant,iowa
US,Iowa,Muscatine,muscatine,iowa
US,Iowa,Nevada,nevada,iowa
US,Iowa,New Virginia,new virginia,iowa
US,Iowa,Newhall,newhall,iowa
US,Iowa,Nora Springs,nora springs,iowa
US,Iowa,North Liberty,north liberty,iowa
US,Iowa,Northwood,northwood,iowa
US,Iowa,Norwalk,norwalk,iowa
US,Iowa,Orange City,orange city,iowa
US,Iowa,Osage,osage,iowa
US,Iowa,Osceola,osceola,iowa
US,Iowa,Oskaloosa,oskaloosa,iowa
US,Iowa,Palo,palo,iowa
US,Iowa,Peosta,peosta,iowa
US,Iowa,Polk City,polk city,iowa
US,Iowa,Riverdale,riverdale,iowa
US,Iowa,Robins,robins,iowa
US,Iowa,Runnells,runnells,iowa
US,Iowa,Russell,russell,iowa
US,Iowa,Ryan,ryan,iowa
US,Iowa,Sioux Center,sioux center,iowa
US,Iowa,Sioux City,sioux city,iowa
US,Iowa,Slater,slater,iowa
US,Iowa,Solon,solon,iowa
US,Iowa,Spencer,spencer,iowa
US,Iowa,Sperry,sperry,iowa
US,Iowa,Spirit Lake,spirit lake,iowa
US,Iowa,Strawberry Point,strawberry point,iowa
US,Iowa,Swisher,swisher,iowa
US,Iowa,Tiffin,tiffin,iowa
US,Iowa,Titonka,titonka,iowa
US,Iowa,Toledo,toledo,iowa
US,Iowa,Underwood,underwood,iowa
US,Iowa,Urbandale,urbandale,iowa
US,Iowa,Van Horne,van horne,iowa
US,Iowa,Vinton,vinton,iowa
US,Iowa,Washington,washington,iowa
US,Iowa,Waterloo,waterloo,iowa
US,Iowa,Waukee,waukee,iowa
US,Iowa,Waverly,waverly,iowa
US,Iowa,Webster City,webster city,iowa
US,Iowa,West Branch,west branch,iowa
US,Iowa,West Des Moines,west des moines,iowa
US,Iowa,Windsor Hts,windsor hts,iowa
US,Iowa,Winthrop,winthrop,iowa
US,Kansas,Allen,allen,kansas
US,Kansas,Alma,alma,kansas
US,Kansas,Andale,andale,kansas
US,Kansas,Andover,andover,kansas
US,Kansas,Augusta,augusta,kansas
US,Kansas,Basehor,basehor,kansas
US,Kansas,Baxter Springs,baxter springs,kansas
US,Kansas,Bel Aire,bel aire,kansas
US,Kansas,Benton,benton,kansas
US,Kansas,Berryton,berryton,kansas
US,Kansas,Bucyrus,bucyrus,kansas
US,Kansas,Burlington,burlington,kansas
US,Kansas,Clay Center,clay center,kansas
US,Kansas,Coffeyville,coffeyville,kansas
US,Kansas,Columbus,columbus,kansas
US,Kansas,Conway Springs,conway springs,kansas
US,Kansas,Deerfield,deerfield,kansas
US,Kansas,Eldorado,eldorado,kansas
US,Kansas,Emporia,emporia,kansas
US,Kansas,Fairway,fairway,kansas
US,Kansas,Franklin,franklin,kansas
US,Kansas,Garden City,garden city,kansas
US,Kansas,Gardner,gardner,kansas
US,Kansas,Goddard,goddard,kansas
US,Kansas,Halstead,halstead,kansas
US,Kansas,Hays,hays,kansas
US,Kansas,Haysville,haysville,kansas
US,Kansas,Herington,herington,kansas
US,Kansas,Hutchinson,hutchinson,kansas
US,Kansas,Junction City,junction city,kansas
US,Kansas,Kansas City,kansas city,kansas
US,Kansas,Kechi,kechi,kansas
US,Kansas,Kingman,kingman,kansas
US,Kansas,Lacygne,lacygne,kansas
US,Kansas,Lake Quivira,lake quivira,kansas
US,Kansas,Lansing,lansing,kansas
US,Kansas,Larned,larned,kansas
US,Kansas,Lawrence,lawrence,kansas
US,Kansas,Leavenworth,leavenworth,kansas
US,Kansas,Leawood,leawood,kansas
US,Kansas,Lenexa,lenexa,kansas
US,Kansas,Lindsborg,lindsborg,kansas
US,Kansas,Louisburg,louisburg,kansas
US,Kansas,Lyons,lyons,kansas
US,Kansas,Manhattan,manhattan,kansas
US,Kansas,Marysville,marysville,kansas
US,Kansas,Mcpherson,mcpherson,kansas
US,Kansas,Merriam,merriam,kansas
US,Kansas,Mission,mission,kansas
US,Kansas,Mission Hills,mission hills,kansas
US,Kansas,Newton,newton,kansas
US,Kansas,North Newton,north newton,kansas
US,Kansas,Ogallah,ogallah,kansas
US,Kansas,Olathe,olathe,kansas
US,Kansas,Ottawa,ottawa,kansas
US,Kansas,Overland Park,overland park,kansas
US,Kansas,Prairie Village,prairie village,kansas
US,Kansas,Rose Hill,rose hill,kansas
US,Kansas,Sabetha,sabetha,kansas
US,Kansas,Saint George,saint george,kansas
US,Kansas,Saint Paul,saint paul,kansas
US,Kansas,Salina,salina,kansas
US,Kansas,Seneca,seneca,kansas
US,Kansas,Shawnee,shawnee,kansas
US,Kansas,Spring Hill,spring hill,kansas
US,Kansas,Stilwell,stilwell,kansas
US,Kansas,Sublette,sublette,kansas
US,Kansas,Tecumseh,tecumseh,kansas
US,Kansas,Topeka,topeka,kansas
US,Kansas,Wamego,wamego,kansas
US,Kansas,Westmoreland,westmoreland,kansas
US,Kansas,Westwood,westwood,kansas
US,Kansas,Wichita,wichita,kansas
US,Kansas,Williamsburg,williamsburg,kansas
US,Kansas,Winchester,winchester,kansas
US,Kentucky,Adolphus,adolphus,kentucky
US,Kentucky,Alexandria,alexandria,kentucky
US,Kentucky,Alvaton,alvaton,kentucky
US,Kentucky,Anchorage,anchorage,kentucky
US,Kentucky,Ashland,ashland,kentucky
US,Kentucky,Bardstown,bardstown,kentucky
US,Kentucky,Bellevue,bellevue,kentucky
US,Kentucky,Benton,benton,kentucky
US,Kentucky,Bowling  Green,bowling  green,kentucky
US,Kentucky,Bowling Green,bowling green,kentucky
US,Kentucky,"Bowling Green, Kentucky, United Sta","bowling green, kentucky, united sta",kentucky
US,Kentucky,Brandenburg,brandenburg,kentucky
US,Kentucky,Bronston,bronston,kentucky
US,Kentucky,Bryantsville,bryantsville,kentucky
US,Kentucky,Burkesville,burkesville,kentucky
US,Kentucky,Burlington,burlington,kentucky
US,Kentucky,Cadiz,cadiz,kentucky
US,Kentucky,Campbellsville,campbellsville,kentucky
US,Kentucky,Catlettsburg,catlettsburg,kentucky
US,Kentucky,Cave City,cave city,kentucky
US,Kentucky,Central City,central city,kentucky
US,Kentucky,Cold Spring,cold spring,kentucky
US,Kentucky,Corbin,corbin,kentucky
US,Kentucky,Covington,covington,kentucky
US,Kentucky,Coxs Creek,coxs creek,kentucky
US,Kentucky,Crab Orchard,crab orchard,kentucky
US,Kentucky,Crescent Springs,crescent springs,kentucky
US,Kentucky,Crestwood,crestwood,kentucky
US,Kentucky,Cynthiana,cynthiana,kentucky
US,Kentucky,Danville,danville,kentucky
US,Kentucky,Dawson Springs,dawson springs,kentucky
US,Kentucky,Dayton,dayton,kentucky
US,Kentucky,East Bernstadt,east bernstadt,kentucky
US,Kentucky,Edgewood,edgewood,kentucky
US,Kentucky,Elizabethtown,elizabethtown,kentucky
US,Kentucky,Elkton,elkton,kentucky
US,Kentucky,Elsmere,elsmere,kentucky
US,Kentucky,Ermine,ermine,kentucky
US,Kentucky,Fisherville,fisherville,kentucky
US,Kentucky,Florence,florence,kentucky
US,Kentucky,Fort Campbell,fort campbell,kentucky
US,Kentucky,Fort Knox,fort knox,kentucky
US,Kentucky,Fort Mitchell,fort mitchell,kentucky
US,Kentucky,Fort Thomas,fort thomas,kentucky
US,Kentucky,Foster,foster,kentucky
US,Kentucky,Frankfort,frankfort,kentucky
US,Kentucky,Ft Mitchell,ft mitchell,kentucky
US,Kentucky,Georgetown,georgetown,kentucky
US,Kentucky,Ghent,ghent,kentucky
US,Kentucky,Glasgow,glasgow,kentucky
US,Kentucky,Goshen,goshen,kentucky
US,Kentucky,Gray,gray,kentucky
US,Kentucky,Hanson,hanson,kentucky
US,Kentucky,Harlan,harlan,kentucky
US,Kentucky,Harned,harned,kentucky
US,Kentucky,Harrodsburg,harrodsburg,kentucky
US,Kentucky,Hazard,hazard,kentucky
US,Kentucky,Hebron,hebron,kentucky
US,Kentucky,Henderson,henderson,kentucky
US,Kentucky,Hodgenville,hodgenville,kentucky
US,Kentucky,Hopkinsville,hopkinsville,kentucky
US,Kentucky,Hyden,hyden,kentucky
US,Kentucky,Independence,independence,kentucky
US,Kentucky,Jamestown,jamestown,kentucky
US,Kentucky,Kevil,kevil,kentucky
US,Kentucky,La Grange,la grange,kentucky
US,Kentucky,Lakeside Park,lakeside park,kentucky
US,Kentucky,Langley,langley,kentucky
US,Kentucky,Lawrenceburg,lawrenceburg,kentucky
US,Kentucky,Lebanon,lebanon,kentucky
US,Kentucky,Lexington,lexington,kentucky
US,Kentucky,Livermore,livermore,kentucky
US,Kentucky,London,london,kentucky
US,Kentucky,Louisville,louisville,kentucky
US,Kentucky,Louisville-Jefferson County,louisville-jefferson county,kentucky
US,Kentucky,Madisonville,madisonville,kentucky
US,Kentucky,Manchester,manchester,kentucky
US,Kentucky,Marion,marion,kentucky
US,Kentucky,Mayfield,mayfield,kentucky
US,Kentucky,Mayslick,mayslick,kentucky
US,Kentucky,Mc Daniels,mc daniels,kentucky
US,Kentucky,Middlesboro,middlesboro,kentucky
US,Kentucky,Middletown,middletown,kentucky
US,Kentucky,Monticello,monticello,kentucky
US,Kentucky,Morehead,morehead,kentucky
US,Kentucky,Mount Sterling,mount sterling,kentucky
US,Kentucky,Mount Vernon,mount vernon,kentucky
US,Kentucky,Mount Washington,mount washington,kentucky
US,Kentucky,Munfordville,munfordville,kentucky
US,Kentucky,Murray,murray,kentucky
US,Kentucky,New Haven,new haven,kentucky
US,Kentucky,Newport,newport,kentucky
US,Kentucky,Nicholasville,nicholasville,kentucky
US,Kentucky,Owensboro,owensboro,kentucky
US,Kentucky,Paducah,paducah,kentucky
US,Kentucky,Paintsville,paintsville,kentucky
US,Kentucky,Paris,paris,kentucky
US,Kentucky,Park Hills,park hills,kentucky
US,Kentucky,Pikevilke,pikevilke,kentucky
US,Kentucky,Pikeville,pikeville,kentucky
US,Kentucky,Pine Knot,pine knot,kentucky
US,Kentucky,Pleasureville,pleasureville,kentucky
US,Kentucky,Prestonsburg,prestonsburg,kentucky
US,Kentucky,Prospect,prospect,kentucky
US,Kentucky,Richmond,richmond,kentucky
US,Kentucky,Rineyville,rineyville,kentucky
US,Kentucky,Russell,russell,kentucky
US,Kentucky,Russell Springs,russell springs,kentucky
US,Kentucky,Sassafras,sassafras,kentucky
US,Kentucky,Science Hill,science hill,kentucky
US,Kentucky,Scottsville,scottsville,kentucky
US,Kentucky,Sharpsburg,sharpsburg,kentucky
US,Kentucky,Shelbyville,shelbyville,kentucky
US,Kentucky,Shepherdsville,shepherdsville,kentucky
US,Kentucky,Simpsonville,simpsonville,kentucky
US,Kentucky,Smiths Grove,smiths grove,kentucky
US,Kentucky,Somerset,somerset,kentucky
US,Kentucky,Southgate,southgate,kentucky
US,Kentucky,Springfield,springfield,kentucky
US,Kentucky,Staffordsville,staffordsville,kentucky
US,Kentucky,Stanford,stanford,kentucky
US,Kentucky,Stanton,stanton,kentucky
US,Kentucky,Summer Shade,summer shade,kentucky
US,Kentucky,Summersville,summersville,kentucky
US,Kentucky,Symsonia,symsonia,kentucky
US,Kentucky,Taylor Mill,taylor mill,kentucky
US,Kentucky,Taylorsville,taylorsville,kentucky
US,Kentucky,Tompkinsville,tompkinsville,kentucky
US,Kentucky,Union,union,kentucky
US,Kentucky,"Union ,Ky","union ,ky",kentucky
US,Kentucky,Utica,utica,kentucky
US,Kentucky,Versailles,versailles,kentucky
US,Kentucky,Villa Hills,villa hills,kentucky
US,Kentucky,Vine Grove,vine grove,kentucky
US,Kentucky,Walton,walton,kentucky
US,Kentucky,Whitesville,whitesville,kentucky
US,Kentucky,Winchester,winchester,kentucky
US,Louisiana,Abbeville,abbeville,louisiana
US,Louisiana,Abita Springs,abita springs,louisiana
US,Louisiana,Amite,amite,louisiana
US,Louisiana,Arcadia,arcadia,louisiana
US,Louisiana,Arnaudville,arnaudville,louisiana
US,Louisiana,Avondale,avondale,louisiana
US,Louisiana,Baker,baker,louisiana
US,Louisiana,Ball,ball,louisiana
US,Louisiana,Bastrop,bastrop,louisiana
US,Louisiana,Baton Roug,baton roug,louisiana
US,Louisiana,Baton Rouge,baton rouge,louisiana
US,Louisiana,Belle Chasse,belle chasse,louisiana
US,Louisiana,Benton,benton,louisiana
US,Louisiana,Bossier City,bossier city,louisiana
US,Louisiana,Branch,branch,louisiana
US,Louisiana,Broussard,broussard,louisiana
US,Louisiana,Bunkie,bunkie,louisiana
US,Louisiana,Carencro,carencro,louisiana
US,Louisiana,Chalmette,chalmette,louisiana
US,Louisiana,Choudrant,choudrant,louisiana
US,Louisiana,Church Point,church point,louisiana
US,Louisiana,Clinton,clinton,louisiana
US,Louisiana,Collinston,collinston,louisiana
US,Louisiana,Covington,covington,louisiana
US,Louisiana,Crowley,crowley,louisiana
US,Louisiana,Cut Off,cut off,louisiana
US,Louisiana,Darrow,darrow,louisiana
US,Louisiana,Delhi,delhi,louisiana
US,Louisiana,Denham Spgs,denham spgs,louisiana
US,Louisiana,Denham Springs,denham springs,louisiana
US,Louisiana,Deridder,deridder,louisiana
US,Louisiana,Destrehan,destrehan,louisiana
US,Louisiana,Donaldsonville,donaldsonville,louisiana
US,Louisiana,Dubach,dubach,louisiana
US,Louisiana,Duson,duson,louisiana
US,Louisiana,Elm Grove,elm grove,louisiana
US,Louisiana,Erath,erath,louisiana
US,Louisiana,Ethel,ethel,louisiana
US,Louisiana,Eunice,eunice,louisiana
US,Louisiana,Farmerville,farmerville,louisiana
US,Louisiana,Ferriday,ferriday,louisiana
US,Louisiana,Forest Hill,forest hill,louisiana
US,Louisiana,Fort Polk,fort polk,louisiana
US,Louisiana,Franklin,franklin,louisiana
US,Louisiana,Geismar,geismar,louisiana
US,Louisiana,Gibson,gibson,louisiana
US,Louisiana,Glenmora,glenmora,louisiana
US,Louisiana,Gonzales,gonzales,louisiana
US,Louisiana,Greenwell Springs,greenwell springs,louisiana
US,Louisiana,Gretna,gretna,louisiana
US,Louisiana,Hammond,hammond,louisiana
US,Louisiana,Harahan,harahan,louisiana
US,Louisiana,Harvey,harvey,louisiana
US,Louisiana,Haughton,haughton,louisiana
US,Louisiana,Hineston,hineston,louisiana
US,Louisiana,Holden,holden,louisiana
US,Louisiana,Houma,houma,louisiana
US,Louisiana,Iota,iota,louisiana
US,Louisiana,Iowa,iowa,louisiana
US,Louisiana,Jackson,jackson,louisiana
US,Louisiana,Jarreau,jarreau,louisiana
US,Louisiana,Jeanerette,jeanerette,louisiana
US,Louisiana,Jefferson,jefferson,louisiana
US,Louisiana,Jena,jena,louisiana
US,Louisiana,Jennings,jennings,louisiana
US,Louisiana,Jonesville,jonesville,louisiana
US,Louisiana,Kenner,kenner,louisiana
US,Louisiana,"Kenner, La","kenner, la",louisiana
US,Louisiana,La Place,la place,louisiana
US,Louisiana,Lafayette,lafayette,louisiana
US,Louisiana,Lake Charles,lake charles,louisiana
US,Louisiana,Leesville,leesville,louisiana
US,Louisiana,Livingston,livingston,louisiana
US,Louisiana,Lockport,lockport,louisiana
US,Louisiana,Loranger,loranger,louisiana
US,Louisiana,Luling,luling,louisiana
US,Louisiana,Madisonville,madisonville,louisiana
US,Louisiana,Mandeville,mandeville,louisiana
US,Louisiana,Mansfield,mansfield,louisiana
US,Louisiana,Many,many,louisiana
US,Louisiana,Marrero,marrero,louisiana
US,Louisiana,Maurice,maurice,louisiana
US,Louisiana,Metairie,metairie,louisiana
US,Louisiana,Minden,minden,louisiana
US,Louisiana,Monroe,monroe,louisiana
US,Louisiana,Natchitoches,natchitoches,louisiana
US,Louisiana,New Iberia,new iberia,louisiana
US,Louisiana,New Orleans,new orleans,louisiana
US,Louisiana,Oak Grove,oak grove,louisiana
US,Louisiana,Patterson,patterson,louisiana
US,Louisiana,Pineville,pineville,louisiana
US,Louisiana,Plaquemine,plaquemine,louisiana
US,Louisiana,Ponchatoula,ponchatoula,louisiana
US,Louisiana,Port Allen,port allen,louisiana
US,Louisiana,Prairieville,prairieville,louisiana
US,Louisiana,Rayne,rayne,louisiana
US,Louisiana,River Ridge,river ridge,louisiana
US,Louisiana,Roseland,roseland,louisiana
US,Louisiana,Ruston,ruston,louisiana
US,Louisiana,Saint Bernard,saint bernard,louisiana
US,Louisiana,Saint Francisville,saint francisville,louisiana
US,Louisiana,Saint Martinville,saint martinville,louisiana
US,Louisiana,Saint Rose,saint rose,louisiana
US,Louisiana,Schriever,schriever,louisiana
US,Louisiana,Shreveport,shreveport,louisiana
US,Louisiana,Simmesport,simmesport,louisiana
US,Louisiana,Slidell,slidell,louisiana
US,Louisiana,St Francisville,st francisville,louisiana
US,Louisiana,Sterlington,sterlington,louisiana
US,Louisiana,Stonewall,stonewall,louisiana
US,Louisiana,Sulphur,sulphur,louisiana
US,Louisiana,Sunset,sunset,louisiana
US,Louisiana,Terrytown,terrytown,louisiana
US,Louisiana,Thibodaux,thibodaux,louisiana
US,Louisiana,Tickfaw,tickfaw,louisiana
US,Louisiana,Ventress,ventress,louisiana
US,Louisiana,Vidalia,vidalia,louisiana
US,Louisiana,West Monroe,west monroe,louisiana
US,Louisiana,Westwego,westwego,louisiana
US,Louisiana,Weyanoke,weyanoke,louisiana
US,Louisiana,Winnfield,winnfield,louisiana
US,Louisiana,Woodworth,woodworth,louisiana
US,Louisiana,Youngsville,youngsville,louisiana
US,Louisiana,Zachary,zachary,louisiana
US,Maine,Albion,albion,maine
US,Maine,Alfred,alfred,maine
US,Maine,Augusta,augusta,maine
US,Maine,Baileyville,baileyville,maine
US,Maine,Bangor,bangor,maine
US,Maine,Bar Harbor,bar harbor,maine
US,Maine,Bath,bath,maine
US,Maine,Berwick,berwick,maine
US,Maine,Biddeford,biddeford,maine
US,Maine,Blue Hill,blue hill,maine
US,Maine,Bridgton,bridgton,maine
US,Maine,Brunswick,brunswick,maine
US,Maine,Camden,camden,maine
US,Maine,Cape Elizabeth,cape elizabeth,maine
US,Maine,Cape Neddick,cape neddick,maine
US,Maine,Chebeague Island,chebeague island,maine
US,Maine,Cornish,cornish,maine
US,Maine,Cumberland,cumberland,maine
US,Maine,Cumberland Center,cumberland center,maine
US,Maine,Dresden,dresden,maine
US,Maine,Eliot,eliot,maine
US,Maine,Falmouth,falmouth,maine
US,Maine,Freeport,freeport,maine
US,Maine,Gardiner,gardiner,maine
US,Maine,Glenburn,glenburn,maine
US,Maine,Gray,gray,maine
US,Maine,Hampden,hampden,maine
US,Maine,Harpswell,harpswell,maine
US,Maine,Hermon,hermon,maine
US,Maine,Hollis,hollis,maine
US,Maine,Industry,industry,maine
US,Maine,Kennebunk,kennebunk,maine
US,Maine,Kennebunkport,kennebunkport,maine
US,Maine,Kittery,kittery,maine
US,Maine,Lincolnville,lincolnville,maine
US,Maine,Lisbon Falls,lisbon falls,maine
US,Maine,Littleton,littleton,maine
US,Maine,Lovell,lovell,maine
US,Maine,Manchester,manchester,maine
US,Maine,Milo,milo,maine
US,Maine,Minot,minot,maine
US,Maine,Monmouth,monmouth,maine
US,Maine,Mount Vernon,mount vernon,maine
US,Maine,New Gloucester,new gloucester,maine
US,Maine,Newcastle,newcastle,maine
US,Maine,Norridgewock,norridgewock,maine
US,Maine,North Berwick,north berwick,maine
US,Maine,Ogunquit,ogunquit,maine
US,Maine,Old Orchard Beach,old orchard beach,maine
US,Maine,Palmyra,palmyra,maine
US,Maine,Peaks Island,peaks island,maine
US,Maine,Pittsfield,pittsfield,maine
US,Maine,Poland,poland,maine
US,Maine,Portland,portland,maine
US,Maine,Presque Isle,presque isle,maine
US,Maine,Raymond,raymond,maine
US,Maine,Readfield,readfield,maine
US,Maine,Richmond,richmond,maine
US,Maine,Rockport,rockport,maine
US,Maine,Saco,saco,maine
US,Maine,Saint George,saint george,maine
US,Maine,Scarborough,scarborough,maine
US,Maine,Shapleigh,shapleigh,maine
US,Maine,Sidney,sidney,maine
US,Maine,Skowhegan,skowhegan,maine
US,Maine,South Berwick,south berwick,maine
US,Maine,South Casco,south casco,maine
US,Maine,South Freeport,south freeport,maine
US,Maine,South Portland,south portland,maine
US,Maine,South Thomaston,south thomaston,maine
US,Maine,Standish,standish,maine
US,Maine,Steep Falls,steep falls,maine
US,Maine,Strong,strong,maine
US,Maine,Sumner,sumner,maine
US,Maine,Tenants Harbor,tenants harbor,maine
US,Maine,Topsham,topsham,maine
US,Maine,Union,union,maine
US,Maine,Waldo,waldo,maine
US,Maine,Waldoboro,waldoboro,maine
US,Maine,Waterville,waterville,maine
US,Maine,Wells,wells,maine
US,Maine,West Gardiner,west gardiner,maine
US,Maine,Westbrook,westbrook,maine
US,Maine,Windham,windham,maine
US,Maine,Winslow,winslow,maine
US,Maine,Winthrop,winthrop,maine
US,Maine,Yarmouth,yarmouth,maine
US,Maine,York,york,maine
US,Maryland,Aberdeen,aberdeen,maryland
US,Maryland,Abingdon,abingdon,maryland
US,Maryland,Accokeek,accokeek,maryland
US,Maryland,Adamstown,adamstown,maryland
US,Maryland,Andrews Air Force Base,andrews air force base,maryland
US,Maryland,Annapolis,annapolis,maryland
US,Maryland,Annapolis Junction,annapolis junction,maryland
US,Maryland,Arnold,arnold,maryland
US,Maryland,Ashton,ashton,maryland
US,Maryland,Baldwin,baldwin,maryland
US,Maryland,Baltimore,baltimore,maryland
US,Maryland,Bel Air,bel air,maryland
US,Maryland,Beltsville,beltsville,maryland
US,Maryland,Berlin,berlin,maryland
US,Maryland,Bethesda,bethesda,maryland
US,Maryland,Betterton,betterton,maryland
US,Maryland,Bishopville,bishopville,maryland
US,Maryland,Bowie,bowie,maryland
US,Maryland,Boyds,boyds,maryland
US,Maryland,Brandywine,brandywine,maryland
US,Maryland,Brookeville,brookeville,maryland
US,Maryland,Brooklyn Park,brooklyn park,maryland
US,Maryland,Brunswick,brunswick,maryland
US,Maryland,Burtonsville,burtonsville,maryland
US,Maryland,Cabin John,cabin john,maryland
US,Maryland,California,california,maryland
US,Maryland,Cambridge,cambridge,maryland
US,Maryland,Capitol Heights,capitol heights,maryland
US,Maryland,Catonsville,catonsville,maryland
US,Maryland,Centreville,centreville,maryland
US,Maryland,Chaptico,chaptico,maryland
US,Maryland,Cheltenham,cheltenham,maryland
US,Maryland,Chesapeake Beach,chesapeake beach,maryland
US,Maryland,Chesapeake City,chesapeake city,maryland
US,Maryland,Chester,chester,maryland
US,Maryland,Cheverly,cheverly,maryland
US,Maryland,Chevy Chase,chevy chase,maryland
US,Maryland,Churchville,churchville,maryland
US,Maryland,Clarksburg,clarksburg,maryland
US,Maryland,Clarksville,clarksville,maryland
US,Maryland,Clements,clements,maryland
US,Maryland,Clinton,clinton,maryland
US,Maryland,Cockeysville,cockeysville,maryland
US,Maryland,College Park,college park,maryland
US,Maryland,Columbia,columbia,maryland
US,Maryland,Conowingo,conowingo,maryland
US,Maryland,Cooksville,cooksville,maryland
US,Maryland,Cordova,cordova,maryland
US,Maryland,Crofton,crofton,maryland
US,Maryland,Crownsville,crownsville,maryland
US,Maryland,Cumberland,cumberland,maryland
US,Maryland,Darnestown,darnestown,maryland
US,Maryland,Davidsonville,davidsonville,maryland
US,Maryland,Dayton,dayton,maryland
US,Maryland,Denton,denton,maryland
US,Maryland,Derwood,derwood,maryland
US,Maryland,Dickerson,dickerson,maryland
US,Maryland,Drayden,drayden,maryland
US,Maryland,Dunkirk,dunkirk,maryland
US,Maryland,Easton,easton,maryland
US,Maryland,Edgewater,edgewater,maryland
US,Maryland,Edgewood,edgewood,maryland
US,Maryland,Eldersburg,eldersburg,maryland
US,Maryland,Elkridge,elkridge,maryland
US,Maryland,Elkton,elkton,maryland
US,Maryland,Ellicott City,ellicott city,maryland
US,Maryland,Essex,essex,maryland
US,Maryland,Fallston,fallston,maryland
US,Maryland,Federalsburg,federalsburg,maryland
US,Maryland,Flintstone,flintstone,maryland
US,Maryland,Forest Hill,forest hill,maryland
US,Maryland,Fork,fork,maryland
US,Maryland,Fort George G Meade,fort george g meade,maryland
US,Maryland,Fort Meade,fort meade,maryland
US,Maryland,Fort Washington,fort washington,maryland
US,Maryland,Frederick,frederick,maryland
US,Maryland,Freeland,freeland,maryland
US,Maryland,Frostburg,frostburg,maryland
US,Maryland,Fulton,fulton,maryland
US,Maryland,Gaithersburg,gaithersburg,maryland
US,Maryland,Gambrills,gambrills,maryland
US,Maryland,Germantown,germantown,maryland
US,Maryland,Glen Arm,glen arm,maryland
US,Maryland,Glen Burnie,glen burnie,maryland
US,Maryland,Glen Echo,glen echo,maryland
US,Maryland,Glenwood,glenwood,maryland
US,Maryland,Grantsville,grantsville,maryland
US,Maryland,Grasonville,grasonville,maryland
US,Maryland,Great Mills,great mills,maryland
US,Maryland,Greenbelt,greenbelt,maryland
US,Maryland,Greensboro,greensboro,maryland
US,Maryland,Gwynn Oak,gwynn oak,maryland
US,Maryland,Hagerstown,hagerstown,maryland
US,Maryland,Hampstead,hampstead,maryland
US,Maryland,Hancock,hancock,maryland
US,Maryland,Hanover,hanover,maryland
US,Maryland,Havre De Grace,havre de grace,maryland
US,Maryland,Highland,highland,maryland
US,Maryland,Hollywood,hollywood,maryland
US,Maryland,Hughesville,hughesville,maryland
US,Maryland,Hunt Valley,hunt valley,maryland
US,Maryland,Huntingtown,huntingtown,maryland
US,Maryland,Hurlock,hurlock,maryland
US,Maryland,Hyattsville,hyattsville,maryland
US,Maryland,Idlewylde,idlewylde,maryland
US,Maryland,Ijamsville,ijamsville,maryland
US,Maryland,Jarrettsville,jarrettsville,maryland
US,Maryland,Jefferson,jefferson,maryland
US,Maryland,Jessup,jessup,maryland
US,Maryland,Joppa,joppa,maryland
US,Maryland,Kennedyville,kennedyville,maryland
US,Maryland,Kensington,kensington,maryland
US,Maryland,La Plata,la plata,maryland
US,Maryland,La Vale,la vale,maryland
US,Maryland,Lanham,lanham,maryland
US,Maryland,Laplata,laplata,maryland
US,Maryland,Laurel,laurel,maryland
US,Maryland,Lavale,lavale,maryland
US,Maryland,Leonardtown,leonardtown,maryland
US,Maryland,Lexington Park,lexington park,maryland
US,Maryland,Linkwood,linkwood,maryland
US,Maryland,Linthicum Heights,linthicum heights,maryland
US,Maryland,Lothian,lothian,maryland
US,Maryland,Lusby,lusby,maryland
US,Maryland,Lutherville,lutherville,maryland
US,Maryland,Lutherville Timonium,lutherville timonium,maryland
US,Maryland,Manchester,manchester,maryland
US,Maryland,Marbury,marbury,maryland
US,Maryland,Marriottsville,marriottsville,maryland
US,Maryland,Marydel,marydel,maryland
US,Maryland,Mechanicsvlle,mechanicsvlle,maryland
US,Maryland,Middle River,middle river,maryland
US,Maryland,Middletown,middletown,maryland
US,Maryland,Millersville,millersville,maryland
US,Maryland,Mitchellville,mitchellville,maryland
US,Maryland,Monkton,monkton,maryland
US,Maryland,Monrovia,monrovia,maryland
US,Maryland,Montgomery Village,montgomery village,maryland
US,Maryland,Mount Airy,mount airy,maryland
US,Maryland,Myersville,myersville,maryland
US,Maryland,New Carrollton,new carrollton,maryland
US,Maryland,New Market,new market,maryland
US,Maryland,No Potomac,no potomac,maryland
US,Maryland,North Bethesda,north bethesda,maryland
US,Maryland,North East,north east,maryland
US,Maryland,North Potomac,north potomac,maryland
US,Maryland,Nottingham,nottingham,maryland
US,Maryland,Oakland,oakland,maryland
US,Maryland,Ocean City,ocean city,maryland
US,Maryland,Ocean Pines,ocean pines,maryland
US,Maryland,Odenton,odenton,maryland
US,Maryland,Olney,olney,maryland
US,Maryland,Owings,owings,maryland
US,Maryland,Owings Mills,owings mills,maryland
US,Maryland,Oxon Hill,oxon hill,maryland
US,Maryland,Parkton,parkton,maryland
US,Maryland,Parkville,parkville,maryland
US,Maryland,Parsonsburg,parsonsburg,maryland
US,Maryland,Pasadena,pasadena,maryland
US,Maryland,Patuxent River,patuxent river,maryland
US,Maryland,Perry Hall,perry hall,maryland
US,Maryland,Phoenix,phoenix,maryland
US,Maryland,Pikesville,pikesville,maryland
US,Maryland,Pocomoke City,pocomoke city,maryland
US,Maryland,Point Of Rocks,point of rocks,maryland
US,Maryland,Poolesville,poolesville,maryland
US,Maryland,Potomac,potomac,maryland
US,Maryland,Prince Frederick,prince frederick,maryland
US,Maryland,Princess Anne,princess anne,maryland
US,Maryland,Queen Anne,queen anne,maryland
US,Maryland,Reisterstown,reisterstown,maryland
US,Maryland,Riva,riva,maryland
US,Maryland,Riverdale,riverdale,maryland
US,Maryland,Riverdale Park,riverdale park,maryland
US,Maryland,Rockville,rockville,maryland
US,Maryland,Rohrersville,rohrersville,maryland
US,Maryland,Rosedale,rosedale,maryland
US,Maryland,Saint Inigoes,saint inigoes,maryland
US,Maryland,Saint Leonard,saint leonard,maryland
US,Maryland,Saint Michaels,saint michaels,maryland
US,Maryland,Salisbury,salisbury,maryland
US,Maryland,Savage,savage,maryland
US,Maryland,Severn,severn,maryland
US,Maryland,Severna Park,severna park,maryland
US,Maryland,"Severna Park, 21146","severna park, 21146",maryland
US,Maryland,Showell,showell,maryland
US,Maryland,Silver Spring,silver spring,maryland
US,Maryland,Solomons,solomons,maryland
US,Maryland,Sparks,sparks,maryland
US,Maryland,Sparks Glencoe,sparks glencoe,maryland
US,Maryland,Sparrows Point,sparrows point,maryland
US,Maryland,Spencerville,spencerville,maryland
US,Maryland,Stevensville,stevensville,maryland
US,Maryland,Street,street,maryland
US,Maryland,Sudlersville,sudlersville,maryland
US,Maryland,Sunderland,sunderland,maryland
US,Maryland,Sykesville,sykesville,maryland
US,Maryland,Takoma Park,takoma park,maryland
US,Maryland,Tall Timbers,tall timbers,maryland
US,Maryland,Thurmont,thurmont,maryland
US,Maryland,Timonium,timonium,maryland
US,Maryland,Towson,towson,maryland
US,Maryland,Trappe,trappe,maryland
US,Maryland,Union Bridge,union bridge,maryland
US,Maryland,University Park,university park,maryland
US,Maryland,Upper Marlboro,upper marlboro,maryland
US,Maryland,Waldorf,waldorf,maryland
US,Maryland,Walkersville,walkersville,maryland
US,Maryland,West Friendship,west friendship,maryland
US,Maryland,West River,west river,maryland
US,Maryland,Westminster,westminster,maryland
US,Maryland,White Plains,white plains,maryland
US,Maryland,Williamsport,williamsport,maryland
US,Maryland,Wittman,wittman,maryland
US,Maryland,Woodbine,woodbine,maryland
US,Maryland,Woodstock,woodstock,maryland
US,Maryland,Worton,worton,maryland
US,Massachusetts,Abington,abington,massachusetts
US,Massachusetts,Acton,acton,massachusetts
US,Massachusetts,Acushnet,acushnet,massachusetts
US,Massachusetts,Agawam,agawam,massachusetts
US,Massachusetts,Allston,allston,massachusetts
US,Massachusetts,Amesbury,amesbury,massachusetts
US,Massachusetts,Amherst,amherst,massachusetts
US,Massachusetts,Andover,andover,massachusetts
US,Massachusetts,Arlington,arlington,massachusetts
US,Massachusetts,Ashburnham,ashburnham,massachusetts
US,Massachusetts,Ashfield,ashfield,massachusetts
US,Massachusetts,Ashland,ashland,massachusetts
US,Massachusetts,Assonet,assonet,massachusetts
US,Massachusetts,Athol,athol,massachusetts
US,Massachusetts,Attleboro,attleboro,massachusetts
US,Massachusetts,Attleboro 02703,attleboro 02703,massachusetts
US,Massachusetts,Attleboro Falls,attleboro falls,massachusetts
US,Massachusetts,Auburn,auburn,massachusetts
US,Massachusetts,Auburndale,auburndale,massachusetts
US,Massachusetts,Avon,avon,massachusetts
US,Massachusetts,Ayer,ayer,massachusetts
US,Massachusetts,Barnstable,barnstable,massachusetts
US,Massachusetts,Barre,barre,massachusetts
US,Massachusetts,"Beacon Hill, Boston","beacon hill, boston",massachusetts
US,Massachusetts,Bedford,bedford,massachusetts
US,Massachusetts,Belchertown,belchertown,massachusetts
US,Massachusetts,Bellingham,bellingham,massachusetts
US,Massachusetts,Belmont,belmont,massachusetts
US,Massachusetts,Berkley,berkley,massachusetts
US,Massachusetts,Beverly,beverly,massachusetts
US,Massachusetts,Billerica,billerica,massachusetts
US,Massachusetts,Blackstone,blackstone,massachusetts
US,Massachusetts,Bolton,bolton,massachusetts
US,Massachusetts,Boston,boston,massachusetts
US,Massachusetts,Bourne,bourne,massachusetts
US,Massachusetts,Boxborough,boxborough,massachusetts
US,Massachusetts,Boxford,boxford,massachusetts
US,Massachusetts,Braintree,braintree,massachusetts
US,Massachusetts,Brewster,brewster,massachusetts
US,Massachusetts,Bridgewater,bridgewater,massachusetts
US,Massachusetts,Brighton,brighton,massachusetts
US,Massachusetts,Brimfield,brimfield,massachusetts
US,Massachusetts,Brockton,brockton,massachusetts
US,Massachusetts,Brookline,brookline,massachusetts
US,Massachusetts,Burlington,burlington,massachusetts
US,Massachusetts,Buzzards Bay,buzzards bay,massachusetts
US,Massachusetts,Byfield,byfield,massachusetts
US,Massachusetts,Cambridge,cambridge,massachusetts
US,Massachusetts,Canton,canton,massachusetts
US,Massachusetts,Carlisle,carlisle,massachusetts
US,Massachusetts,Carver,carver,massachusetts
US,Massachusetts,Centerville,centerville,massachusetts
US,Massachusetts,Charlestown,charlestown,massachusetts
US,Massachusetts,Charlton,charlton,massachusetts
US,Massachusetts,Chatham,chatham,massachusetts
US,Massachusetts,Chelmsford,chelmsford,massachusetts
US,Massachusetts,Chelsea,chelsea,massachusetts
US,Massachusetts,Cheshire,cheshire,massachusetts
US,Massachusetts,Chester,chester,massachusetts
US,Massachusetts,Chestnut Hill,chestnut hill,massachusetts
US,Massachusetts,Chicopee,chicopee,massachusetts
US,Massachusetts,Chilmark,chilmark,massachusetts
US,Massachusetts,Clinton,clinton,massachusetts
US,Massachusetts,Cohasset,cohasset,massachusetts
US,Massachusetts,Concord,concord,massachusetts
US,Massachusetts,Conway,conway,massachusetts
US,Massachusetts,Cotuit,cotuit,massachusetts
US,Massachusetts,Dalton,dalton,massachusetts
US,Massachusetts,Danvers,danvers,massachusetts
US,Massachusetts,Dartmouth,dartmouth,massachusetts
US,Massachusetts,Dedham,dedham,massachusetts
US,Massachusetts,Deerfield,deerfield,massachusetts
US,Massachusetts,Dennis,dennis,massachusetts
US,Massachusetts,Dighton,dighton,massachusetts
US,Massachusetts,Dorchester,dorchester,massachusetts
US,Massachusetts,Dorchester Center,dorchester center,massachusetts
US,Massachusetts,Dover,dover,massachusetts
US,Massachusetts,Dracut,dracut,massachusetts
US,Massachusetts,Dudley,dudley,massachusetts
US,Massachusetts,Dunstable,dunstable,massachusetts
US,Massachusetts,Duxbury,duxbury,massachusetts
US,Massachusetts,East Boston,east boston,massachusetts
US,Massachusetts,East Bridgewater,east bridgewater,massachusetts
US,Massachusetts,East Falmouth,east falmouth,massachusetts
US,Massachusetts,East Longmeadow,east longmeadow,massachusetts
US,Massachusetts,East Otis,east otis,massachusetts
US,Massachusetts,East Sandwich,east sandwich,massachusetts
US,Massachusetts,East Walpole,east walpole,massachusetts
US,Massachusetts,Eastham,eastham,massachusetts
US,Massachusetts,Easthampton,easthampton,massachusetts
US,Massachusetts,Edgartown,edgartown,massachusetts
US,Massachusetts,Egremont,egremont,massachusetts
US,Massachusetts,Everett,everett,massachusetts
US,Massachusetts,Fall River,fall river,massachusetts
US,Massachusetts,Falmouth,falmouth,massachusetts
US,Massachusetts,Fiskdale,fiskdale,massachusetts
US,Massachusetts,Fitchburg,fitchburg,massachusetts
US,Massachusetts,Florence,florence,massachusetts
US,Massachusetts,Foxboro,foxboro,massachusetts
US,Massachusetts,Foxborough,foxborough,massachusetts
US,Massachusetts,Framingham,framingham,massachusetts
US,Massachusetts,Franklin,franklin,massachusetts
US,Massachusetts,Gloucester,gloucester,massachusetts
US,Massachusetts,Grafton,grafton,massachusetts
US,Massachusetts,Granville,granville,massachusetts
US,Massachusetts,Great Barrington,great barrington,massachusetts
US,Massachusetts,Greenfield,greenfield,massachusetts
US,Massachusetts,Groton,groton,massachusetts
US,Massachusetts,Groveland,groveland,massachusetts
US,Massachusetts,Hanover,hanover,massachusetts
US,Massachusetts,Harvard,harvard,massachusetts
US,Massachusetts,Harwich,harwich,massachusetts
US,Massachusetts,Haverhill,haverhill,massachusetts
US,Massachusetts,Hingham,hingham,massachusetts
US,Massachusetts,Holbrook,holbrook,massachusetts
US,Massachusetts,Holden,holden,massachusetts
US,Massachusetts,Holliston,holliston,massachusetts
US,Massachusetts,Holyoke,holyoke,massachusetts
US,Massachusetts,Hopedale,hopedale,massachusetts
US,Massachusetts,Hopkinton,hopkinton,massachusetts
US,Massachusetts,Hudson,hudson,massachusetts
US,Massachusetts,Hull,hull,massachusetts
US,Massachusetts,Hyannis,hyannis,massachusetts
US,Massachusetts,Hyde Park,hyde park,massachusetts
US,Massachusetts,Ipswich,ipswich,massachusetts
US,Massachusetts,Jamaica Plain,jamaica plain,massachusetts
US,Massachusetts,Jefferson,jefferson,massachusetts
US,Massachusetts,Kingston,kingston,massachusetts
US,Massachusetts,Lakeville,lakeville,massachusetts
US,Massachusetts,Lancaster,lancaster,massachusetts
US,Massachusetts,Lawrence,lawrence,massachusetts
US,Massachusetts,Leicester,leicester,massachusetts
US,Massachusetts,Lenox,lenox,massachusetts
US,Massachusetts,Leominster,leominster,massachusetts
US,Massachusetts,Lexington,lexington,massachusetts
US,Massachusetts,Lincoln,lincoln,massachusetts
US,Massachusetts,Littleton,littleton,massachusetts
US,Massachusetts,Longmeadow,longmeadow,massachusetts
US,Massachusetts,Lowell,lowell,massachusetts
US,Massachusetts,Ludlow,ludlow,massachusetts
US,Massachusetts,Lunenburg,lunenburg,massachusetts
US,Massachusetts,Lynn,lynn,massachusetts
US,Massachusetts,Lynnfield,lynnfield,massachusetts
US,Massachusetts,Malden,malden,massachusetts
US,Massachusetts,Manchester,manchester,massachusetts
US,Massachusetts,Manchester-By-The-Sea,manchester-by-the-sea,massachusetts
US,Massachusetts,Mansfield,mansfield,massachusetts
US,Massachusetts,Marblehead,marblehead,massachusetts
US,Massachusetts,Marion,marion,massachusetts
US,Massachusetts,Marlborough,marlborough,massachusetts
US,Massachusetts,Marshfield,marshfield,massachusetts
US,Massachusetts,Marstons Mills,marstons mills,massachusetts
US,Massachusetts,Mashpee,mashpee,massachusetts
US,Massachusetts,Mattapan,mattapan,massachusetts
US,Massachusetts,Mattapoisett,mattapoisett,massachusetts
US,Massachusetts,Maynard,maynard,massachusetts
US,Massachusetts,Medfield,medfield,massachusetts
US,Massachusetts,Medford,medford,massachusetts
US,Massachusetts,Medway,medway,massachusetts
US,Massachusetts,Melrose,melrose,massachusetts
US,Massachusetts,Mendon,mendon,massachusetts
US,Massachusetts,Methuen,methuen,massachusetts
US,Massachusetts,Middleton,middleton,massachusetts
US,Massachusetts,Milford,milford,massachusetts
US,Massachusetts,Millis,millis,massachusetts
US,Massachusetts,Millville,millville,massachusetts
US,Massachusetts,Milton,milton,massachusetts
US,Massachusetts,Mission Hill,mission hill,massachusetts
US,Massachusetts,N Attleboro,n attleboro,massachusetts
US,Massachusetts,N. Billerica,n. billerica,massachusetts
US,Massachusetts,Nahant,nahant,massachusetts
US,Massachusetts,Nantucket,nantucket,massachusetts
US,Massachusetts,Natick,natick,massachusetts
US,Massachusetts,Needham,needham,massachusetts
US,Massachusetts,New Bedford,new bedford,massachusetts
US,Massachusetts,Newbury,newbury,massachusetts
US,Massachusetts,Newburyport,newburyport,massachusetts
US,Massachusetts,Newton,newton,massachusetts
US,Massachusetts,Newton Center,newton center,massachusetts
US,Massachusetts,Newton Highlands,newton highlands,massachusetts
US,Massachusetts,Newton Lower Falls,newton lower falls,massachusetts
US,Massachusetts,Newtonville,newtonville,massachusetts
US,Massachusetts,Norfolk,norfolk,massachusetts
US,Massachusetts,North Adams,north adams,massachusetts
US,Massachusetts,North Andover,north andover,massachusetts
US,Massachusetts,North Attleboro,north attleboro,massachusetts
US,Massachusetts,North Attleborough,north attleborough,massachusetts
US,Massachusetts,North Dartmouth,north dartmouth,massachusetts
US,Massachusetts,North Dighton,north dighton,massachusetts
US,Massachusetts,North Eastham,north eastham,massachusetts
US,Massachusetts,North Easton,north easton,massachusetts
US,Massachusetts,North Falmouth,north falmouth,massachusetts
US,Massachusetts,North Grafton,north grafton,massachusetts
US,Massachusetts,North Reading,north reading,massachusetts
US,Massachusetts,North Weymouth,north weymouth,massachusetts
US,Massachusetts,Northampton,northampton,massachusetts
US,Massachusetts,Northborough,northborough,massachusetts
US,Massachusetts,Northbridge,northbridge,massachusetts
US,Massachusetts,Norton,norton,massachusetts
US,Massachusetts,Norwell,norwell,massachusetts
US,Massachusetts,Norwood,norwood,massachusetts
US,Massachusetts,Orange,orange,massachusetts
US,Massachusetts,Orleans,orleans,massachusetts
US,Massachusetts,Palmer,palmer,massachusetts
US,Massachusetts,Paxton,paxton,massachusetts
US,Massachusetts,Peabody,peabody,massachusetts
US,Massachusetts,Pembroke,pembroke,massachusetts
US,Massachusetts,Pepperell,pepperell,massachusetts
US,Massachusetts,Petersham,petersham,massachusetts
US,Massachusetts,Pittsfield,pittsfield,massachusetts
US,Massachusetts,Plainville,plainville,massachusetts
US,Massachusetts,Plymouth,plymouth,massachusetts
US,Massachusetts,Plympton,plympton,massachusetts
US,Massachusetts,Pocasset,pocasset,massachusetts
US,Massachusetts,Princeton,princeton,massachusetts
US,Massachusetts,Provincetown,provincetown,massachusetts
US,Massachusetts,Quincy,quincy,massachusetts
US,Massachusetts,Randolph,randolph,massachusetts
US,Massachusetts,Raynham,raynham,massachusetts
US,Massachusetts,Reading,reading,massachusetts
US,Massachusetts,Rehoboth,rehoboth,massachusetts
US,Massachusetts,Revere,revere,massachusetts
US,Massachusetts,Rochester,rochester,massachusetts
US,Massachusetts,Rockland,rockland,massachusetts
US,Massachusetts,Rockport,rockport,massachusetts
US,Massachusetts,Roslindale,roslindale,massachusetts
US,Massachusetts,Roxbury,roxbury,massachusetts
US,Massachusetts,Roxbury Crossing,roxbury crossing,massachusetts
US,Massachusetts,Rutland,rutland,massachusetts
US,Massachusetts,S Deerfield,s deerfield,massachusetts
US,Massachusetts,S Hamilton,s hamilton,massachusetts
US,Massachusetts,Salem,salem,massachusetts
US,Massachusetts,Salisbury,salisbury,massachusetts
US,Massachusetts,Sandwich,sandwich,massachusetts
US,Massachusetts,Saugus,saugus,massachusetts
US,Massachusetts,Scituate,scituate,massachusetts
US,Massachusetts,Seekonk,seekonk,massachusetts
US,Massachusetts,Sharon,sharon,massachusetts
US,Massachusetts,Shelburne Falls,shelburne falls,massachusetts
US,Massachusetts,Sherborn,sherborn,massachusetts
US,Massachusetts,Shrewsbury,shrewsbury,massachusetts
US,Massachusetts,Somerset,somerset,massachusetts
US,Massachusetts,Somerville,somerville,massachusetts
US,Massachusetts,South Barre,south barre,massachusetts
US,Massachusetts,South Boston,south boston,massachusetts
US,Massachusetts,South Chatham,south chatham,massachusetts
US,Massachusetts,South Deerfield,south deerfield,massachusetts
US,Massachusetts,South Dennis,south dennis,massachusetts
US,Massachusetts,South Easton,south easton,massachusetts
US,Massachusetts,South Egremont,south egremont,massachusetts
US,Massachusetts,South Grafton,south grafton,massachusetts
US,Massachusetts,South Hadley,south hadley,massachusetts
US,Massachusetts,South Hamilton,south hamilton,massachusetts
US,Massachusetts,South Weymouth,south weymouth,massachusetts
US,Massachusetts,South Yarmouth,south yarmouth,massachusetts
US,Massachusetts,Southampton,southampton,massachusetts
US,Massachusetts,Southborough,southborough,massachusetts
US,Massachusetts,Southbridge,southbridge,massachusetts
US,Massachusetts,Southfield,southfield,massachusetts
US,Massachusetts,Southwick,southwick,massachusetts
US,Massachusetts,Spencer,spencer,massachusetts
US,Massachusetts,Springfield,springfield,massachusetts
US,Massachusetts,Sterling,sterling,massachusetts
US,Massachusetts,Stockbridge,stockbridge,massachusetts
US,Massachusetts,Stoneham,stoneham,massachusetts
US,Massachusetts,Stoughton,stoughton,massachusetts
US,Massachusetts,Stow,stow,massachusetts
US,Massachusetts,Sudbury,sudbury,massachusetts
US,Massachusetts,Sunderland,sunderland,massachusetts
US,Massachusetts,Sutton,sutton,massachusetts
US,Massachusetts,Swampscott,swampscott,massachusetts
US,Massachusetts,Swansea,swansea,massachusetts
US,Massachusetts,Taunton,taunton,massachusetts
US,Massachusetts,Tauton,tauton,massachusetts
US,Massachusetts,Teaticket,teaticket,massachusetts
US,Massachusetts,Tewksbury,tewksbury,massachusetts
US,Massachusetts,Topsfield,topsfield,massachusetts
US,Massachusetts,Townsend,townsend,massachusetts
US,Massachusetts,Tyngsborough,tyngsborough,massachusetts
US,Massachusetts,Upton,upton,massachusetts
US,Massachusetts,Uxbridge,uxbridge,massachusetts
US,Massachusetts,Vineyard Haven,vineyard haven,massachusetts
US,Massachusetts,Waban,waban,massachusetts
US,Massachusetts,Wakefield,wakefield,massachusetts
US,Massachusetts,Walpole,walpole,massachusetts
US,Massachusetts,Waltham,waltham,massachusetts
US,Massachusetts,Ware,ware,massachusetts
US,Massachusetts,Watertown,watertown,massachusetts
US,Massachusetts,Wayland,wayland,massachusetts
US,Massachusetts,Webster,webster,massachusetts
US,Massachusetts,Wellesley,wellesley,massachusetts
US,Massachusetts,Wellesley Hills,wellesley hills,massachusetts
US,Massachusetts,Wenham,wenham,massachusetts
US,Massachusetts,West Boylston,west boylston,massachusetts
US,Massachusetts,West Bridgewater,west bridgewater,massachusetts
US,Massachusetts,West Falmouth,west falmouth,massachusetts
US,Massachusetts,West Groton,west groton,massachusetts
US,Massachusetts,West Hyannisport,west hyannisport,massachusetts
US,Massachusetts,West Newbury,west newbury,massachusetts
US,Massachusetts,West Newton,west newton,massachusetts
US,Massachusetts,West Roxbury,west roxbury,massachusetts
US,Massachusetts,West Springfield,west springfield,massachusetts
US,Massachusetts,West Yarmouth,west yarmouth,massachusetts
US,Massachusetts,Westborough,westborough,massachusetts
US,Massachusetts,Westfield,westfield,massachusetts
US,Massachusetts,Westford,westford,massachusetts
US,Massachusetts,Westminster,westminster,massachusetts
US,Massachusetts,Weston,weston,massachusetts
US,Massachusetts,Westport,westport,massachusetts
US,Massachusetts,Westwood,westwood,massachusetts
US,Massachusetts,Weymouth,weymouth,massachusetts
US,Massachusetts,Whately,whately,massachusetts
US,Massachusetts,Whitinsville,whitinsville,massachusetts
US,Massachusetts,Whitman,whitman,massachusetts
US,Massachusetts,Wilbraham,wilbraham,massachusetts
US,Massachusetts,Wilmington,wilmington,massachusetts
US,Massachusetts,Winchester,winchester,massachusetts
US,Massachusetts,Winthrop,winthrop,massachusetts
US,Massachusetts,Woburn,woburn,massachusetts
US,Massachusetts,Worcester,worcester,massachusetts
US,Massachusetts,Wrentham,wrentham,massachusetts
US,Massachusetts,Yarmouth Port,yarmouth port,massachusetts
US,Massachusetts,Yarmouthport,yarmouthport,massachusetts
US,Michigan,Ada,ada,michigan
US,Michigan,Alger,alger,michigan
US,Michigan,Allegan,allegan,michigan
US,Michigan,Allen Park,allen park,michigan
US,Michigan,Allendale,allendale,michigan
US,Michigan,Alpena,alpena,michigan
US,Michigan,Ann Arbor,ann arbor,michigan
US,Michigan,Auburn Hills,auburn hills,michigan
US,Michigan,Avoca,avoca,michigan
US,Michigan,Bad Axe,bad axe,michigan
US,Michigan,Baroda,baroda,michigan
US,Michigan,Bath,bath,michigan
US,Michigan,Battle Creek,battle creek,michigan
US,Michigan,Bay City,bay city,michigan
US,Michigan,Bay Port,bay port,michigan
US,Michigan,Beaverton,beaverton,michigan
US,Michigan,Belding,belding,michigan
US,Michigan,Belleville,belleville,michigan
US,Michigan,Bellevue,bellevue,michigan
US,Michigan,Belmont,belmont,michigan
US,Michigan,Berkley,berkley,michigan
US,Michigan,Beverly Hills,beverly hills,michigan
US,Michigan,Big Rapids,big rapids,michigan
US,Michigan,Bingham Farms,bingham farms,michigan
US,Michigan,Birch Run,birch run,michigan
US,Michigan,Birmingham,birmingham,michigan
US,Michigan,Bloomfield Hills,bloomfield hills,michigan
US,Michigan,Boyne City,boyne city,michigan
US,Michigan,Brighton,brighton,michigan
US,Michigan,Britton,britton,michigan
US,Michigan,Brooklyn,brooklyn,michigan
US,Michigan,Bruce Township,bruce township,michigan
US,Michigan,Buchanan,buchanan,michigan
US,Michigan,Byron Center,byron center,michigan
US,Michigan,Cadillac,cadillac,michigan
US,Michigan,Caledonia,caledonia,michigan
US,Michigan,Calumet,calumet,michigan
US,Michigan,Canton,canton,michigan
US,Michigan,Carleton,carleton,michigan
US,Michigan,Caspian,caspian,michigan
US,Michigan,Cedar Springs,cedar springs,michigan
US,Michigan,Center Line,center line,michigan
US,Michigan,Charlevoix,charlevoix,michigan
US,Michigan,Charlotte,charlotte,michigan
US,Michigan,Cheboygan,cheboygan,michigan
US,Michigan,Chelsea,chelsea,michigan
US,Michigan,Chesterfield,chesterfield,michigan
US,Michigan,Clarkston,clarkston,michigan
US,Michigan,Clawson,clawson,michigan
US,Michigan,Clinton Township,clinton township,michigan
US,Michigan,Clyde,clyde,michigan
US,Michigan,Coldwater,coldwater,michigan
US,Michigan,Commerce Charter Township,commerce charter township,michigan
US,Michigan,Commerce Township,commerce township,michigan
US,Michigan,Commerce Twp,commerce twp,michigan
US,Michigan,Comstock Park,comstock park,michigan
US,Michigan,Coopersville,coopersville,michigan
US,Michigan,Corunna,corunna,michigan
US,Michigan,Crystal Falls,crystal falls,michigan
US,Michigan,Curran,curran,michigan
US,Michigan,Dansville,dansville,michigan
US,Michigan,Davison,davison,michigan
US,Michigan,Dearborn,dearborn,michigan
US,Michigan,Dearborn Heights,dearborn heights,michigan
US,Michigan,Dearborn Hgts.,dearborn hgts.,michigan
US,Michigan,Detroit,detroit,michigan
US,Michigan,Dewitt,dewitt,michigan
US,Michigan,Dexter,dexter,michigan
US,Michigan,Dorr,dorr,michigan
US,Michigan,Dowagiac,dowagiac,michigan
US,Michigan,Dryden,dryden,michigan
US,Michigan,Dundee,dundee,michigan
US,Michigan,East China,east china,michigan
US,Michigan,East Grand Rapids,east grand rapids,michigan
US,Michigan,East Jordan,east jordan,michigan
US,Michigan,East Lansing,east lansing,michigan
US,Michigan,Eaton Rapids,eaton rapids,michigan
US,Michigan,Edwardsburg,edwardsburg,michigan
US,Michigan,Empire,empire,michigan
US,Michigan,Escanaba,escanaba,michigan
US,Michigan,Evart,evart,michigan
US,Michigan,Farmington,farmington,michigan
US,Michigan,Farmington Hills,farmington hills,michigan
US,Michigan,Farwell,farwell,michigan
US,Michigan,Fenton,fenton,michigan
US,Michigan,Ferndale,ferndale,michigan
US,Michigan,Fife Lake,fife lake,michigan
US,Michigan,Flat Rock,flat rock,michigan
US,Michigan,Flint,flint,michigan
US,Michigan,Flushing,flushing,michigan
US,Michigan,Fort Gratiot,fort gratiot,michigan
US,Michigan,Fowlerville,fowlerville,michigan
US,Michigan,Frankenmuth,frankenmuth,michigan
US,Michigan,Franklin,franklin,michigan
US,Michigan,Fraser,fraser,michigan
US,Michigan,Freeland,freeland,michigan
US,Michigan,Fremont,fremont,michigan
US,Michigan,Gaastra,gaastra,michigan
US,Michigan,Gaines,gaines,michigan
US,Michigan,Galien,galien,michigan
US,Michigan,Garden City,garden city,michigan
US,Michigan,Gaylord,gaylord,michigan
US,Michigan,Gibraltar,gibraltar,michigan
US,Michigan,Gladwin,gladwin,michigan
US,Michigan,Goodrich,goodrich,michigan
US,Michigan,Grand Blanc,grand blanc,michigan
US,Michigan,Grand Haven,grand haven,michigan
US,Michigan,Grand Ledge,grand ledge,michigan
US,Michigan,Grand Rapids,grand rapids,michigan
US,Michigan,Grandville,grandville,michigan
US,Michigan,Grant,grant,michigan
US,Michigan,Grass Lake,grass lake,michigan
US,Michigan,Grayling,grayling,michigan
US,Michigan,Greenville,greenville,michigan
US,Michigan,Grosse Ile,grosse ile,michigan
US,Michigan,Grosse Pointe,grosse pointe,michigan
US,Michigan,Grosse Pointe Farms,grosse pointe farms,michigan
US,Michigan,Grosse Pointe Park,grosse pointe park,michigan
US,Michigan,Grosse Pointe Woods,grosse pointe woods,michigan
US,Michigan,Grosse Pt Frm,grosse pt frm,michigan
US,Michigan,Hamilton,hamilton,michigan
US,Michigan,Hancock,hancock,michigan
US,Michigan,Hanover,hanover,michigan
US,Michigan,Harbor Beach,harbor beach,michigan
US,Michigan,Harbor Springs,harbor springs,michigan
US,Michigan,Harper Woods,harper woods,michigan
US,Michigan,Harrison Township,harrison township,michigan
US,Michigan,Harrison Twp,harrison twp,michigan
US,Michigan,Harsens Island,harsens island,michigan
US,Michigan,Hartford,hartford,michigan
US,Michigan,Hartland,hartland,michigan
US,Michigan,Haslett,haslett,michigan
US,Michigan,Hazel Park,hazel park,michigan
US,Michigan,Highland,highland,michigan
US,Michigan,Hillsdale,hillsdale,michigan
US,Michigan,Holland,holland,michigan
US,Michigan,Holly,holly,michigan
US,Michigan,Holt,holt,michigan
US,Michigan,Horton,horton,michigan
US,Michigan,Houghton,houghton,michigan
US,Michigan,Howell,howell,michigan
US,Michigan,Hudsonville,hudsonville,michigan
US,Michigan,Huntington Woods,huntington woods,michigan
US,Michigan,Imlay City,imlay city,michigan
US,Michigan,Interlochen,interlochen,michigan
US,Michigan,Iron Mountain,iron mountain,michigan
US,Michigan,Ithaca,ithaca,michigan
US,Michigan,Jackson,jackson,michigan
US,Michigan,Jenison,jenison,michigan
US,Michigan,Jones,jones,michigan
US,Michigan,Kalamazoo,kalamazoo,michigan
US,Michigan,Kalkaska,kalkaska,michigan
US,Michigan,Kawkawlin,kawkawlin,michigan
US,Michigan,Kentwood,kentwood,michigan
US,Michigan,Kimball,kimball,michigan
US,Michigan,La Salle,la salle,michigan
US,Michigan,Laingsburg,laingsburg,michigan
US,Michigan,Lake,lake,michigan
US,Michigan,Lake Orion,lake orion,michigan
US,Michigan,Lambertville,lambertville,michigan
US,Michigan,Lansing,lansing,michigan
US,Michigan,Lapeer,lapeer,michigan
US,Michigan,Leland,leland,michigan
US,Michigan,Leonard,leonard,michigan
US,Michigan,Lewiston,lewiston,michigan
US,Michigan,Lexington,lexington,michigan
US,Michigan,Linden,linden,michigan
US,Michigan,Litchfield,litchfield,michigan
US,Michigan,Livonia,livonia,michigan
US,Michigan,Long Lake,long lake,michigan
US,Michigan,Lowell,lowell,michigan
US,Michigan,Macomb,macomb,michigan
US,Michigan,Macomb Township,macomb township,michigan
US,Michigan,Mancelona,mancelona,michigan
US,Michigan,Manistee,manistee,michigan
US,Michigan,Manistique,manistique,michigan
US,Michigan,Marine City,marine city,michigan
US,Michigan,Marquette,marquette,michigan
US,Michigan,Marshall,marshall,michigan
US,Michigan,Marysville,marysville,michigan
US,Michigan,Mason,mason,michigan
US,Michigan,Mattawan,mattawan,michigan
US,Michigan,Mcmillan,mcmillan,michigan
US,Michigan,Midland,midland,michigan
US,Michigan,Milano,milano,michigan
US,Michigan,Milford,milford,michigan
US,Michigan,Milford Charter Township,milford charter township,michigan
US,Michigan,Millington,millington,michigan
US,Michigan,Monroe,monroe,michigan
US,Michigan,Mount Morris,mount morris,michigan
US,Michigan,Mount Pleasant,mount pleasant,michigan
US,Michigan,Muskegon,muskegon,michigan
US,Michigan,National City,national city,michigan
US,Michigan,Naubinway,naubinway,michigan
US,Michigan,Negaunee,negaunee,michigan
US,Michigan,New Baltimore,new baltimore,michigan
US,Michigan,New Boston,new boston,michigan
US,Michigan,New Buffalo,new buffalo,michigan
US,Michigan,Niles,niles,michigan
US,Michigan,North Muskegon,north muskegon,michigan
US,Michigan,Northville,northville,michigan
US,Michigan,Norton Shores,norton shores,michigan
US,Michigan,Novi,novi,michigan
US,Michigan,Nunica,nunica,michigan
US,Michigan,Oak Park,oak park,michigan
US,Michigan,Oakland,oakland,michigan
US,Michigan,Oakland Township,oakland township,michigan
US,Michigan,Oakley,oakley,michigan
US,Michigan,Okemos,okemos,michigan
US,Michigan,Onsted,onsted,michigan
US,Michigan,Ortonville,ortonville,michigan
US,Michigan,Owosso,owosso,michigan
US,Michigan,Oxford,oxford,michigan
US,Michigan,Parma,parma,michigan
US,Michigan,Paw Paw,paw paw,michigan
US,Michigan,Perry,perry,michigan
US,Michigan,Petoskey,petoskey,michigan
US,Michigan,Pierson,pierson,michigan
US,Michigan,Pigeon,pigeon,michigan
US,Michigan,Pinckney,pinckney,michigan
US,Michigan,Pinconning,pinconning,michigan
US,Michigan,Plainwell,plainwell,michigan
US,Michigan,Pleasant Ridge,pleasant ridge,michigan
US,Michigan,Plymouth,plymouth,michigan
US,Michigan,Pontiac,pontiac,michigan
US,Michigan,Port Hope,port hope,michigan
US,Michigan,Port Huron,port huron,michigan
US,Michigan,Portage,portage,michigan
US,Michigan,Portland,portland,michigan
US,Michigan,Prescott,prescott,michigan
US,Michigan,Raisinvl Township,raisinvl township,michigan
US,Michigan,Rapid City,rapid city,michigan
US,Michigan,Ray,ray,michigan
US,Michigan,Reading,reading,michigan
US,Michigan,Redford,redford,michigan
US,Michigan,Reed City,reed city,michigan
US,Michigan,Richland,richland,michigan
US,Michigan,Riley,riley,michigan
US,Michigan,Rochester,rochester,michigan
US,Michigan,Rochester Hills,rochester hills,michigan
US,Michigan,Rockford,rockford,michigan
US,Michigan,Rockwood,rockwood,michigan
US,Michigan,Rodney,rodney,michigan
US,Michigan,Romulus,romulus,michigan
US,Michigan,Roseville,roseville,michigan
US,Michigan,Royal Oak,royal oak,michigan
US,Michigan,Ruth,ruth,michigan
US,Michigan,Saginaw,saginaw,michigan
US,Michigan,Saint Clair,saint clair,michigan
US,Michigan,Saint Clair Shores,saint clair shores,michigan
US,Michigan,Saint Johns,saint johns,michigan
US,Michigan,Saint Joseph,saint joseph,michigan
US,Michigan,Saline,saline,michigan
US,Michigan,Sandusky,sandusky,michigan
US,Michigan,Sanford,sanford,michigan
US,Michigan,Saranac,saranac,michigan
US,Michigan,Saugatuck,saugatuck,michigan
US,Michigan,Sault Ste. Marie,sault ste. marie,michigan
US,Michigan,Sawyer,sawyer,michigan
US,Michigan,Scs,scs,michigan
US,Michigan,Sebewaing,sebewaing,michigan
US,Michigan,Shelby,shelby,michigan
US,Michigan,Shelby Township,shelby township,michigan
US,Michigan,Sidney,sidney,michigan
US,Michigan,South Haven,south haven,michigan
US,Michigan,South Lyon,south lyon,michigan
US,Michigan,Southfield,southfield,michigan
US,Michigan,Southgate,southgate,michigan
US,Michigan,Sparta,sparta,michigan
US,Michigan,Spring Lake,spring lake,michigan
US,Michigan,St Joseph,st joseph,michigan
US,Michigan,St. Clair Shores,st. clair shores,michigan
US,Michigan,St. Joseph,st. joseph,michigan
US,Michigan,Sterling Heights,sterling heights,michigan
US,Michigan,Stevensville,stevensville,michigan
US,Michigan,Sturgis,sturgis,michigan
US,Michigan,Superior Township,superior township,michigan
US,Michigan,Suttons Bay,suttons bay,michigan
US,Michigan,Swartz Creek,swartz creek,michigan
US,Michigan,Tawas City,tawas city,michigan
US,Michigan,Taylor,taylor,michigan
US,Michigan,Tecumseh,tecumseh,michigan
US,Michigan,Temperance,temperance,michigan
US,Michigan,Three Oaks,three oaks,michigan
US,Michigan,Tipton,tipton,michigan
US,Michigan,Traverse City,traverse city,michigan
US,Michigan,Trenton,trenton,michigan
US,Michigan,Troy,troy,michigan
US,Michigan,Twin Lake,twin lake,michigan
US,Michigan,Union,union,michigan
US,Michigan,Union Pier,union pier,michigan
US,Michigan,Utica,utica,michigan
US,Michigan,Van Buren Charter Township,van buren charter township,michigan
US,Michigan,Vestaburg,vestaburg,michigan
US,Michigan,Walled Lake,walled lake,michigan
US,Michigan,Warren,warren,michigan
US,Michigan,Washington,washington,michigan
US,Michigan,Washington Twp,washington twp,michigan
US,Michigan,Waterford,waterford,michigan
US,Michigan,Waterford Township,waterford township,michigan
US,Michigan,Wayland,wayland,michigan
US,Michigan,Wayne,wayne,michigan
US,Michigan,West Bloomfield,west bloomfield,michigan
US,Michigan,West Olive,west olive,michigan
US,Michigan,Westland,westland,michigan
US,Michigan,White Lake,white lake,michigan
US,Michigan,Whitmore Lake,whitmore lake,michigan
US,Michigan,Williamsburg,williamsburg,michigan
US,Michigan,Williamston,williamston,michigan
US,Michigan,Willis,willis,michigan
US,Michigan,Wixom,wixom,michigan
US,Michigan,Woodhaven,woodhaven,michigan
US,Michigan,Wyoming,wyoming,michigan
US,Michigan,Yale,yale,michigan
US,Michigan,Ypsilanti,ypsilanti,michigan
US,Michigan,Zeeland,zeeland,michigan
US,Minnesota,Afton,afton,minnesota
US,Minnesota,Aitkin,aitkin,minnesota
US,Minnesota,Albert Lea,albert lea,minnesota
US,Minnesota,Alexandria,alexandria,minnesota
US,Minnesota,Andover,andover,minnesota
US,Minnesota,Apple Valley,apple valley,minnesota
US,Minnesota,Arden Hills,arden hills,minnesota
US,Minnesota,Ashby,ashby,minnesota
US,Minnesota,Avon,avon,minnesota
US,Minnesota,Belle Plaine,belle plaine,minnesota
US,Minnesota,Biwabik,biwabik,minnesota
US,Minnesota,Blaine,blaine,minnesota
US,Minnesota,Blooming Prairie,blooming prairie,minnesota
US,Minnesota,Bloomington,bloomington,minnesota
US,Minnesota,Breezy Point,breezy point,minnesota
US,Minnesota,Brooklyn Center,brooklyn center,minnesota
US,Minnesota,Brooklyn Park,brooklyn park,minnesota
US,Minnesota,Buffalo,buffalo,minnesota
US,Minnesota,Burnsville,burnsville,minnesota
US,Minnesota,Byron,byron,minnesota
US,Minnesota,Cambridge,cambridge,minnesota
US,Minnesota,Carlton,carlton,minnesota
US,Minnesota,Cass Lake,cass lake,minnesota
US,Minnesota,Champlin,champlin,minnesota
US,Minnesota,Chanhassen,chanhassen,minnesota
US,Minnesota,Chaska,chaska,minnesota
US,Minnesota,Chisago City,chisago city,minnesota
US,Minnesota,Cloquet,cloquet,minnesota
US,Minnesota,Cokato,cokato,minnesota
US,Minnesota,Cold Spring,cold spring,minnesota
US,Minnesota,Columbia Heights,columbia heights,minnesota
US,Minnesota,Coon Rapids,coon rapids,minnesota
US,Minnesota,Cottage Grove,cottage grove,minnesota
US,Minnesota,Crystal,crystal,minnesota
US,Minnesota,Dassel,dassel,minnesota
US,Minnesota,Delano,delano,minnesota
US,Minnesota,Dilworth,dilworth,minnesota
US,Minnesota,Duluth,duluth,minnesota
US,Minnesota,Dundas,dundas,minnesota
US,Minnesota,Eagan,eagan,minnesota
US,Minnesota,East Grand Forks,east grand forks,minnesota
US,Minnesota,Eden Prairie,eden prairie,minnesota
US,Minnesota,Edina,edina,minnesota
US,Minnesota,Elk River,elk river,minnesota
US,Minnesota,Esko,esko,minnesota
US,Minnesota,Excelsior,excelsior,minnesota
US,Minnesota,Fairmont,fairmont,minnesota
US,Minnesota,Faribault,faribault,minnesota
US,Minnesota,Farmington,farmington,minnesota
US,Minnesota,Farwell,farwell,minnesota
US,Minnesota,Fergus Falls,fergus falls,minnesota
US,Minnesota,Finlayson,finlayson,minnesota
US,Minnesota,Forest Lake,forest lake,minnesota
US,Minnesota,Golden Valley,golden valley,minnesota
US,Minnesota,Good Thunder,good thunder,minnesota
US,Minnesota,Grand Marais,grand marais,minnesota
US,Minnesota,Grand Rapids,grand rapids,minnesota
US,Minnesota,Granite Falls,granite falls,minnesota
US,Minnesota,Ham Lake,ham lake,minnesota
US,Minnesota,Hanska,hanska,minnesota
US,Minnesota,Hastings,hastings,minnesota
US,Minnesota,Herman,herman,minnesota
US,Minnesota,Hermantown,hermantown,minnesota
US,Minnesota,Hibbing,hibbing,minnesota
US,Minnesota,Hopkins,hopkins,minnesota
US,Minnesota,Hugo,hugo,minnesota
US,Minnesota,Hutchinson,hutchinson,minnesota
US,Minnesota,Inver Grove Heights,inver grove heights,minnesota
US,Minnesota,Iron Junction,iron junction,minnesota
US,Minnesota,Jordan,jordan,minnesota
US,Minnesota,Kasota,kasota,minnesota
US,Minnesota,La Crescent,la crescent,minnesota
US,Minnesota,Lake Elmo,lake elmo,minnesota
US,Minnesota,Lakefield,lakefield,minnesota
US,Minnesota,Lakeville,lakeville,minnesota
US,Minnesota,Laporte,laporte,minnesota
US,Minnesota,Le Center,le center,minnesota
US,Minnesota,Lindstrom,lindstrom,minnesota
US,Minnesota,Lino Lakes,lino lakes,minnesota
US,Minnesota,Little Canada,little canada,minnesota
US,Minnesota,Long Lake,long lake,minnesota
US,Minnesota,Long Prairie,long prairie,minnesota
US,Minnesota,Lonsdale,lonsdale,minnesota
US,Minnesota,Loretto,loretto,minnesota
US,Minnesota,Lutsen,lutsen,minnesota
US,Minnesota,Luverne,luverne,minnesota
US,Minnesota,Madison Lake,madison lake,minnesota
US,Minnesota,Mahnomen,mahnomen,minnesota
US,Minnesota,Mahtomedi,mahtomedi,minnesota
US,Minnesota,Mankato,mankato,minnesota
US,Minnesota,Maple Grove,maple grove,minnesota
US,Minnesota,Maple Plain,maple plain,minnesota
US,Minnesota,Maplewood,maplewood,minnesota
US,Minnesota,Medina,medina,minnesota
US,Minnesota,Mendota Heights,mendota heights,minnesota
US,Minnesota,Minneapolis,minneapolis,minnesota
US,Minnesota,Minnetonka,minnetonka,minnesota
US,Minnesota,Minnetrista,minnetrista,minnesota
US,Minnesota,Minnneapolis,minnneapolis,minnesota
US,Minnesota,Monticello,monticello,minnesota
US,Minnesota,Moorhead,moorhead,minnesota
US,Minnesota,Mound,mound,minnesota
US,Minnesota,Mounds View,mounds view,minnesota
US,Minnesota,Mountain Lake,mountain lake,minnesota
US,Minnesota,New Hope,new hope,minnesota
US,Minnesota,New Prague,new prague,minnesota
US,Minnesota,Newport,newport,minnesota
US,Minnesota,Nisswa,nisswa,minnesota
US,Minnesota,North Oaks,north oaks,minnesota
US,Minnesota,North Saint Paul,north saint paul,minnesota
US,Minnesota,North St Paul,north st paul,minnesota
US,Minnesota,Northfield,northfield,minnesota
US,Minnesota,Oakdale,oakdale,minnesota
US,Minnesota,Orono,orono,minnesota
US,Minnesota,Osage,osage,minnesota
US,Minnesota,Osseo,osseo,minnesota
US,Minnesota,Otsego,otsego,minnesota
US,Minnesota,Owatonna,owatonna,minnesota
US,Minnesota,Park Rapids,park rapids,minnesota
US,Minnesota,Pequot Lakes,pequot lakes,minnesota
US,Minnesota,Pillager,pillager,minnesota
US,Minnesota,Plymouth,plymouth,minnesota
US,Minnesota,Princeton,princeton,minnesota
US,Minnesota,Prior Lake,prior lake,minnesota
US,Minnesota,Ramsey,ramsey,minnesota
US,Minnesota,Red Wing,red wing,minnesota
US,Minnesota,Richfield,richfield,minnesota
US,Minnesota,Robbinsdale,robbinsdale,minnesota
US,Minnesota,Rochester,rochester,minnesota
US,Minnesota,Rockford,rockford,minnesota
US,Minnesota,Rogers,rogers,minnesota
US,Minnesota,Rosemount,rosemount,minnesota
US,Minnesota,Roseville,roseville,minnesota
US,Minnesota,Rushford,rushford,minnesota
US,Minnesota,Saint Augusta,saint augusta,minnesota
US,Minnesota,Saint Bonifacius,saint bonifacius,minnesota
US,Minnesota,Saint Cloud,saint cloud,minnesota
US,Minnesota,Saint Louis Park,saint louis park,minnesota
US,Minnesota,Saint Michael,saint michael,minnesota
US,Minnesota,Saint Paul,saint paul,minnesota
US,Minnesota,Saint Paul Park,saint paul park,minnesota
US,Minnesota,Sanborn,sanborn,minnesota
US,Minnesota,Sartell,sartell,minnesota
US,Minnesota,Sauk Centre,sauk centre,minnesota
US,Minnesota,Sauk Rapids,sauk rapids,minnesota
US,Minnesota,Shakopee,shakopee,minnesota
US,Minnesota,Shoreview,shoreview,minnesota
US,Minnesota,Shorewood,shorewood,minnesota
US,Minnesota,Silver Bay,silver bay,minnesota
US,Minnesota,Silver Lake,silver lake,minnesota
US,Minnesota,South Saint Paul,south saint paul,minnesota
US,Minnesota,South St Paul,south st paul,minnesota
US,Minnesota,South St. Paul,south st. paul,minnesota
US,Minnesota,Spring Grove,spring grove,minnesota
US,Minnesota,Spring Park,spring park,minnesota
US,Minnesota,St . Paul,st . paul,minnesota
US,Minnesota,St Cloud,st cloud,minnesota
US,Minnesota,St Louis Park,st louis park,minnesota
US,Minnesota,St Paul,st paul,minnesota
US,Minnesota,St. Cloud,st. cloud,minnesota
US,Minnesota,St. Louis Park,st. louis park,minnesota
US,Minnesota,St. Paul,st. paul,minnesota
US,Minnesota,Stacy,stacy,minnesota
US,Minnesota,Stewartville,stewartville,minnesota
US,Minnesota,Stillwater,stillwater,minnesota
US,Minnesota,Tonka Bay,tonka bay,minnesota
US,Minnesota,Two Harbors,two harbors,minnesota
US,Minnesota,Vadnais Heights,vadnais heights,minnesota
US,Minnesota,Victoria,victoria,minnesota
US,Minnesota,Villard,villard,minnesota
US,Minnesota,Wabasha,wabasha,minnesota
US,Minnesota,Waconia,waconia,minnesota
US,Minnesota,Wadena,wadena,minnesota
US,Minnesota,Warren,warren,minnesota
US,Minnesota,Waverly,waverly,minnesota
US,Minnesota,Wayzata,wayzata,minnesota
US,Minnesota,Webster,webster,minnesota
US,Minnesota,White Bear Lake,white bear lake,minnesota
US,Minnesota,Winona,winona,minnesota
US,Minnesota,Woodbury,woodbury,minnesota
US,Minnesota,Zimmerman,zimmerman,minnesota
US,Mississippi,Amory,amory,mississippi
US,Mississippi,Batesville,batesville,mississippi
US,Mississippi,Bay Saint Louis,bay saint louis,mississippi
US,Mississippi,Bay St. Louis,bay st. louis,mississippi
US,Mississippi,Belden,belden,mississippi
US,Mississippi,Biloxi,biloxi,mississippi
US,Mississippi,Bogue Chitto,bogue chitto,mississippi
US,Mississippi,Brandon,brandon,mississippi
US,Mississippi,Brookhaven,brookhaven,mississippi
US,Mississippi,Byhalia,byhalia,mississippi
US,Mississippi,Byram,byram,mississippi
US,Mississippi,Caledonia,caledonia,mississippi
US,Mississippi,Carthage,carthage,mississippi
US,Mississippi,Cleveland,cleveland,mississippi
US,Mississippi,Clinton,clinton,mississippi
US,Mississippi,Collins,collins,mississippi
US,Mississippi,Columbia,columbia,mississippi
US,Mississippi,Columbus,columbus,mississippi
US,Mississippi,Corinth,corinth,mississippi
US,Mississippi,D'Iberville,d'iberville,mississippi
US,Mississippi,Diamondhead,diamondhead,mississippi
US,Mississippi,Diberville,diberville,mississippi
US,Mississippi,Ellisville,ellisville,mississippi
US,Mississippi,Flowood,flowood,mississippi
US,Mississippi,Fulton,fulton,mississippi
US,Mississippi,Gautier,gautier,mississippi
US,Mississippi,Glendora,glendora,mississippi
US,Mississippi,Gloster,gloster,mississippi
US,Mississippi,Greenwood,greenwood,mississippi
US,Mississippi,Gulfport,gulfport,mississippi
US,Mississippi,Hattiesburg,hattiesburg,mississippi
US,Mississippi,Hollandale,hollandale,mississippi
US,Mississippi,Indianola,indianola,mississippi
US,Mississippi,Isola,isola,mississippi
US,Mississippi,Iuka,iuka,mississippi
US,Mississippi,Jackson,jackson,mississippi
US,Mississippi,Lamar,lamar,mississippi
US,Mississippi,Laurel,laurel,mississippi
US,Mississippi,Long Beach,long beach,mississippi
US,Mississippi,Louisville,louisville,mississippi
US,Mississippi,Lucedale,lucedale,mississippi
US,Mississippi,Madison,madison,mississippi
US,Mississippi,Mccomb,mccomb,mississippi
US,Mississippi,Meadville,meadville,mississippi
US,Mississippi,Mendenhall,mendenhall,mississippi
US,Mississippi,Meridian,meridian,mississippi
US,Mississippi,Merigold,merigold,mississippi
US,Mississippi,Moselle,moselle,mississippi
US,Mississippi,Moss Point,moss point,mississippi
US,Mississippi,Natchez,natchez,mississippi
US,Mississippi,Nesbit,nesbit,mississippi
US,Mississippi,New Albany,new albany,mississippi
US,Mississippi,Ocean Springs,ocean springs,mississippi
US,Mississippi,Okolona,okolona,mississippi
US,Mississippi,Olive Branch,olive branch,mississippi
US,Mississippi,Osyka,osyka,mississippi
US,Mississippi,Oxford,oxford,mississippi
US,Mississippi,Pascagoula,pascagoula,mississippi
US,Mississippi,Pass Christian,pass christian,mississippi
US,Mississippi,Pearl,pearl,mississippi
US,Mississippi,Philadelphia,philadelphia,mississippi
US,Mississippi,Picayune,picayune,mississippi
US,Mississippi,Pontotoc,pontotoc,mississippi
US,Mississippi,Port Gibson,port gibson,mississippi
US,Mississippi,Prentiss,prentiss,mississippi
US,Mississippi,Purvis,purvis,mississippi
US,Mississippi,Quitman,quitman,mississippi
US,Mississippi,Raymond,raymond,mississippi
US,Mississippi,Ridgeland,ridgeland,mississippi
US,Mississippi,Saltillo,saltillo,mississippi
US,Mississippi,Sardis,sardis,mississippi
US,Mississippi,Saucier,saucier,mississippi
US,Mississippi,Seminary,seminary,mississippi
US,Mississippi,Senatobia,senatobia,mississippi
US,Mississippi,Shannon,shannon,mississippi
US,Mississippi,Shubuta,shubuta,mississippi
US,Mississippi,Southaven,southaven,mississippi
US,Mississippi,Starkville,starkville,mississippi
US,Mississippi,Summit,summit,mississippi
US,Mississippi,Sumrall,sumrall,mississippi
US,Mississippi,Taylor,taylor,mississippi
US,Mississippi,Terry,terry,mississippi
US,Mississippi,Tupelo,tupelo,mississippi
US,Mississippi,Vancleave,vancleave,mississippi
US,Mississippi,Vicksburg,vicksburg,mississippi
US,Mississippi,Walls,walls,mississippi
US,Mississippi,Waynesboro,waynesboro,mississippi
US,Mississippi,Wesson,wesson,mississippi
US,Mississippi,West Point,west point,mississippi
US,Mississippi,Winona,winona,mississippi
US,Missouri,Arnold,arnold,missouri
US,Missouri,Ashland,ashland,missouri
US,Missouri,Aurora,aurora,missouri
US,Missouri,Auxvasse,auxvasse,missouri
US,Missouri,Ballwin,ballwin,missouri
US,Missouri,Barnhart,barnhart,missouri
US,Missouri,Bates City,bates city,missouri
US,Missouri,Belle,belle,missouri
US,Missouri,Belton,belton,missouri
US,Missouri,Benton,benton,missouri
US,Missouri,Black Jack,black jack,missouri
US,Missouri,Bloomsdale,bloomsdale,missouri
US,Missouri,Blue Springs,blue springs,missouri
US,Missouri,Bolivar,bolivar,missouri
US,Missouri,Branson,branson,missouri
US,Missouri,Bunceton,bunceton,missouri
US,Missouri,Camdenton,camdenton,missouri
US,Missouri,Cape Girardeau,cape girardeau,missouri
US,Missouri,Carl Junction,carl junction,missouri
US,Missouri,Cassville,cassville,missouri
US,Missouri,Centralia,centralia,missouri
US,Missouri,Chamois,chamois,missouri
US,Missouri,Chesterfield,chesterfield,missouri
US,Missouri,Chillicothe,chillicothe,missouri
US,Missouri,Clayton,clayton,missouri
US,Missouri,Clinton,clinton,missouri
US,Missouri,Columbia,columbia,missouri
US,Missouri,Concordia,concordia,missouri
US,Missouri,Conway,conway,missouri
US,Missouri,Creve Coeur,creve coeur,missouri
US,Missouri,Cuba,cuba,missouri
US,Missouri,Dexter,dexter,missouri
US,Missouri,Elkland,elkland,missouri
US,Missouri,Ellsinore,ellsinore,missouri
US,Missouri,Eureka,eureka,missouri
US,Missouri,Farmington,farmington,missouri
US,Missouri,Fayette,fayette,missouri
US,Missouri,Fenton,fenton,missouri
US,Missouri,Festus,festus,missouri
US,Missouri,Flemington,flemington,missouri
US,Missouri,Florissant,florissant,missouri
US,Missouri,Frontenac,frontenac,missouri
US,Missouri,Galena,galena,missouri
US,Missouri,Grain Valley,grain valley,missouri
US,Missouri,Greenwood,greenwood,missouri
US,Missouri,Grover,grover,missouri
US,Missouri,Hallsville,hallsville,missouri
US,Missouri,Hamilton,hamilton,missouri
US,Missouri,Hannibal,hannibal,missouri
US,Missouri,Harrisburg,harrisburg,missouri
US,Missouri,Harrisonville,harrisonville,missouri
US,Missouri,Hartsburg,hartsburg,missouri
US,Missouri,High Ridge,high ridge,missouri
US,Missouri,Holden,holden,missouri
US,Missouri,Holts Summit,holts summit,missouri
US,Missouri,House Springs,house springs,missouri
US,Missouri,Hughesville,hughesville,missouri
US,Missouri,Imperial,imperial,missouri
US,Missouri,Independence,independence,missouri
US,Missouri,Innsbrook,innsbrook,missouri
US,Missouri,Jefferson City,jefferson city,missouri
US,Missouri,Jefferson Cty,jefferson cty,missouri
US,Missouri,Joplin,joplin,missouri
US,Missouri,Kansas City,kansas city,missouri
US,Missouri,Kc,kc,missouri
US,Missouri,Kearney,kearney,missouri
US,Missouri,Kimberling City,kimberling city,missouri
US,Missouri,Kirksville,kirksville,missouri
US,Missouri,Kirkwood,kirkwood,missouri
US,Missouri,Ladue,ladue,missouri
US,Missouri,Lake Lotawana,lake lotawana,missouri
US,Missouri,Lake Ozark,lake ozark,missouri
US,Missouri,Lake Saint Louis,lake saint louis,missouri
US,Missouri,Lake Winnebago,lake winnebago,missouri
US,Missouri,Lampe,lampe,missouri
US,Missouri,Lebanon,lebanon,missouri
US,Missouri,Lee'S Summit,lee's summit,missouri
US,Missouri,Lees Summit,lees summit,missouri
US,Missouri,Liberty,liberty,missouri
US,Missouri,Licking,licking,missouri
US,Missouri,Linn Creek,linn creek,missouri
US,Missouri,Lockwood,lockwood,missouri
US,Missouri,Lohman,lohman,missouri
US,Missouri,Manchester,manchester,missouri
US,Missouri,Maplewood,maplewood,missouri
US,Missouri,Marshfield,marshfield,missouri
US,Missouri,Maryland Heights,maryland heights,missouri
US,Missouri,Memphis,memphis,missouri
US,Missouri,Mercer,mercer,missouri
US,Missouri,Mexico,mexico,missouri
US,Missouri,Milan,milan,missouri
US,Missouri,Miller,miller,missouri
US,Missouri,Moberly,moberly,missouri
US,Missouri,Moscow Mills,moscow mills,missouri
US,Missouri,Moundville,moundville,missouri
US,Missouri,Mountain Grove,mountain grove,missouri
US,Missouri,Neosho,neosho,missouri
US,Missouri,Nixa,nixa,missouri
US,Missouri,Norwood,norwood,missouri
US,Missouri,O Fallon,o fallon,missouri
US,Missouri,O'Fallon,o'fallon,missouri
US,Missouri,Oak Grove,oak grove,missouri
US,Missouri,Odessa,odessa,missouri
US,Missouri,Ofallon,ofallon,missouri
US,Missouri,Olivette,olivette,missouri
US,Missouri,Overland,overland,missouri
US,Missouri,Ozark,ozark,missouri
US,Missouri,Pacific,pacific,missouri
US,Missouri,Parkville,parkville,missouri
US,Missouri,Phillipsburg,phillipsburg,missouri
US,Missouri,Platte City,platte city,missouri
US,Missouri,Poplar Bluff,poplar bluff,missouri
US,Missouri,Republic,republic,missouri
US,Missouri,Richland,richland,missouri
US,Missouri,Richmond Heights,richmond heights,missouri
US,Missouri,Richwoods,richwoods,missouri
US,Missouri,Riverside,riverside,missouri
US,Missouri,Rogersville,rogersville,missouri
US,Missouri,Rolla,rolla,missouri
US,Missouri,Saddllebrooke,saddllebrooke,missouri
US,Missouri,Saint  Louis,saint  louis,missouri
US,Missouri,Saint Charles,saint charles,missouri
US,Missouri,Saint Joseph,saint joseph,missouri
US,Missouri,Saint Louis,saint louis,missouri
US,Missouri,Saint Paul,saint paul,missouri
US,Missouri,Saint Peters,saint peters,missouri
US,Missouri,Salem,salem,missouri
US,Missouri,Seymour,seymour,missouri
US,Missouri,Shell Knob,shell knob,missouri
US,Missouri,Smithville,smithville,missouri
US,Missouri,Springfield,springfield,missouri
US,Missouri,St Charles,st charles,missouri
US,Missouri,St Louis,st louis,missouri
US,Missouri,St Peters,st peters,missouri
US,Missouri,St. Albans,st. albans,missouri
US,Missouri,St. Catharine,st. catharine,missouri
US,Missouri,St. James,st. james,missouri
US,Missouri,St. Louis,st. louis,missouri
US,Missouri,St. Peters,st. peters,missouri
US,Missouri,Stark City,stark city,missouri
US,Missouri,Stockton,stockton,missouri
US,Missouri,Sunset Hills,sunset hills,missouri
US,Missouri,Tipton,tipton,missouri
US,Missouri,Town And Country,town and country,missouri
US,Missouri,Troy,troy,missouri
US,Missouri,Tuscumbia,tuscumbia,missouri
US,Missouri,University City,university city,missouri
US,Missouri,Valley Park,valley park,missouri
US,Missouri,Villa Ridge,villa ridge,missouri
US,Missouri,Village Of Loch Lloyd,village of loch lloyd,missouri
US,Missouri,Warrensburg,warrensburg,missouri
US,Missouri,Warrenton,warrenton,missouri
US,Missouri,Washington,washington,missouri
US,Missouri,Weatherby Lake,weatherby lake,missouri
US,Missouri,Webb City,webb city,missouri
US,Missouri,Webster Groves,webster groves,missouri
US,Missouri,Weldon Spring,weldon spring,missouri
US,Missouri,Wentzville,wentzville,missouri
US,Missouri,Wildwood,wildwood,missouri
US,Missouri,Winchester,winchester,missouri
US,Missouri,Winfield,winfield,missouri
US,Missouri,Wright City,wright city,missouri
US,Montana,Belgrade,belgrade,montana
US,Montana,Big Sky,big sky,montana
US,Montana,Bigfork,bigfork,montana
US,Montana,Billings,billings,montana
US,Montana,Bozeman,bozeman,montana
US,Montana,Clancy,clancy,montana
US,Montana,Corvallis,corvallis,montana
US,Montana,Ennis,ennis,montana
US,Montana,Frenchtown,frenchtown,montana
US,Montana,Gallatin Gateway,gallatin gateway,montana
US,Montana,Great Falls,great falls,montana
US,Montana,Greenough,greenough,montana
US,Montana,Hardin,hardin,montana
US,Montana,Havre,havre,montana
US,Montana,Helena,helena,montana
US,Montana,Kalispell,kalispell,montana
US,Montana,Laurel,laurel,montana
US,Montana,Lewistown,lewistown,montana
US,Montana,Lolo,lolo,montana
US,Montana,Miles City,miles city,montana
US,Montana,Missoula,missoula,montana
US,Montana,Misssoula,misssoula,montana
US,Montana,Molt,molt,montana
US,Montana,Polson,polson,montana
US,Montana,Red Lodge,red lodge,montana
US,Montana,Sheridan,sheridan,montana
US,Montana,White Sulphur Springs,white sulphur springs,montana
US,Montana,Whitefish,whitefish,montana
US,Nebraska,Alliance,alliance,nebraska
US,Nebraska,Ashland,ashland,nebraska
US,Nebraska,Atkinson,atkinson,nebraska
US,Nebraska,Aurora,aurora,nebraska
US,Nebraska,Battle Creek,battle creek,nebraska
US,Nebraska,Bellevue,bellevue,nebraska
US,Nebraska,Bennington,bennington,nebraska
US,Nebraska,Blair,blair,nebraska
US,Nebraska,Columbus,columbus,nebraska
US,Nebraska,Cozad,cozad,nebraska
US,Nebraska,Doniphan,doniphan,nebraska
US,Nebraska,Elkhorn,elkhorn,nebraska
US,Nebraska,Elm Creek,elm creek,nebraska
US,Nebraska,Fremont,fremont,nebraska
US,Nebraska,Gering,gering,nebraska
US,Nebraska,Grand Island,grand island,nebraska
US,Nebraska,Hastings,hastings,nebraska
US,Nebraska,Hebron,hebron,nebraska
US,Nebraska,Herman,herman,nebraska
US,Nebraska,Humphrey,humphrey,nebraska
US,Nebraska,Imperial,imperial,nebraska
US,Nebraska,Johnson Lake,johnson lake,nebraska
US,Nebraska,La Vista,la vista,nebraska
US,Nebraska,Lexington,lexington,nebraska
US,Nebraska,Lincoln,lincoln,nebraska
US,Nebraska,Madison,madison,nebraska
US,Nebraska,Minatare,minatare,nebraska
US,Nebraska,Nebraska City,nebraska city,nebraska
US,Nebraska,Norfolk,norfolk,nebraska
US,Nebraska,North Platte,north platte,nebraska
US,Nebraska,Omaha,omaha,nebraska
US,Nebraska,Papillion,papillion,nebraska
US,Nebraska,Plattsmouth,plattsmouth,nebraska
US,Nebraska,Ralston,ralston,nebraska
US,Nebraska,S Sioux City,s sioux city,nebraska
US,Nebraska,Sterling,sterling,nebraska
US,Nebraska,Valley,valley,nebraska
US,Nebraska,Wahoo,wahoo,nebraska
US,Nebraska,Wilber,wilber,nebraska
US,Nevada,Boulder City,boulder city,nevada
US,Nevada,Carson City,carson city,nevada
US,Nevada,Elko,elko,nevada
US,Nevada,Fallon,fallon,nevada
US,Nevada,Gardnerville,gardnerville,nevada
US,Nevada,Genoa,genoa,nevada
US,Nevada,Henderson,henderson,nevada
US,Nevada,Incline Village,incline village,nevada
US,Nevada,Las Vegas,las vegas,nevada
US,Nevada,Las.Vegas,las.vegas,nevada
US,Nevada,Laughlin,laughlin,nevada
US,Nevada,Mesquite,mesquite,nevada
US,Nevada,Moapa,moapa,nevada
US,Nevada,N Las Vegas,n las vegas,nevada
US,Nevada,North Las Vegas,north las vegas,nevada
US,Nevada,Nv,nv,nevada
US,Nevada,Pahrump,pahrump,nevada
US,Nevada,Reno,reno,nevada
US,Nevada,Smith,smith,nevada
US,Nevada,Sparks,sparks,nevada
US,Nevada,Spring Creek,spring creek,nevada
US,Nevada,Sun Valley,sun valley,nevada
US,Nevada,Washoe Valley,washoe valley,nevada
US,Nevada,Winnemucca,winnemucca,nevada
US,New Hampshire,Alexandria,alexandria,new hampshire
US,New Hampshire,Allenstown,allenstown,new hampshire
US,New Hampshire,Alton Bay Nh,alton bay nh,new hampshire
US,New Hampshire,Amherst,amherst,new hampshire
US,New Hampshire,Auburn,auburn,new hampshire
US,New Hampshire,Barrington,barrington,new hampshire
US,New Hampshire,Bedford,bedford,new hampshire
US,New Hampshire,Bow,bow,new hampshire
US,New Hampshire,Brentwood,brentwood,new hampshire
US,New Hampshire,Bristol,bristol,new hampshire
US,New Hampshire,Brookline,brookline,new hampshire
US,New Hampshire,Candia,candia,new hampshire
US,New Hampshire,Center Barnstead,center barnstead,new hampshire
US,New Hampshire,Center Harbor,center harbor,new hampshire
US,New Hampshire,Center Ossipee,center ossipee,new hampshire
US,New Hampshire,Chester,chester,new hampshire
US,New Hampshire,Chichester,chichester,new hampshire
US,New Hampshire,Claremont,claremont,new hampshire
US,New Hampshire,Concord,concord,new hampshire
US,New Hampshire,Danville,danville,new hampshire
US,New Hampshire,Derry,derry,new hampshire
US,New Hampshire,Dover,dover,new hampshire
US,New Hampshire,Dublin,dublin,new hampshire
US,New Hampshire,Enfield,enfield,new hampshire
US,New Hampshire,Exeter,exeter,new hampshire
US,New Hampshire,Franklin,franklin,new hampshire
US,New Hampshire,Gilford,gilford,new hampshire
US,New Hampshire,Goffstown,goffstown,new hampshire
US,New Hampshire,Gorham,gorham,new hampshire
US,New Hampshire,Grantham,grantham,new hampshire
US,New Hampshire,Greenland,greenland,new hampshire
US,New Hampshire,Hampstead,hampstead,new hampshire
US,New Hampshire,Hampton,hampton,new hampshire
US,New Hampshire,Hampton Falls,hampton falls,new hampshire
US,New Hampshire,Hanover,hanover,new hampshire
US,New Hampshire,Harrisville,harrisville,new hampshire
US,New Hampshire,Hill,hill,new hampshire
US,New Hampshire,Hillsborough,hillsborough,new hampshire
US,New Hampshire,Hollis,hollis,new hampshire
US,New Hampshire,Hooksett,hooksett,new hampshire
US,New Hampshire,Hopkinton,hopkinton,new hampshire
US,New Hampshire,Hudson,hudson,new hampshire
US,New Hampshire,Jackson,jackson,new hampshire
US,New Hampshire,Jaffrey,jaffrey,new hampshire
US,New Hampshire,Keene,keene,new hampshire
US,New Hampshire,Kingston,kingston,new hampshire
US,New Hampshire,Laconia,laconia,new hampshire
US,New Hampshire,Landaff,landaff,new hampshire
US,New Hampshire,Lebanon,lebanon,new hampshire
US,New Hampshire,Lee,lee,new hampshire
US,New Hampshire,Litchfield,litchfield,new hampshire
US,New Hampshire,Littleton,littleton,new hampshire
US,New Hampshire,Londonderry,londonderry,new hampshire
US,New Hampshire,Lyman,lyman,new hampshire
US,New Hampshire,Lyme,lyme,new hampshire
US,New Hampshire,Manchester,manchester,new hampshire
US,New Hampshire,Meredith,meredith,new hampshire
US,New Hampshire,Meriden,meriden,new hampshire
US,New Hampshire,Merrimack,merrimack,new hampshire
US,New Hampshire,Mirror Lake,mirror lake,new hampshire
US,New Hampshire,Moultonborough,moultonborough,new hampshire
US,New Hampshire,Nashua,nashua,new hampshire
US,New Hampshire,New Boston,new boston,new hampshire
US,New Hampshire,New Castle,new castle,new hampshire
US,New Hampshire,New Hampton,new hampton,new hampshire
US,New Hampshire,New London,new london,new hampshire
US,New Hampshire,Newfields,newfields,new hampshire
US,New Hampshire,Newington,newington,new hampshire
US,New Hampshire,Newmarket,newmarket,new hampshire
US,New Hampshire,Newport,newport,new hampshire
US,New Hampshire,Newton,newton,new hampshire
US,New Hampshire,North Conway,north conway,new hampshire
US,New Hampshire,North Hampton,north hampton,new hampshire
US,New Hampshire,Northfield,northfield,new hampshire
US,New Hampshire,Nottingham,nottingham,new hampshire
US,New Hampshire,Ossipee,ossipee,new hampshire
US,New Hampshire,Pelham,pelham,new hampshire
US,New Hampshire,Pembroke,pembroke,new hampshire
US,New Hampshire,Peterborough,peterborough,new hampshire
US,New Hampshire,Plaistow,plaistow,new hampshire
US,New Hampshire,Plymouth,plymouth,new hampshire
US,New Hampshire,Portsmouth,portsmouth,new hampshire
US,New Hampshire,Raymond,raymond,new hampshire
US,New Hampshire,Richmond,richmond,new hampshire
US,New Hampshire,Rindge,rindge,new hampshire
US,New Hampshire,Rochester,rochester,new hampshire
US,New Hampshire,Rye,rye,new hampshire
US,New Hampshire,Salem,salem,new hampshire
US,New Hampshire,Sanbornville,sanbornville,new hampshire
US,New Hampshire,Sandown,sandown,new hampshire
US,New Hampshire,Sandwich,sandwich,new hampshire
US,New Hampshire,Seabrook,seabrook,new hampshire
US,New Hampshire,Somersworth,somersworth,new hampshire
US,New Hampshire,Stratham,stratham,new hampshire
US,New Hampshire,Surry,surry,new hampshire
US,New Hampshire,Thornton,thornton,new hampshire
US,New Hampshire,Troy,troy,new hampshire
US,New Hampshire,Walpole,walpole,new hampshire
US,New Hampshire,Washington,washington,new hampshire
US,New Hampshire,Weare,weare,new hampshire
US,New Hampshire,West Lebanon,west lebanon,new hampshire
US,New Hampshire,Wilton,wilton,new hampshire
US,New Hampshire,Windham,windham,new hampshire
US,New Hampshire,Wolfeboro,wolfeboro,new hampshire
US,New Jersey,Aberdeen,aberdeen,new jersey
US,New Jersey,Aberdeen Township,aberdeen township,new jersey
US,New Jersey,Allendale,allendale,new jersey
US,New Jersey,Allenhurst,allenhurst,new jersey
US,New Jersey,Allentown,allentown,new jersey
US,New Jersey,Allenwood,allenwood,new jersey
US,New Jersey,Alpine,alpine,new jersey
US,New Jersey,Andover,andover,new jersey
US,New Jersey,Annandale,annandale,new jersey
US,New Jersey,Asbury Park,asbury park,new jersey
US,New Jersey,Atco,atco,new jersey
US,New Jersey,Atlantic City,atlantic city,new jersey
US,New Jersey,Atlantic Highlands,atlantic highlands,new jersey
US,New Jersey,Avenel,avenel,new jersey
US,New Jersey,Avon By The Sea,avon by the sea,new jersey
US,New Jersey,Avon-By-The-Sea,avon-by-the-sea,new jersey
US,New Jersey,Barnegat,barnegat,new jersey
US,New Jersey,Barnegat Light,barnegat light,new jersey
US,New Jersey,Barnegat Township,barnegat township,new jersey
US,New Jersey,Barrington,barrington,new jersey
US,New Jersey,Basking Ridge,basking ridge,new jersey
US,New Jersey,"Basking Ridge, Nj","basking ridge, nj",new jersey
US,New Jersey,Bay Head,bay head,new jersey
US,New Jersey,Bayonne,bayonne,new jersey
US,New Jersey,Bayville,bayville,new jersey
US,New Jersey,Beach Haven,beach haven,new jersey
US,New Jersey,Bedminster,bedminster,new jersey
US,New Jersey,Belford,belford,new jersey
US,New Jersey,Belle Mead,belle mead,new jersey
US,New Jersey,Belleville,belleville,new jersey
US,New Jersey,Bellmawr,bellmawr,new jersey
US,New Jersey,Belmar,belmar,new jersey
US,New Jersey,Belvidere,belvidere,new jersey
US,New Jersey,Bergenfield,bergenfield,new jersey
US,New Jersey,Berkeley Heights,berkeley heights,new jersey
US,New Jersey,Bernardsville,bernardsville,new jersey
US,New Jersey,Beverly,beverly,new jersey
US,New Jersey,Blackwood,blackwood,new jersey
US,New Jersey,Blairstown,blairstown,new jersey
US,New Jersey,Bloomfield,bloomfield,new jersey
US,New Jersey,Bloomingdale,bloomingdale,new jersey
US,New Jersey,Bogota,bogota,new jersey
US,New Jersey,Boonton,boonton,new jersey
US,New Jersey,Boonton Township,boonton township,new jersey
US,New Jersey,Bordentown,bordentown,new jersey
US,New Jersey,Branchburg,branchburg,new jersey
US,New Jersey,Branchville,branchville,new jersey
US,New Jersey,Brick,brick,new jersey
US,New Jersey,Brick Township,brick township,new jersey
US,New Jersey,Bridgeton,bridgeton,new jersey
US,New Jersey,Bridgewater,bridgewater,new jersey
US,New Jersey,Brielle,brielle,new jersey
US,New Jersey,Brigantine,brigantine,new jersey
US,New Jersey,Brookside,brookside,new jersey
US,New Jersey,Browns Mills,browns mills,new jersey
US,New Jersey,Budd Lake,budd lake,new jersey
US,New Jersey,Burlington,burlington,new jersey
US,New Jersey,Butler,butler,new jersey
US,New Jersey,Caldwell,caldwell,new jersey
US,New Jersey,Califon,califon,new jersey
US,New Jersey,Cape May,cape may,new jersey
US,New Jersey,Cape May Court House,cape may court house,new jersey
US,New Jersey,Carlstadt,carlstadt,new jersey
US,New Jersey,Carneys Point,carneys point,new jersey
US,New Jersey,Carteret,carteret,new jersey
US,New Jersey,Cedar Grove,cedar grove,new jersey
US,New Jersey,Cedar Knolls,cedar knolls,new jersey
US,New Jersey,Chatham,chatham,new jersey
US,New Jersey,Chatham Township,chatham township,new jersey
US,New Jersey,Cherry Hill,cherry hill,new jersey
US,New Jersey,Chester,chester,new jersey
US,New Jersey,Chesterfield,chesterfield,new jersey
US,New Jersey,Cinnaminson,cinnaminson,new jersey
US,New Jersey,Clark,clark,new jersey
US,New Jersey,Clarksboro,clarksboro,new jersey
US,New Jersey,Cliffside Park,cliffside park,new jersey
US,New Jersey,Clifton,clifton,new jersey
US,New Jersey,Closter,closter,new jersey
US,New Jersey,Collingswood,collingswood,new jersey
US,New Jersey,Colonia,colonia,new jersey
US,New Jersey,Colts Neck,colts neck,new jersey
US,New Jersey,Columbia,columbia,new jersey
US,New Jersey,Columbus,columbus,new jersey
US,New Jersey,Cranford,cranford,new jersey
US,New Jersey,Cresskill,cresskill,new jersey
US,New Jersey,Dayton,dayton,new jersey
US,New Jersey,Delran,delran,new jersey
US,New Jersey,Demarest,demarest,new jersey
US,New Jersey,Denville,denville,new jersey
US,New Jersey,Deptford,deptford,new jersey
US,New Jersey,Deptford Township,deptford township,new jersey
US,New Jersey,Dover,dover,new jersey
US,New Jersey,Dumont,dumont,new jersey
US,New Jersey,Dunellen,dunellen,new jersey
US,New Jersey,East Brunswick,east brunswick,new jersey
US,New Jersey,East Greenwich Township,east greenwich township,new jersey
US,New Jersey,East Hanover,east hanover,new jersey
US,New Jersey,East Orange,east orange,new jersey
US,New Jersey,East Rutherford,east rutherford,new jersey
US,New Jersey,East Windsor,east windsor,new jersey
US,New Jersey,Eatontown,eatontown,new jersey
US,New Jersey,Edgewater,edgewater,new jersey
US,New Jersey,Edison,edison,new jersey
US,New Jersey,Egg Harbor City,egg harbor city,new jersey
US,New Jersey,Egg Harbor Township,egg harbor township,new jersey
US,New Jersey,Egg Harbor Twp,egg harbor twp,new jersey
US,New Jersey,Elizabeth,elizabeth,new jersey
US,New Jersey,Elmwood Park,elmwood park,new jersey
US,New Jersey,Emerson,emerson,new jersey
US,New Jersey,Englewood,englewood,new jersey
US,New Jersey,Englewood Cliffs,englewood cliffs,new jersey
US,New Jersey,Englishtown,englishtown,new jersey
US,New Jersey,Ewing,ewing,new jersey
US,New Jersey,Ewing Township,ewing township,new jersey
US,New Jersey,Fair Haven,fair haven,new jersey
US,New Jersey,Fair Lawn,fair lawn,new jersey
US,New Jersey,Fair-Lawn,fair-lawn,new jersey
US,New Jersey,Fairfield,fairfield,new jersey
US,New Jersey,Fairview,fairview,new jersey
US,New Jersey,Fanwood,fanwood,new jersey
US,New Jersey,Far Hills,far hills,new jersey
US,New Jersey,Farmingdale,farmingdale,new jersey
US,New Jersey,Flanders,flanders,new jersey
US,New Jersey,Flemington,flemington,new jersey
US,New Jersey,Florham Park,florham park,new jersey
US,New Jersey,Fords,fords,new jersey
US,New Jersey,Forked River,forked river,new jersey
US,New Jersey,Fort Lee,fort lee,new jersey
US,New Jersey,Franklin,franklin,new jersey
US,New Jersey,Franklin Lakes,franklin lakes,new jersey
US,New Jersey,Franklin Park,franklin park,new jersey
US,New Jersey,Franklin Township,franklin township,new jersey
US,New Jersey,Freehold,freehold,new jersey
US,New Jersey,Freehold Township,freehold township,new jersey
US,New Jersey,Frenchtown,frenchtown,new jersey
US,New Jersey,Galloway,galloway,new jersey
US,New Jersey,Garfield,garfield,new jersey
US,New Jersey,Garwood,garwood,new jersey
US,New Jersey,Gibbsboro,gibbsboro,new jersey
US,New Jersey,Gillette,gillette,new jersey
US,New Jersey,Gladstone,gladstone,new jersey
US,New Jersey,Glassboro,glassboro,new jersey
US,New Jersey,Glen Gardner,glen gardner,new jersey
US,New Jersey,Glen Ridge,glen ridge,new jersey
US,New Jersey,Glen Rock,glen rock,new jersey
US,New Jersey,Glenwood,glenwood,new jersey
US,New Jersey,Gloucester City,gloucester city,new jersey
US,New Jersey,Gloucester Township,gloucester township,new jersey
US,New Jersey,Green Brook Township,green brook township,new jersey
US,New Jersey,Green Village,green village,new jersey
US,New Jersey,Greenwich,greenwich,new jersey
US,New Jersey,Guttenberg,guttenberg,new jersey
US,New Jersey,Hackensack,hackensack,new jersey
US,New Jersey,Hackettstown,hackettstown,new jersey
US,New Jersey,Haddon Heights,haddon heights,new jersey
US,New Jersey,Haddon Township,haddon township,new jersey
US,New Jersey,Haddon Twp,haddon twp,new jersey
US,New Jersey,Haddonfield,haddonfield,new jersey
US,New Jersey,Hainesport,hainesport,new jersey
US,New Jersey,Hamburg,hamburg,new jersey
US,New Jersey,Hamilton,hamilton,new jersey
US,New Jersey,Hamilton Township,hamilton township,new jersey
US,New Jersey,Hammonton,hammonton,new jersey
US,New Jersey,Hampton,hampton,new jersey
US,New Jersey,Harrington Park,harrington park,new jersey
US,New Jersey,Harrison,harrison,new jersey
US,New Jersey,Harrison Township,harrison township,new jersey
US,New Jersey,Harvey Cedars,harvey cedars,new jersey
US,New Jersey,Hasbrouck Heights,hasbrouck heights,new jersey
US,New Jersey,Hawthorne,hawthorne,new jersey
US,New Jersey,Hazlet,hazlet,new jersey
US,New Jersey,Hewitt,hewitt,new jersey
US,New Jersey,High Bridge,high bridge,new jersey
US,New Jersey,Highland Park,highland park,new jersey
US,New Jersey,Highlands,highlands,new jersey
US,New Jersey,Hightstown,hightstown,new jersey
US,New Jersey,Hillsborough,hillsborough,new jersey
US,New Jersey,Hillsdale,hillsdale,new jersey
US,New Jersey,Hillside,hillside,new jersey
US,New Jersey,Ho Ho Kus,ho ho kus,new jersey
US,New Jersey,Hoboken,hoboken,new jersey
US,New Jersey,Holmdel,holmdel,new jersey
US,New Jersey,Hopatcong,hopatcong,new jersey
US,New Jersey,Hopewell,hopewell,new jersey
US,New Jersey,Howell,howell,new jersey
US,New Jersey,Howell Township,howell township,new jersey
US,New Jersey,Interlaken,interlaken,new jersey
US,New Jersey,Irvington,irvington,new jersey
US,New Jersey,Iselin,iselin,new jersey
US,New Jersey,Jackson,jackson,new jersey
US,New Jersey,Jackson Nj,jackson nj,new jersey
US,New Jersey,Jackson Township,jackson township,new jersey
US,New Jersey,Jamesburg,jamesburg,new jersey
US,New Jersey,Jefferson,jefferson,new jersey
US,New Jersey,Jersey City,jersey city,new jersey
US,New Jersey,Keansburg,keansburg,new jersey
US,New Jersey,Kearny,kearny,new jersey
US,New Jersey,Kendall Park,kendall park,new jersey
US,New Jersey,Kenilworth,kenilworth,new jersey
US,New Jersey,Keyport,keyport,new jersey
US,New Jersey,Kinnelon,kinnelon,new jersey
US,New Jersey,Lacey,lacey,new jersey
US,New Jersey,Lacey Township,lacey township,new jersey
US,New Jersey,Lafayette,lafayette,new jersey
US,New Jersey,Lake Hiawatha,lake hiawatha,new jersey
US,New Jersey,Lake Hopatcong,lake hopatcong,new jersey
US,New Jersey,Lakewood,lakewood,new jersey
US,New Jersey,Lambertville,lambertville,new jersey
US,New Jersey,Landing,landing,new jersey
US,New Jersey,Laurel Springs,laurel springs,new jersey
US,New Jersey,Laurence Harbor,laurence harbor,new jersey
US,New Jersey,Lavallette,lavallette,new jersey
US,New Jersey,Lawrence Township,lawrence township,new jersey
US,New Jersey,Lawrence Twp,lawrence twp,new jersey
US,New Jersey,Lawrenceville,lawrenceville,new jersey
US,New Jersey,Lebanon,lebanon,new jersey
US,New Jersey,Leonia,leonia,new jersey
US,New Jersey,Lincoln Park,lincoln park,new jersey
US,New Jersey,Lincroft,lincroft,new jersey
US,New Jersey,Linden,linden,new jersey
US,New Jersey,Lindenwold,lindenwold,new jersey
US,New Jersey,Linwood,linwood,new jersey
US,New Jersey,Little Egg Harbor Twp,little egg harbor twp,new jersey
US,New Jersey,Little Egg Harbot,little egg harbot,new jersey
US,New Jersey,Little Falls,little falls,new jersey
US,New Jersey,Little Ferry,little ferry,new jersey
US,New Jersey,Little Silver,little silver,new jersey
US,New Jersey,Livingston,livingston,new jersey
US,New Jersey,Locust,locust,new jersey
US,New Jersey,Long Beach,long beach,new jersey
US,New Jersey,Long Branch,long branch,new jersey
US,New Jersey,Long Valley,long valley,new jersey
US,New Jersey,Longport,longport,new jersey
US,New Jersey,Lumberton,lumberton,new jersey
US,New Jersey,Lumberton Township,lumberton township,new jersey
US,New Jersey,Lyndhurst,lyndhurst,new jersey
US,New Jersey,Madison,madison,new jersey
US,New Jersey,Mahwah,mahwah,new jersey
US,New Jersey,Malaga,malaga,new jersey
US,New Jersey,Manalapan,manalapan,new jersey
US,New Jersey,Manasquan,manasquan,new jersey
US,New Jersey,Manchester,manchester,new jersey
US,New Jersey,Manchester Township,manchester township,new jersey
US,New Jersey,Mantoloking,mantoloking,new jersey
US,New Jersey,Manville,manville,new jersey
US,New Jersey,Maple Shade,maple shade,new jersey
US,New Jersey,Maplewood,maplewood,new jersey
US,New Jersey,Margate City,margate city,new jersey
US,New Jersey,Marlboro,marlboro,new jersey
US,New Jersey,Marlboro Township,marlboro township,new jersey
US,New Jersey,Marlton,marlton,new jersey
US,New Jersey,Marmora,marmora,new jersey
US,New Jersey,Martinsville,martinsville,new jersey
US,New Jersey,Matawan,matawan,new jersey
US,New Jersey,Mays Landing,mays landing,new jersey
US,New Jersey,Mayslanding,mayslanding,new jersey
US,New Jersey,Maywood,maywood,new jersey
US,New Jersey,Medford,medford,new jersey
US,New Jersey,Medford Lakes,medford lakes,new jersey
US,New Jersey,Mendham,mendham,new jersey
US,New Jersey,Mendham Township,mendham township,new jersey
US,New Jersey,Mendham Twsp,mendham twsp,new jersey
US,New Jersey,Merchantville,merchantville,new jersey
US,New Jersey,Metuchen,metuchen,new jersey
US,New Jersey,Mickleton,mickleton,new jersey
US,New Jersey,Middletown,middletown,new jersey
US,New Jersey,Middletown Township,middletown township,new jersey
US,New Jersey,Midland Park,midland park,new jersey
US,New Jersey,Milford,milford,new jersey
US,New Jersey,Millburn,millburn,new jersey
US,New Jersey,Milltown,milltown,new jersey
US,New Jersey,Millville,millville,new jersey
US,New Jersey,Milmay,milmay,new jersey
US,New Jersey,Mine Hill,mine hill,new jersey
US,New Jersey,Monmouth Beach,monmouth beach,new jersey
US,New Jersey,Monmouth Jct,monmouth jct,new jersey
US,New Jersey,Monmouth Junction,monmouth junction,new jersey
US,New Jersey,Monroe,monroe,new jersey
US,New Jersey,Monroe Township,monroe township,new jersey
US,New Jersey,Monroe Twp,monroe twp,new jersey
US,New Jersey,Montclair,montclair,new jersey
US,New Jersey,Montvale,montvale,new jersey
US,New Jersey,Montville,montville,new jersey
US,New Jersey,Moonachie,moonachie,new jersey
US,New Jersey,Moorestown,moorestown,new jersey
US,New Jersey,Morganville,morganville,new jersey
US,New Jersey,Morris Plains,morris plains,new jersey
US,New Jersey,Morristown,morristown,new jersey
US,New Jersey,Mount Ephraim,mount ephraim,new jersey
US,New Jersey,Mount Holly,mount holly,new jersey
US,New Jersey,Mount Laurel,mount laurel,new jersey
US,New Jersey,Mount Olive,mount olive,new jersey
US,New Jersey,Mountain Lakes,mountain lakes,new jersey
US,New Jersey,Mountainside,mountainside,new jersey
US,New Jersey,Mullica Hill,mullica hill,new jersey
US,New Jersey,Neptune,neptune,new jersey
US,New Jersey,Neptune City,neptune city,new jersey
US,New Jersey,New Brunswick,new brunswick,new jersey
US,New Jersey,New Egypt,new egypt,new jersey
US,New Jersey,New Milford,new milford,new jersey
US,New Jersey,New Providence,new providence,new jersey
US,New Jersey,New Vernon,new vernon,new jersey
US,New Jersey,Newark,newark,new jersey
US,New Jersey,Newton,newton,new jersey
US,New Jersey,North Arlington,north arlington,new jersey
US,New Jersey,North Bergen,north bergen,new jersey
US,New Jersey,North Branch,north branch,new jersey
US,New Jersey,North Brunswick,north brunswick,new jersey
US,New Jersey,North Brunswick Township,north brunswick township,new jersey
US,New Jersey,North Caldwell,north caldwell,new jersey
US,New Jersey,North Haledon,north haledon,new jersey
US,New Jersey,North Plainfield,north plainfield,new jersey
US,New Jersey,Northvale,northvale,new jersey
US,New Jersey,Norwood,norwood,new jersey
US,New Jersey,Nutley,nutley,new jersey
US,New Jersey,Oak Ridge,oak ridge,new jersey
US,New Jersey,Oakland,oakland,new jersey
US,New Jersey,Oaklyn,oaklyn,new jersey
US,New Jersey,Ocean,ocean,new jersey
US,New Jersey,Ocean City,ocean city,new jersey
US,New Jersey,Oceanport,oceanport,new jersey
US,New Jersey,Old Bridge,old bridge,new jersey
US,New Jersey,Old Bridge Township,old bridge township,new jersey
US,New Jersey,Old Tappan,old tappan,new jersey
US,New Jersey,Oldwick,oldwick,new jersey
US,New Jersey,Oradell,oradell,new jersey
US,New Jersey,Palisades Park,palisades park,new jersey
US,New Jersey,Paramus,paramus,new jersey
US,New Jersey,Park Ridge,park ridge,new jersey
US,New Jersey,Parlin,parlin,new jersey
US,New Jersey,Parsippany,parsippany,new jersey
US,New Jersey,Parsippny,parsippny,new jersey
US,New Jersey,Passaic,passaic,new jersey
US,New Jersey,Paterson,paterson,new jersey
US,New Jersey,Pennington,pennington,new jersey
US,New Jersey,Pennsauken,pennsauken,new jersey
US,New Jersey,Pennsauken Township,pennsauken township,new jersey
US,New Jersey,Perth Amboy,perth amboy,new jersey
US,New Jersey,Phillipsburg,phillipsburg,new jersey
US,New Jersey,Pine Beach,pine beach,new jersey
US,New Jersey,Pine Brook,pine brook,new jersey
US,New Jersey,Pine Hill,pine hill,new jersey
US,New Jersey,Piscataway,piscataway,new jersey
US,New Jersey,Pitman,pitman,new jersey
US,New Jersey,Pittsgrove,pittsgrove,new jersey
US,New Jersey,Plainfield,plainfield,new jersey
US,New Jersey,Plainsboro,plainsboro,new jersey
US,New Jersey,Plumsted,plumsted,new jersey
US,New Jersey,Point Pleasant,point pleasant,new jersey
US,New Jersey,Point Pleasant Beach,point pleasant beach,new jersey
US,New Jersey,Point Pleasant Boro,point pleasant boro,new jersey
US,New Jersey,Pompton Plains,pompton plains,new jersey
US,New Jersey,Port Monmouth,port monmouth,new jersey
US,New Jersey,Port Murray,port murray,new jersey
US,New Jersey,Port Reading,port reading,new jersey
US,New Jersey,Princeton,princeton,new jersey
US,New Jersey,Princeton Junction,princeton junction,new jersey
US,New Jersey,Rahway,rahway,new jersey
US,New Jersey,Ramsey,ramsey,new jersey
US,New Jersey,Randolph,randolph,new jersey
US,New Jersey,Raritan,raritan,new jersey
US,New Jersey,Red Bank,red bank,new jersey
US,New Jersey,Ridgefield,ridgefield,new jersey
US,New Jersey,Ridgefield Park,ridgefield park,new jersey
US,New Jersey,Ridgewood,ridgewood,new jersey
US,New Jersey,Ringoes,ringoes,new jersey
US,New Jersey,River Edge,river edge,new jersey
US,New Jersey,River Vale,river vale,new jersey
US,New Jersey,Riverdale,riverdale,new jersey
US,New Jersey,Riverton,riverton,new jersey
US,New Jersey,Robbinsville,robbinsville,new jersey
US,New Jersey,Rockaway,rockaway,new jersey
US,New Jersey,Rockleigh,rockleigh,new jersey
US,New Jersey,Roseland,roseland,new jersey
US,New Jersey,Roselle,roselle,new jersey
US,New Jersey,Roselle Park,roselle park,new jersey
US,New Jersey,Roxbury Township,roxbury township,new jersey
US,New Jersey,Rumson,rumson,new jersey
US,New Jersey,Runnemede,runnemede,new jersey
US,New Jersey,Rutherford,rutherford,new jersey
US,New Jersey,Saddle Brook,saddle brook,new jersey
US,New Jersey,Saddle River,saddle river,new jersey
US,New Jersey,Sayreville,sayreville,new jersey
US,New Jersey,"Sayreville, New Jersey","sayreville, new jersey",new jersey
US,New Jersey,Scotch Plains,scotch plains,new jersey
US,New Jersey,Sea Girt,sea girt,new jersey
US,New Jersey,Sea Isle City,sea isle city,new jersey
US,New Jersey,Seaside Heights,seaside heights,new jersey
US,New Jersey,Secaucus,secaucus,new jersey
US,New Jersey,Sewell,sewell,new jersey
US,New Jersey,Shamong,shamong,new jersey
US,New Jersey,Short Hills,short hills,new jersey
US,New Jersey,Shrewsbury,shrewsbury,new jersey
US,New Jersey,Sicklerville,sicklerville,new jersey
US,New Jersey,Skillman,skillman,new jersey
US,New Jersey,Somerdale,somerdale,new jersey
US,New Jersey,Somerset,somerset,new jersey
US,New Jersey,Somerville,somerville,new jersey
US,New Jersey,South Amboy,south amboy,new jersey
US,New Jersey,South Hackensack,south hackensack,new jersey
US,New Jersey,South Orange,south orange,new jersey
US,New Jersey,South Orange Village,south orange village,new jersey
US,New Jersey,South Plainfield,south plainfield,new jersey
US,New Jersey,South River,south river,new jersey
US,New Jersey,Southampton,southampton,new jersey
US,New Jersey,Sparta,sparta,new jersey
US,New Jersey,Spotswood,spotswood,new jersey
US,New Jersey,Spring Lake,spring lake,new jersey
US,New Jersey,Spring Lake Heights,spring lake heights,new jersey
US,New Jersey,Springfield,springfield,new jersey
US,New Jersey,Stanhope,stanhope,new jersey
US,New Jersey,Stewartsville,stewartsville,new jersey
US,New Jersey,Stirling,stirling,new jersey
US,New Jersey,Stockholm,stockholm,new jersey
US,New Jersey,Stockton,stockton,new jersey
US,New Jersey,Stone Harbor,stone harbor,new jersey
US,New Jersey,Succasunna,succasunna,new jersey
US,New Jersey,Summit,summit,new jersey
US,New Jersey,Swedesboro,swedesboro,new jersey
US,New Jersey,Tabernacle,tabernacle,new jersey
US,New Jersey,Teaneck,teaneck,new jersey
US,New Jersey,Tenafly,tenafly,new jersey
US,New Jersey,Teterboro,teterboro,new jersey
US,New Jersey,Three Bridges,three bridges,new jersey
US,New Jersey,Tinton Falls,tinton falls,new jersey
US,New Jersey,Titusville,titusville,new jersey
US,New Jersey,Tom'S River,tom's river,new jersey
US,New Jersey,Toms River,toms river,new jersey
US,New Jersey,Totowa,totowa,new jersey
US,New Jersey,Towaco,towaco,new jersey
US,New Jersey,Township Of Washington,township of washington,new jersey
US,New Jersey,Trenton,trenton,new jersey
US,New Jersey,Tuckerton,tuckerton,new jersey
US,New Jersey,Turnersville,turnersville,new jersey
US,New Jersey,Twp Of Washington,twp of washington,new jersey
US,New Jersey,Union,union,new jersey
US,New Jersey,Union Beach,union beach,new jersey
US,New Jersey,Union City,union city,new jersey
US,New Jersey,Upper Montclair,upper montclair,new jersey
US,New Jersey,Upper Saddle River,upper saddle river,new jersey
US,New Jersey,Vauxhall,vauxhall,new jersey
US,New Jersey,Ventnor City,ventnor city,new jersey
US,New Jersey,Vernon,vernon,new jersey
US,New Jersey,Verona,verona,new jersey
US,New Jersey,Villas,villas,new jersey
US,New Jersey,Vineland,vineland,new jersey
US,New Jersey,Voorhees,voorhees,new jersey
US,New Jersey,Waldwick,waldwick,new jersey
US,New Jersey,Wall,wall,new jersey
US,New Jersey,Wall Township,wall township,new jersey
US,New Jersey,Wallington,wallington,new jersey
US,New Jersey,Wanaque,wanaque,new jersey
US,New Jersey,Wantage,wantage,new jersey
US,New Jersey,Waretown,waretown,new jersey
US,New Jersey,Warren,warren,new jersey
US,New Jersey,Washington,washington,new jersey
US,New Jersey,Watchung,watchung,new jersey
US,New Jersey,Waterford,waterford,new jersey
US,New Jersey,Wayne,wayne,new jersey
US,New Jersey,Weehawken,weehawken,new jersey
US,New Jersey,Wenonah,wenonah,new jersey
US,New Jersey,West Berlin,west berlin,new jersey
US,New Jersey,West Caldwell,west caldwell,new jersey
US,New Jersey,West Long Branch,west long branch,new jersey
US,New Jersey,West Milford,west milford,new jersey
US,New Jersey,West New York,west new york,new jersey
US,New Jersey,West Orange,west orange,new jersey
US,New Jersey,West Windsor,west windsor,new jersey
US,New Jersey,Westfield,westfield,new jersey
US,New Jersey,Westville,westville,new jersey
US,New Jersey,Westwood,westwood,new jersey
US,New Jersey,Wharton,wharton,new jersey
US,New Jersey,Whippany,whippany,new jersey
US,New Jersey,Whitehouse Station,whitehouse station,new jersey
US,New Jersey,Whiting,whiting,new jersey
US,New Jersey,Wildwood Crest,wildwood crest,new jersey
US,New Jersey,Williamstown,williamstown,new jersey
US,New Jersey,Willingboro,willingboro,new jersey
US,New Jersey,Wood Ridge,wood ridge,new jersey
US,New Jersey,Woodbridge,woodbridge,new jersey
US,New Jersey,Woodbridge Township,woodbridge township,new jersey
US,New Jersey,Woodbury,woodbury,new jersey
US,New Jersey,Woodcliff Lake,woodcliff lake,new jersey
US,New Jersey,Woodland Park,woodland park,new jersey
US,New Jersey,Woolwich Twp,woolwich twp,new jersey
US,New Jersey,Wyckoff,wyckoff,new jersey
US,New Mexico,Alamogordo,alamogordo,new mexico
US,New Mexico,Albuquerque,albuquerque,new mexico
US,New Mexico,Artesia,artesia,new mexico
US,New Mexico,Aztec,aztec,new mexico
US,New Mexico,Belen,belen,new mexico
US,New Mexico,Bloomfield,bloomfield,new mexico
US,New Mexico,Capitan,capitan,new mexico
US,New Mexico,Carlsbad,carlsbad,new mexico
US,New Mexico,Cedar Crest,cedar crest,new mexico
US,New Mexico,Chama,chama,new mexico
US,New Mexico,Chaparral,chaparral,new mexico
US,New Mexico,Cloudcroft,cloudcroft,new mexico
US,New Mexico,Clovis,clovis,new mexico
US,New Mexico,Corrales,corrales,new mexico
US,New Mexico,Edgewood,edgewood,new mexico
US,New Mexico,Farmington,farmington,new mexico
US,New Mexico,Gallup,gallup,new mexico
US,New Mexico,Hobbs,hobbs,new mexico
US,New Mexico,Holloman Air Force Base,holloman air force base,new mexico
US,New Mexico,Las Cruces,las cruces,new mexico
US,New Mexico,Las Vegas,las vegas,new mexico
US,New Mexico,Los Alamos,los alamos,new mexico
US,New Mexico,Los Lunas,los lunas,new mexico
US,New Mexico,Los Ranchos,los ranchos,new mexico
US,New Mexico,Los Ranchos De Albuquerque,los ranchos de albuquerque,new mexico
US,New Mexico,Lovington,lovington,new mexico
US,New Mexico,Montezuma,montezuma,new mexico
US,New Mexico,Placitas,placitas,new mexico
US,New Mexico,Rio Rancho,rio rancho,new mexico
US,New Mexico,Roswell,roswell,new mexico
US,New Mexico,San Pedro,san pedro,new mexico
US,New Mexico,Sandia Park,sandia park,new mexico
US,New Mexico,Santa Clara,santa clara,new mexico
US,New Mexico,Santa Fe,santa fe,new mexico
US,New Mexico,Santa Teresa,santa teresa,new mexico
US,New Mexico,Silver City,silver city,new mexico
US,New Mexico,Tijeras,tijeras,new mexico
US,New Mexico,White Rock,white rock,new mexico
US,New York,Accord,accord,new york
US,New York,Adams Center,adams center,new york
US,New York,Adirondack,adirondack,new york
US,New York,Afton,afton,new york
US,New York,Albany,albany,new york
US,New York,Albertson,albertson,new york
US,New York,Alden,alden,new york
US,New York,Alexandria Bay,alexandria bay,new york
US,New York,Alfred Station,alfred station,new york
US,New York,Allegany,allegany,new york
US,New York,Altamont,altamont,new york
US,New York,Amenia,amenia,new york
US,New York,Amherst,amherst,new york
US,New York,Amityville,amityville,new york
US,New York,Amsterdam,amsterdam,new york
US,New York,Andes,andes,new york
US,New York,Angola,angola,new york
US,New York,Ardsley,ardsley,new york
US,New York,Arkport,arkport,new york
US,New York,Armonk,armonk,new york
US,New York,Arverne,arverne,new york
US,New York,Ashville,ashville,new york
US,New York,Astoria,astoria,new york
US,New York,Auburn,auburn,new york
US,New York,Aurora,aurora,new york
US,New York,Averill Park,averill park,new york
US,New York,Babylon,babylon,new york
US,New York,Baldwin,baldwin,new york
US,New York,Baldwinsville,baldwinsville,new york
US,New York,Ballston Lake,ballston lake,new york
US,New York,Ballston Spa,ballston spa,new york
US,New York,Batavia,batavia,new york
US,New York,Bath,bath,new york
US,New York,Bay Shore,bay shore,new york
US,New York,Bayport,bayport,new york
US,New York,Bayside,bayside,new york
US,New York,Bayside Hills,bayside hills,new york
US,New York,Bayville,bayville,new york
US,New York,Beacon,beacon,new york
US,New York,Bedford,bedford,new york
US,New York,Beechhurst,beechhurst,new york
US,New York,Belle Harbor,belle harbor,new york
US,New York,Belle Terre,belle terre,new york
US,New York,Bellerose,bellerose,new york
US,New York,Bellmore,bellmore,new york
US,New York,Bellport,bellport,new york
US,New York,Berkshire,berkshire,new york
US,New York,Bethpage,bethpage,new york
US,New York,Binghamton,binghamton,new york
US,New York,Blauvelt,blauvelt,new york
US,New York,Bloomfield,bloomfield,new york
US,New York,Bloomington,bloomington,new york
US,New York,Bloomville,bloomville,new york
US,New York,Bolton Landing,bolton landing,new york
US,New York,Branchport,branchport,new york
US,New York,Brantingham,brantingham,new york
US,New York,Brasher Falls,brasher falls,new york
US,New York,Breesport,breesport,new york
US,New York,Breezy Point,breezy point,new york
US,New York,Brentwood,brentwood,new york
US,New York,Brewster,brewster,new york
US,New York,Briarcliff Manor,briarcliff manor,new york
US,New York,Briarwood,briarwood,new york
US,New York,Bridgehampton,bridgehampton,new york
US,New York,Brighton,brighton,new york
US,New York,Brightwaters,brightwaters,new york
US,New York,Broad Channel,broad channel,new york
US,New York,Bronx,bronx,new york
US,New York,Bronxville,bronxville,new york
US,New York,Brookhaven,brookhaven,new york
US,New York,Brookllyn,brookllyn,new york
US,New York,Brooklyn,brooklyn,new york
US,New York,Brooklyn Heights,brooklyn heights,new york
US,New York,Brooktondale,brooktondale,new york
US,New York,Buffalo,buffalo,new york
US,New York,Burnt Hills,burnt hills,new york
US,New York,Cambria Heights,cambria heights,new york
US,New York,Camden,camden,new york
US,New York,Camillus,camillus,new york
US,New York,Campbell Hall,campbell hall,new york
US,New York,Canandaigua,canandaigua,new york
US,New York,Canastota,canastota,new york
US,New York,Candor,candor,new york
US,New York,Canton,canton,new york
US,New York,Carle Place,carle place,new york
US,New York,Carmel,carmel,new york
US,New York,Carmel Hamlet,carmel hamlet,new york
US,New York,Castleton,castleton,new york
US,New York,Cedarhurst,cedarhurst,new york
US,New York,Centereach,centereach,new york
US,New York,Centerport,centerport,new york
US,New York,Central Islip,central islip,new york
US,New York,Chappaqua,chappaqua,new york
US,New York,Chatham,chatham,new york
US,New York,Cheektowaga,cheektowaga,new york
US,New York,Chester,chester,new york
US,New York,Chestertown,chestertown,new york
US,New York,Chestnut Ridge,chestnut ridge,new york
US,New York,Chittenango,chittenango,new york
US,New York,Churchville,churchville,new york
US,New York,Cicero,cicero,new york
US,New York,Clarence,clarence,new york
US,New York,Clarence Center,clarence center,new york
US,New York,Clay,clay,new york
US,New York,Cleveland,cleveland,new york
US,New York,Cliff Road  Merrick,cliff road  merrick,new york
US,New York,Clifton Park,clifton park,new york
US,New York,Clinton,clinton,new york
US,New York,Clinton Corners,clinton corners,new york
US,New York,Clymer,clymer,new york
US,New York,Cohoes,cohoes,new york
US,New York,Cold Spring,cold spring,new york
US,New York,Cold Spring Harbor,cold spring harbor,new york
US,New York,College Point,college point,new york
US,New York,Commack,commack,new york
US,New York,Conesus,conesus,new york
US,New York,Conklin,conklin,new york
US,New York,Copiague,copiague,new york
US,New York,Coram,coram,new york
US,New York,Corning,corning,new york
US,New York,Cornwall,cornwall,new york
US,New York,Corona,corona,new york
US,New York,Cortlandt Manor,cortlandt manor,new york
US,New York,Craryville,craryville,new york
US,New York,Cross River,cross river,new york
US,New York,Croton On Hudson,croton on hudson,new york
US,New York,Cutchogue,cutchogue,new york
US,New York,Dansville,dansville,new york
US,New York,Deer Park,deer park,new york
US,New York,Deferiet,deferiet,new york
US,New York,Delancey,delancey,new york
US,New York,Delhi,delhi,new york
US,New York,Delmar,delmar,new york
US,New York,Depew,depew,new york
US,New York,Deposit,deposit,new york
US,New York,Derby,derby,new york
US,New York,Dewitt,dewitt,new york
US,New York,Dix Hills,dix hills,new york
US,New York,Dobbs Ferry,dobbs ferry,new york
US,New York,Douglaston,douglaston,new york
US,New York,Duanesburg,duanesburg,new york
US,New York,East Amherst,east amherst,new york
US,New York,East Aurora,east aurora,new york
US,New York,East Elmhurst,east elmhurst,new york
US,New York,East Greenbush,east greenbush,new york
US,New York,East Hampton,east hampton,new york
US,New York,East Hills,east hills,new york
US,New York,East Islip,east islip,new york
US,New York,East Marion,east marion,new york
US,New York,East Meadow,east meadow,new york
US,New York,East Moriches,east moriches,new york
US,New York,East Northport,east northport,new york
US,New York,East Norwich,east norwich,new york
US,New York,East Patchogue,east patchogue,new york
US,New York,East Quogue,east quogue,new york
US,New York,East Rockaway,east rockaway,new york
US,New York,East Setauket,east setauket,new york
US,New York,Eastchester,eastchester,new york
US,New York,Eastport,eastport,new york
US,New York,Eldred,eldred,new york
US,New York,Elizabethtown,elizabethtown,new york
US,New York,Ellicottville,ellicottville,new york
US,New York,Elma,elma,new york
US,New York,Elmhurst,elmhurst,new york
US,New York,Elmhurst Ny,elmhurst ny,new york
US,New York,Elmont,elmont,new york
US,New York,Endicott,endicott,new york
US,New York,Fairport,fairport,new york
US,New York,Falconer,falconer,new york
US,New York,Far Rockaway,far rockaway,new york
US,New York,Farmingdale,farmingdale,new york
US,New York,Farmington,farmington,new york
US,New York,Farmingville,farmingville,new york
US,New York,Fayetteville,fayetteville,new york
US,New York,Fishkill,fishkill,new york
US,New York,Floral Park,floral park,new york
US,New York,Florida,florida,new york
US,New York,Flushing,flushing,new york
US,New York,"Flushing,","flushing,",new york
US,New York,Forest Hills,forest hills,new york
US,New York,Fort Ann,fort ann,new york
US,New York,Fort Montgomery,fort montgomery,new york
US,New York,Franklin Square,franklin square,new york
US,New York,Franklinville,franklinville,new york
US,New York,Freeport,freeport,new york
US,New York,"Freeport,","freeport,",new york
US,New York,Freeville,freeville,new york
US,New York,Fresh Meadows,fresh meadows,new york
US,New York,Fresh Meadows  Basement,fresh meadows  basement,new york
US,New York,Fulton,fulton,new york
US,New York,Galway,galway,new york
US,New York,Gansevoort,gansevoort,new york
US,New York,Garden City,garden city,new york
US,New York,Garden City South,garden city south,new york
US,New York,Garnerville,garnerville,new york
US,New York,Garrison,garrison,new york
US,New York,Gasport,gasport,new york
US,New York,Geneseo,geneseo,new york
US,New York,Germantoen,germantoen,new york
US,New York,Getzville,getzville,new york
US,New York,Ghent,ghent,new york
US,New York,Gilboa,gilboa,new york
US,New York,Glen Cove,glen cove,new york
US,New York,Glen Head,glen head,new york
US,New York,Glen Oaks,glen oaks,new york
US,New York,Glendale,glendale,new york
US,New York,Glenmont,glenmont,new york
US,New York,Glenville,glenville,new york
US,New York,Glenwood,glenwood,new york
US,New York,Goldens Bridge,goldens bridge,new york
US,New York,Goshen,goshen,new york
US,New York,Gouverneur,gouverneur,new york
US,New York,Grahamsville,grahamsville,new york
US,New York,Grand Island,grand island,new york
US,New York,Great Neck,great neck,new york
US,New York,Greene,greene,new york
US,New York,Greenfield Center,greenfield center,new york
US,New York,Greenlawn,greenlawn,new york
US,New York,Greenport,greenport,new york
US,New York,Greenwich,greenwich,new york
US,New York,Greenwood Lake,greenwood lake,new york
US,New York,Guilderland,guilderland,new york
US,New York,Hamburg,hamburg,new york
US,New York,Hamden,hamden,new york
US,New York,Hamilton,hamilton,new york
US,New York,Hampton Bays,hampton bays,new york
US,New York,Hancock,hancock,new york
US,New York,Harrison,harrison,new york
US,New York,Hartsdale,hartsdale,new york
US,New York,Hastings On Hudson,hastings on hudson,new york
US,New York,Hauppauge,hauppauge,new york
US,New York,Haverstraw,haverstraw,new york
US,New York,Hempstead,hempstead,new york
US,New York,Henderson,henderson,new york
US,New York,Henrietta,henrietta,new york
US,New York,Hewlett,hewlett,new york
US,New York,Hicksville,hicksville,new york
US,New York,High Falls,high falls,new york
US,New York,Highland Mills,highland mills,new york
US,New York,Hilton,hilton,new york
US,New York,Holbrook,holbrook,new york
US,New York,Holland,holland,new york
US,New York,Holley,holley,new york
US,New York,Hollis,hollis,new york
US,New York,Holtsville,holtsville,new york
US,New York,Honeoye Falls,honeoye falls,new york
US,New York,Hopewell Junction,hopewell junction,new york
US,New York,Hornell,hornell,new york
US,New York,Horseheads,horseheads,new york
US,New York,Howard Beach,howard beach,new york
US,New York,Huntington,huntington,new york
US,New York,Huntington Bay,huntington bay,new york
US,New York,Huntington Station,huntington station,new york
US,New York,Hurleyville,hurleyville,new york
US,New York,Hyde Park,hyde park,new york
US,New York,Irondequoit,irondequoit,new york
US,New York,Irving,irving,new york
US,New York,Irvington,irvington,new york
US,New York,Island Park,island park,new york
US,New York,Islandia,islandia,new york
US,New York,Islip,islip,new york
US,New York,Islip Terrace,islip terrace,new york
US,New York,Ithaca,ithaca,new york
US,New York,Jackson Heights,jackson heights,new york
US,New York,Jackson Hts,jackson hts,new york
US,New York,Jamaica,jamaica,new york
US,New York,Jamestown,jamestown,new york
US,New York,Jamesville,jamesville,new york
US,New York,Jericho,jericho,new york
US,New York,Johnson City,johnson city,new york
US,New York,Kanona,kanona,new york
US,New York,Katonah,katonah,new york
US,New York,Kenmore,kenmore,new york
US,New York,Kennedy,kennedy,new york
US,New York,Kew Gardens,kew gardens,new york
US,New York,Kings Park,kings park,new york
US,New York,Kingston,kingston,new york
US,New York,Kirkville,kirkville,new york
US,New York,Lagrangeville,lagrangeville,new york
US,New York,Lake George,lake george,new york
US,New York,Lake Grove,lake grove,new york
US,New York,Lake Peekskill,lake peekskill,new york
US,New York,Lake Ronkonkoma,lake ronkonkoma,new york
US,New York,Lake Ronkonkoms,lake ronkonkoms,new york
US,New York,Lake View,lake view,new york
US,New York,Lakewood,lakewood,new york
US,New York,Lancaster,lancaster,new york
US,New York,Lansing,lansing,new york
US,New York,Larchmont,larchmont,new york
US,New York,Latham,latham,new york
US,New York,Laurelton,laurelton,new york
US,New York,Lawrence,lawrence,new york
US,New York,Leeds,leeds,new york
US,New York,Levittown,levittown,new york
US,New York,Lewiston,lewiston,new york
US,New York,Lido Beach,lido beach,new york
US,New York,Lima,lima,new york
US,New York,Lindenhurst,lindenhurst,new york
US,New York,Little Falls,little falls,new york
US,New York,Little Neck,little neck,new york
US,New York,Liverpool,liverpool,new york
US,New York,Livonia,livonia,new york
US,New York,Lloyd Harbor,lloyd harbor,new york
US,New York,Loch Sheldrake,loch sheldrake,new york
US,New York,Lockport,lockport,new york
US,New York,Locust Valley,locust valley,new york
US,New York,Long Beach,long beach,new york
US,New York,Long Island City,long island city,new york
US,New York,Loudonville,loudonville,new york
US,New York,Lynbrook,lynbrook,new york
US,New York,Lyons,lyons,new york
US,New York,Macedon,macedon,new york
US,New York,Machias,machias,new york
US,New York,Mahopac,mahopac,new york
US,New York,Malta,malta,new york
US,New York,Malverne,malverne,new york
US,New York,Mamaroneck,mamaroneck,new york
US,New York,Manchester,manchester,new york
US,New York,Manhasset,manhasset,new york
US,New York,Manhasset Hills,manhasset hills,new york
US,New York,Manhattan,manhattan,new york
US,New York,Manlius,manlius,new york
US,New York,Manorville,manorville,new york
US,New York,Marcellus,marcellus,new york
US,New York,Marcy,marcy,new york
US,New York,Marilla,marilla,new york
US,New York,Marion,marion,new york
US,New York,Marlboro,marlboro,new york
US,New York,Maspeth,maspeth,new york
US,New York,Massapequa,massapequa,new york
US,New York,Massapequa Park,massapequa park,new york
US,New York,Mastic,mastic,new york
US,New York,Mastic Beach,mastic beach,new york
US,New York,Mattituck,mattituck,new york
US,New York,Mechanicville,mechanicville,new york
US,New York,Medford,medford,new york
US,New York,Medina,medina,new york
US,New York,Melville,melville,new york
US,New York,Merrick,merrick,new york
US,New York,Middle Grove,middle grove,new york
US,New York,Middle Island,middle island,new york
US,New York,Middle Village,middle village,new york
US,New York,Middletown,middletown,new york
US,New York,Mill Neck,mill neck,new york
US,New York,Millbrook,millbrook,new york
US,New York,Miller Place,miller place,new york
US,New York,Millwood,millwood,new york
US,New York,Mineola,mineola,new york
US,New York,Mohegan Lake,mohegan lake,new york
US,New York,Monroe,monroe,new york
US,New York,Monsey,monsey,new york
US,New York,Montauk,montauk,new york
US,New York,Monticello,monticello,new york
US,New York,Montrose,montrose,new york
US,New York,Mount Kisco,mount kisco,new york
US,New York,Mount Sinai,mount sinai,new york
US,New York,Mount Vernon,mount vernon,new york
US,New York,Mt. Kisco,mt. kisco,new york
US,New York,Mt. Morris,mt. morris,new york
US,New York,N White Plains,n white plains,new york
US,New York,Nanuet,nanuet,new york
US,New York,Nassau,nassau,new york
US,New York,Neponsit,neponsit,new york
US,New York,Nesconset,nesconset,new york
US,New York,New City,new city,new york
US,New York,New Hampton,new hampton,new york
US,New York,New Hartford,new hartford,new york
US,New York,New Hyde Park,new hyde park,new york
US,New York,New Paltz,new paltz,new york
US,New York,New Rochelle,new rochelle,new york
US,New York,New Windsor,new windsor,new york
US,New York,New Woodstock,new woodstock,new york
US,New York,New York,new york,new york
US,New York,New York City,new york city,new york
US,New York,Newark,newark,new york
US,New York,Newark Valley,newark valley,new york
US,New York,Newburgh,newburgh,new york
US,New York,Newcomb,newcomb,new york
US,New York,Newfane,newfane,new york
US,New York,Niagara Falls,niagara falls,new york
US,New York,Niskayuna,niskayuna,new york
US,New York,North Babylon,north babylon,new york
US,New York,North Baldwin,north baldwin,new york
US,New York,North Bellmore,north bellmore,new york
US,New York,North Chili,north chili,new york
US,New York,North Creek,north creek,new york
US,New York,North Hills,north hills,new york
US,New York,North Salem,north salem,new york
US,New York,North Syracuse,north syracuse,new york
US,New York,North Tonawanda,north tonawanda,new york
US,New York,Northport,northport,new york
US,New York,Norwich,norwich,new york
US,New York,Ny,ny,new york
US,New York,Nyack,nyack,new york
US,New York,Oakdale,oakdale,new york
US,New York,Oakland Gardens,oakland gardens,new york
US,New York,Oceanside,oceanside,new york
US,New York,Ogdensburg,ogdensburg,new york
US,New York,Old Bethpage,old bethpage,new york
US,New York,Old Westbury,old westbury,new york
US,New York,Olean,olean,new york
US,New York,Orchard Park,orchard park,new york
US,New York,Orient,orient,new york
US,New York,Ossining,ossining,new york
US,New York,Oswego,oswego,new york
US,New York,Owego,owego,new york
US,New York,Oyster Bay,oyster bay,new york
US,New York,Oyster Bay Cove,oyster bay cove,new york
US,New York,Ozone Park,ozone park,new york
US,New York,Painted Post,painted post,new york
US,New York,Parksville,parksville,new york
US,New York,Patchogue,patchogue,new york
US,New York,Patterson,patterson,new york
US,New York,Pawling,pawling,new york
US,New York,Pearl River,pearl river,new york
US,New York,Peekskill,peekskill,new york
US,New York,Pelham,pelham,new york
US,New York,Pelham Manor,pelham manor,new york
US,New York,Penfield,penfield,new york
US,New York,Pennellville,pennellville,new york
US,New York,Perry,perry,new york
US,New York,Peru,peru,new york
US,New York,Phelps,phelps,new york
US,New York,Piermont,piermont,new york
US,New York,Pine Bush,pine bush,new york
US,New York,Pittsford,pittsford,new york
US,New York,Plainview,plainview,new york
US,New York,Plandome,plandome,new york
US,New York,Pleasantville,pleasantville,new york
US,New York,Poestenkill,poestenkill,new york
US,New York,Point Lookout,point lookout,new york
US,New York,Pomona,pomona,new york
US,New York,Port Chester,port chester,new york
US,New York,Port Ewen,port ewen,new york
US,New York,Port Jefferson,port jefferson,new york
US,New York,Port Jefferson Station,port jefferson station,new york
US,New York,Port Jervis,port jervis,new york
US,New York,Port Washington,port washington,new york
US,New York,Potsdam,potsdam,new york
US,New York,Poughkeepsie,poughkeepsie,new york
US,New York,Poughquag,poughquag,new york
US,New York,Pound Ridge,pound ridge,new york
US,New York,Purchase,purchase,new york
US,New York,Putnam Valley,putnam valley,new york
US,New York,Queen,queen,new york
US,New York,Queens,queens,new york
US,New York,Queens Village,queens village,new york
US,New York,Queensbury,queensbury,new york
US,New York,Quogue,quogue,new york
US,New York,Randolph,randolph,new york
US,New York,Ravena,ravena,new york
US,New York,Red Hook,red hook,new york
US,New York,Rego Park,rego park,new york
US,New York,Remsenberg,remsenberg,new york
US,New York,Rensselaer,rensselaer,new york
US,New York,Rexford,rexford,new york
US,New York,Rhinebeck,rhinebeck,new york
US,New York,Richmond Hill,richmond hill,new york
US,New York,Ridge,ridge,new york
US,New York,Ridgewood,ridgewood,new york
US,New York,Riverhead,riverhead,new york
US,New York,Rochester,rochester,new york
US,New York,Rock Hill,rock hill,new york
US,New York,Rock Tavern,rock tavern,new york
US,New York,Rockaway,rockaway,new york
US,New York,Rockaway Beach,rockaway beach,new york
US,New York,Rockaway Park,rockaway park,new york
US,New York,Rockville Centre,rockville centre,new york
US,New York,Rocky Point,rocky point,new york
US,New York,Rome,rome,new york
US,New York,Ronkonkoma,ronkonkoma,new york
US,New York,Roosevelt,roosevelt,new york
US,New York,Rosedale,rosedale,new york
US,New York,Roslyn,roslyn,new york
US,New York,Roslyn Estates,roslyn estates,new york
US,New York,Roslyn Heights,roslyn heights,new york
US,New York,Roslyn Hts,roslyn hts,new york
US,New York,Rush,rush,new york
US,New York,Rye,rye,new york
US,New York,Rye Brook,rye brook,new york
US,New York,Sag Harbor,sag harbor,new york
US,New York,Sagaponack,sagaponack,new york
US,New York,Saint Albans,saint albans,new york
US,New York,Saint James,saint james,new york
US,New York,Salt Point,salt point,new york
US,New York,Sand Lake,sand lake,new york
US,New York,Sands Point,sands point,new york
US,New York,Saratoga,saratoga,new york
US,New York,Saratoga Springs,saratoga springs,new york
US,New York,Saugerties,saugerties,new york
US,New York,Sayville,sayville,new york
US,New York,Scarsdale,scarsdale,new york
US,New York,Schenectady,schenectady,new york
US,New York,Schuylerville,schuylerville,new york
US,New York,Scotia,scotia,new york
US,New York,Scottsville,scottsville,new york
US,New York,Sea Cliff,sea cliff,new york
US,New York,Seaford,seaford,new york
US,New York,Selkirk,selkirk,new york
US,New York,Seneca Falls,seneca falls,new york
US,New York,Sherrill,sherrill,new york
US,New York,Shirley,shirley,new york
US,New York,Shoreham,shoreham,new york
US,New York,Shrub Oak,shrub oak,new york
US,New York,Sidney,sidney,new york
US,New York,Silver Springs,silver springs,new york
US,New York,Skaneateles,skaneateles,new york
US,New York,Sleep Hollow,sleep hollow,new york
US,New York,Sleepy Hollow,sleepy hollow,new york
US,New York,Slingerlands,slingerlands,new york
US,New York,Sloatsburg,sloatsburg,new york
US,New York,Smallwood,smallwood,new york
US,New York,Smithtown,smithtown,new york
US,New York,Sodus,sodus,new york
US,New York,Somers,somers,new york
US,New York,South Fallsburg,south fallsburg,new york
US,New York,South Hempstead,south hempstead,new york
US,New York,South Huntington,south huntington,new york
US,New York,South Ozone Park,south ozone park,new york
US,New York,South Richmond Hill,south richmond hill,new york
US,New York,South Salem,south salem,new york
US,New York,South Setauket,south setauket,new york
US,New York,South Wales,south wales,new york
US,New York,Southampton,southampton,new york
US,New York,Sparkill,sparkill,new york
US,New York,Spencerport,spencerport,new york
US,New York,Spring Valley,spring valley,new york
US,New York,Springfield Gardens,springfield gardens,new york
US,New York,"Springfield Gardens,","springfield gardens,",new york
US,New York,Springwater,springwater,new york
US,New York,Staatsburg,staatsburg,new york
US,New York,Stamford,stamford,new york
US,New York,Stanfordville,stanfordville,new york
US,New York,Star Lake,star lake,new york
US,New York,Staten Island,staten island,new york
US,New York,Stewart Manor,stewart manor,new york
US,New York,Stittville,stittville,new york
US,New York,Stone Ridge,stone ridge,new york
US,New York,Stony Brook,stony brook,new york
US,New York,Stony Point,stony point,new york
US,New York,Stormville,stormville,new york
US,New York,Strykersville,strykersville,new york
US,New York,Suffern,suffern,new york
US,New York,Sunnyside,sunnyside,new york
US,New York,Syosset,syosset,new york
US,New York,Syracuse,syracuse,new york
US,New York,Tarrytown,tarrytown,new york
US,New York,The Bronx,the bronx,new york
US,New York,Theresa,theresa,new york
US,New York,Thornwood,thornwood,new york
US,New York,Tillson,tillson,new york
US,New York,Tivoli,tivoli,new york
US,New York,Tonawanda,tonawanda,new york
US,New York,Troy,troy,new york
US,New York,Trumansburg,trumansburg,new york
US,New York,Tuckahoe,tuckahoe,new york
US,New York,Tully,tully,new york
US,New York,Tuxedo Park,tuxedo park,new york
US,New York,Union Springs,union springs,new york
US,New York,Uniondale,uniondale,new york
US,New York,Upper Nyack,upper nyack,new york
US,New York,Utica,utica,new york
US,New York,Valatie,valatie,new york
US,New York,Valhalla,valhalla,new york
US,New York,Valley Cottage,valley cottage,new york
US,New York,Valley Stream,valley stream,new york
US,New York,Vestal,vestal,new york
US,New York,Victor,victor,new york
US,New York,Voorheesville,voorheesville,new york
US,New York,Waccabuc,waccabuc,new york
US,New York,Wading River,wading river,new york
US,New York,Walden,walden,new york
US,New York,Wallkill,wallkill,new york
US,New York,Wantagh,wantagh,new york
US,New York,Wappingers Falls,wappingers falls,new york
US,New York,Warners,warners,new york
US,New York,Warwick,warwick,new york
US,New York,Washingtonville,washingtonville,new york
US,New York,Water Mill,water mill,new york
US,New York,Waterford,waterford,new york
US,New York,Watermill,watermill,new york
US,New York,Watertown,watertown,new york
US,New York,Watervliet,watervliet,new york
US,New York,Webster,webster,new york
US,New York,West Babylon,west babylon,new york
US,New York,West Chazy,west chazy,new york
US,New York,West Harrison,west harrison,new york
US,New York,West Haverstraw,west haverstraw,new york
US,New York,West Hempstead,west hempstead,new york
US,New York,West Henrietta,west henrietta,new york
US,New York,West Islip,west islip,new york
US,New York,West Nyack,west nyack,new york
US,New York,West Point,west point,new york
US,New York,West Sayville,west sayville,new york
US,New York,West Seneca,west seneca,new york
US,New York,Westbury,westbury,new york
US,New York,Westhampton Beach,westhampton beach,new york
US,New York,Westtown,westtown,new york
US,New York,White Plains,white plains,new york
US,New York,Whitesboro,whitesboro,new york
US,New York,Whitestone,whitestone,new york
US,New York,Williamsville,williamsville,new york
US,New York,Wolcott,wolcott,new york
US,New York,Woodbourne,woodbourne,new york
US,New York,Woodbury,woodbury,new york
US,New York,Woodhaven,woodhaven,new york
US,New York,Woodmere,woodmere,new york
US,New York,Woodside,woodside,new york
US,New York,Woodstock,woodstock,new york
US,New York,Wurtsboro,wurtsboro,new york
US,New York,Wynantskill,wynantskill,new york
US,New York,Yaphank,yaphank,new york
US,New York,Yonkers,yonkers,new york
US,New York,Yorktown Heights,yorktown heights,new york
US,New York,Youngstown,youngstown,new york
US,North Carolina,Aberdeen,aberdeen,north carolina
US,North Carolina,Advance,advance,north carolina
US,North Carolina,Albemarle,albemarle,north carolina
US,North Carolina,Alexis,alexis,north carolina
US,North Carolina,Angier,angier,north carolina
US,North Carolina,Apex,apex,north carolina
US,North Carolina,Archdale,archdale,north carolina
US,North Carolina,Archer Lodge,archer lodge,north carolina
US,North Carolina,Arden,arden,north carolina
US,North Carolina,"Arden,","arden,",north carolina
US,North Carolina,Asheboro,asheboro,north carolina
US,North Carolina,Asheville,asheville,north carolina
US,North Carolina,Atlantic Beach,atlantic beach,north carolina
US,North Carolina,Aurora,aurora,north carolina
US,North Carolina,Badin,badin,north carolina
US,North Carolina,Bahama,bahama,north carolina
US,North Carolina,Bakersville,bakersville,north carolina
US,North Carolina,Banner Elk,banner elk,north carolina
US,North Carolina,Bear Creek,bear creek,north carolina
US,North Carolina,Beaufort,beaufort,north carolina
US,North Carolina,Belmont,belmont,north carolina
US,North Carolina,Benson,benson,north carolina
US,North Carolina,Bermuda Run,bermuda run,north carolina
US,North Carolina,Black Mountain,black mountain,north carolina
US,North Carolina,Blowing Rock,blowing rock,north carolina
US,North Carolina,Bolivia,bolivia,north carolina
US,North Carolina,Boone,boone,north carolina
US,North Carolina,Boonville,boonville,north carolina
US,North Carolina,Bostic,bostic,north carolina
US,North Carolina,Brasstown,brasstown,north carolina
US,North Carolina,Brevard,brevard,north carolina
US,North Carolina,Broadway,broadway,north carolina
US,North Carolina,Browns Summit,browns summit,north carolina
US,North Carolina,Burgaw,burgaw,north carolina
US,North Carolina,Burlington,burlington,north carolina
US,North Carolina,Burnsville,burnsville,north carolina
US,North Carolina,Calabash,calabash,north carolina
US,North Carolina,Camden,camden,north carolina
US,North Carolina,Cameron,cameron,north carolina
US,North Carolina,Candler,candler,north carolina
US,North Carolina,Canton,canton,north carolina
US,North Carolina,Cape Carteret,cape carteret,north carolina
US,North Carolina,Carolina Beach,carolina beach,north carolina
US,North Carolina,Carolina Shores,carolina shores,north carolina
US,North Carolina,Carrboro,carrboro,north carolina
US,North Carolina,Carthage,carthage,north carolina
US,North Carolina,Cary,cary,north carolina
US,North Carolina,Casar,casar,north carolina
US,North Carolina,Cashiers,cashiers,north carolina
US,North Carolina,Castle Hayne,castle hayne,north carolina
US,North Carolina,Catawba,catawba,north carolina
US,North Carolina,Cedar Grove,cedar grove,north carolina
US,North Carolina,Cedar Island,cedar island,north carolina
US,North Carolina,Chapel Hill,chapel hill,north carolina
US,North Carolina,Charlotte,charlotte,north carolina
US,North Carolina,Cherryville,cherryville,north carolina
US,North Carolina,China Grove,china grove,north carolina
US,North Carolina,Claremont,claremont,north carolina
US,North Carolina,Clayton,clayton,north carolina
US,North Carolina,Clemmons,clemmons,north carolina
US,North Carolina,Clinton,clinton,north carolina
US,North Carolina,Clyde,clyde,north carolina
US,North Carolina,Colfax,colfax,north carolina
US,North Carolina,Columbus,columbus,north carolina
US,North Carolina,Concord,concord,north carolina
US,North Carolina,Connelly Springs,connelly springs,north carolina
US,North Carolina,Conover,conover,north carolina
US,North Carolina,Cornelius,cornelius,north carolina
US,North Carolina,Cullowhee,cullowhee,north carolina
US,North Carolina,Danbury,danbury,north carolina
US,North Carolina,Davidson,davidson,north carolina
US,North Carolina,Davis,davis,north carolina
US,North Carolina,Denton,denton,north carolina
US,North Carolina,Denver,denver,north carolina
US,North Carolina,Dobson,dobson,north carolina
US,North Carolina,Duck,duck,north carolina
US,North Carolina,Dudley,dudley,north carolina
US,North Carolina,Dunn,dunn,north carolina
US,North Carolina,Durham,durham,north carolina
US,North Carolina,East Bend,east bend,north carolina
US,North Carolina,Edenton,edenton,north carolina
US,North Carolina,Elizabeth City,elizabeth city,north carolina
US,North Carolina,Ellenboro,ellenboro,north carolina
US,North Carolina,Elon,elon,north carolina
US,North Carolina,Emerald Isle,emerald isle,north carolina
US,North Carolina,Erwin,erwin,north carolina
US,North Carolina,Etowah,etowah,north carolina
US,North Carolina,Eureka,eureka,north carolina
US,North Carolina,Fairmont,fairmont,north carolina
US,North Carolina,Fairview,fairview,north carolina
US,North Carolina,Farmville,farmville,north carolina
US,North Carolina,Fayetteville,fayetteville,north carolina
US,North Carolina,Flat Rock,flat rock,north carolina
US,North Carolina,Fletcher,fletcher,north carolina
US,North Carolina,Forest City,forest city,north carolina
US,North Carolina,Fort Liberty,fort liberty,north carolina
US,North Carolina,Four Oaks,four oaks,north carolina
US,North Carolina,Franklin,franklin,north carolina
US,North Carolina,Franklinton,franklinton,north carolina
US,North Carolina,Franklinville,franklinville,north carolina
US,North Carolina,Fuquay Varina,fuquay varina,north carolina
US,North Carolina,Fuquay-Varina,fuquay-varina,north carolina
US,North Carolina,Garner,garner,north carolina
US,North Carolina,Gaston,gaston,north carolina
US,North Carolina,Gastonia,gastonia,north carolina
US,North Carolina,Gates,gates,north carolina
US,North Carolina,Gibsonville,gibsonville,north carolina
US,North Carolina,Goldsboro,goldsboro,north carolina
US,North Carolina,Graham,graham,north carolina
US,North Carolina,Granite Falls,granite falls,north carolina
US,North Carolina,Granite Quarry,granite quarry,north carolina
US,North Carolina,Greensboro,greensboro,north carolina
US,North Carolina,Greenville,greenville,north carolina
US,North Carolina,Hampstead,hampstead,north carolina
US,North Carolina,Harrisburg,harrisburg,north carolina
US,North Carolina,Henderson,henderson,north carolina
US,North Carolina,Hendersonville,hendersonville,north carolina
US,North Carolina,Hendersonvlle,hendersonvlle,north carolina
US,North Carolina,Henrico,henrico,north carolina
US,North Carolina,Hertford,hertford,north carolina
US,North Carolina,Hickory,hickory,north carolina
US,North Carolina,Hiddenite,hiddenite,north carolina
US,North Carolina,High Point,high point,north carolina
US,North Carolina,Highlands,highlands,north carolina
US,North Carolina,Hillsborough,hillsborough,north carolina
US,North Carolina,Holly Ridge,holly ridge,north carolina
US,North Carolina,Holly Spring,holly spring,north carolina
US,North Carolina,Holly Springs,holly springs,north carolina
US,North Carolina,Hope Mills,hope mills,north carolina
US,North Carolina,Horse Shoe,horse shoe,north carolina
US,North Carolina,Hot Springs,hot springs,north carolina
US,North Carolina,Hubert,hubert,north carolina
US,North Carolina,Hudson,hudson,north carolina
US,North Carolina,Huntersville,huntersville,north carolina
US,North Carolina,Indian Beach,indian beach,north carolina
US,North Carolina,Indian Trail,indian trail,north carolina
US,North Carolina,Iron Station,iron station,north carolina
US,North Carolina,Jackson Springs,jackson springs,north carolina
US,North Carolina,Jacksonville,jacksonville,north carolina
US,North Carolina,Jamestown,jamestown,north carolina
US,North Carolina,Jefferson,jefferson,north carolina
US,North Carolina,Kannapolis,kannapolis,north carolina
US,North Carolina,Kernersville,kernersville,north carolina
US,North Carolina,Kill Devil Hills,kill devil hills,north carolina
US,North Carolina,King,king,north carolina
US,North Carolina,Kings Mountain,kings mountain,north carolina
US,North Carolina,Kinston,kinston,north carolina
US,North Carolina,Knightdale,knightdale,north carolina
US,North Carolina,La Grange,la grange,north carolina
US,North Carolina,Lake Toxaway,lake toxaway,north carolina
US,North Carolina,Lake Waccamaw,lake waccamaw,north carolina
US,North Carolina,Lakeview,lakeview,north carolina
US,North Carolina,Landis,landis,north carolina
US,North Carolina,Lansing,lansing,north carolina
US,North Carolina,Laurinburg,laurinburg,north carolina
US,North Carolina,Leicester,leicester,north carolina
US,North Carolina,Leland,leland,north carolina
US,North Carolina,Lenoir,lenoir,north carolina
US,North Carolina,Lewisville,lewisville,north carolina
US,North Carolina,Lexington,lexington,north carolina
US,North Carolina,Liberty,liberty,north carolina
US,North Carolina,Lillington,lillington,north carolina
US,North Carolina,Lincolnton,lincolnton,north carolina
US,North Carolina,Linville,linville,north carolina
US,North Carolina,Linville Falls,linville falls,north carolina
US,North Carolina,Littleton,littleton,north carolina
US,North Carolina,Louisburg,louisburg,north carolina
US,North Carolina,Lumberton,lumberton,north carolina
US,North Carolina,Madison,madison,north carolina
US,North Carolina,Maggie Valley,maggie valley,north carolina
US,North Carolina,Marion,marion,north carolina
US,North Carolina,Mars Hill,mars hill,north carolina
US,North Carolina,Marshall,marshall,north carolina
US,North Carolina,Marshallberg,marshallberg,north carolina
US,North Carolina,Marshville,marshville,north carolina
US,North Carolina,Marston,marston,north carolina
US,North Carolina,Marvin,marvin,north carolina
US,North Carolina,Matthews,matthews,north carolina
US,North Carolina,Mc Leansville,mc leansville,north carolina
US,North Carolina,Mebane,mebane,north carolina
US,North Carolina,Merry Hill,merry hill,north carolina
US,North Carolina,Middlesex,middlesex,north carolina
US,North Carolina,Midway Park,midway park,north carolina
US,North Carolina,Mills River,mills river,north carolina
US,North Carolina,Mint Hill,mint hill,north carolina
US,North Carolina,Mocksville,mocksville,north carolina
US,North Carolina,Monroe,monroe,north carolina
US,North Carolina,Mooresville,mooresville,north carolina
US,North Carolina,Morehead City,morehead city,north carolina
US,North Carolina,Morganton,morganton,north carolina
US,North Carolina,Morrisville,morrisville,north carolina
US,North Carolina,Mount Airy,mount airy,north carolina
US,North Carolina,Mount Holly,mount holly,north carolina
US,North Carolina,Moyock,moyock,north carolina
US,North Carolina,Murphy,murphy,north carolina
US,North Carolina,Nags Head,nags head,north carolina
US,North Carolina,Nebo,nebo,north carolina
US,North Carolina,New Bern,new bern,north carolina
US,North Carolina,New London,new london,north carolina
US,North Carolina,Newport,newport,north carolina
US,North Carolina,Norlina,norlina,north carolina
US,North Carolina,North Wilkesboro,north wilkesboro,north carolina
US,North Carolina,Norwood,norwood,north carolina
US,North Carolina,Oak Island,oak island,north carolina
US,North Carolina,Oak Ridge,oak ridge,north carolina
US,North Carolina,Ocean Isle Beach,ocean isle beach,north carolina
US,North Carolina,Old Fort,old fort,north carolina
US,North Carolina,Oriental,oriental,north carolina
US,North Carolina,Oxford,oxford,north carolina
US,North Carolina,Penrose,penrose,north carolina
US,North Carolina,Pfafftown,pfafftown,north carolina
US,North Carolina,Pine Knoll Shores,pine knoll shores,north carolina
US,North Carolina,Pinehurst,pinehurst,north carolina
US,North Carolina,Pineville,pineville,north carolina
US,North Carolina,Pisgah Forest,pisgah forest,north carolina
US,North Carolina,Pittsboro,pittsboro,north carolina
US,North Carolina,Pleasant Garden,pleasant garden,north carolina
US,North Carolina,Plymouth,plymouth,north carolina
US,North Carolina,Point Harbor,point harbor,north carolina
US,North Carolina,Pollocksville,pollocksville,north carolina
US,North Carolina,Raeford,raeford,north carolina
US,North Carolina,Raleigh,raleigh,north carolina
US,North Carolina,Raleighraleigh,raleighraleigh,north carolina
US,North Carolina,Reidsville,reidsville,north carolina
US,North Carolina,Roanoke Rapids,roanoke rapids,north carolina
US,North Carolina,Robbinsville,robbinsville,north carolina
US,North Carolina,Rockwell,rockwell,north carolina
US,North Carolina,Rocky Mount,rocky mount,north carolina
US,North Carolina,Rocky Point,rocky point,north carolina
US,North Carolina,Rural Hall,rural hall,north carolina
US,North Carolina,Rutherfordton,rutherfordton,north carolina
US,North Carolina,Salisbury,salisbury,north carolina
US,North Carolina,Sanford,sanford,north carolina
US,North Carolina,Sapphire,sapphire,north carolina
US,North Carolina,Scaly Mountain,scaly mountain,north carolina
US,North Carolina,Selma,selma,north carolina
US,North Carolina,Shawboro,shawboro,north carolina
US,North Carolina,Shelby,shelby,north carolina
US,North Carolina,Smithfield,smithfield,north carolina
US,North Carolina,Sneads Ferry,sneads ferry,north carolina
US,North Carolina,Snow Camp,snow camp,north carolina
US,North Carolina,Snow Hill,snow hill,north carolina
US,North Carolina,Southern Pines,southern pines,north carolina
US,North Carolina,Southern Shores,southern shores,north carolina
US,North Carolina,Southport,southport,north carolina
US,North Carolina,Spring Hope,spring hope,north carolina
US,North Carolina,Spring Lake,spring lake,north carolina
US,North Carolina,Spruce Pine,spruce pine,north carolina
US,North Carolina,Stanfield,stanfield,north carolina
US,North Carolina,Stanley,stanley,north carolina
US,North Carolina,Star,star,north carolina
US,North Carolina,Statesville,statesville,north carolina
US,North Carolina,Stella,stella,north carolina
US,North Carolina,Stem,stem,north carolina
US,North Carolina,Stokesdale,stokesdale,north carolina
US,North Carolina,Summerfield,summerfield,north carolina
US,North Carolina,Sunbury,sunbury,north carolina
US,North Carolina,Sunset Beach,sunset beach,north carolina
US,North Carolina,Supply,supply,north carolina
US,North Carolina,Surf City,surf city,north carolina
US,North Carolina,Swansboro,swansboro,north carolina
US,North Carolina,Sylva,sylva,north carolina
US,North Carolina,Tar Heel,tar heel,north carolina
US,North Carolina,Tarboro,tarboro,north carolina
US,North Carolina,Taylorsville,taylorsville,north carolina
US,North Carolina,Thomasville,thomasville,north carolina
US,North Carolina,Traphill,traphill,north carolina
US,North Carolina,Trent Woods,trent woods,north carolina
US,North Carolina,Trinity,trinity,north carolina
US,North Carolina,Troutman,troutman,north carolina
US,North Carolina,Tryon,tryon,north carolina
US,North Carolina,Turkey,turkey,north carolina
US,North Carolina,Tyner,tyner,north carolina
US,North Carolina,Valdese,valdese,north carolina
US,North Carolina,Vass,vass,north carolina
US,North Carolina,Vilas,vilas,north carolina
US,North Carolina,Wade,wade,north carolina
US,North Carolina,Wadesboro,wadesboro,north carolina
US,North Carolina,Wake Forest,wake forest,north carolina
US,North Carolina,Walkertown,walkertown,north carolina
US,North Carolina,Wallace,wallace,north carolina
US,North Carolina,Walnut Cove,walnut cove,north carolina
US,North Carolina,Warrensville,warrensville,north carolina
US,North Carolina,Washington,washington,north carolina
US,North Carolina,Waxhaw,waxhaw,north carolina
US,North Carolina,Waynesville,waynesville,north carolina
US,North Carolina,Weaverville,weaverville,north carolina
US,North Carolina,Weddington,weddington,north carolina
US,North Carolina,Weldon,weldon,north carolina
US,North Carolina,Wendell,wendell,north carolina
US,North Carolina,West End,west end,north carolina
US,North Carolina,West Jefferson,west jefferson,north carolina
US,North Carolina,Whispering Pines,whispering pines,north carolina
US,North Carolina,Whitsett,whitsett,north carolina
US,North Carolina,Whittier,whittier,north carolina
US,North Carolina,Wilkesboro,wilkesboro,north carolina
US,North Carolina,Williamston,williamston,north carolina
US,North Carolina,Willow Spring,willow spring,north carolina
US,North Carolina,Wilmington,wilmington,north carolina
US,North Carolina,Wilson,wilson,north carolina
US,North Carolina,Winnabow,winnabow,north carolina
US,North Carolina,Winston Salem,winston salem,north carolina
US,North Carolina,Winston-Salem,winston-salem,north carolina
US,North Carolina,Winterville,winterville,north carolina
US,North Carolina,Wrightsville Beach,wrightsville beach,north carolina
US,North Carolina,Yadkinville,yadkinville,north carolina
US,North Carolina,Yanceyville,yanceyville,north carolina
US,North Carolina,Youngsville,youngsville,north carolina
US,North Carolina,Zebulon,zebulon,north carolina
US,North Carolina,Zionville,zionville,north carolina
US,North Dakota,Bismarck,bismarck,north dakota
US,North Dakota,Cooperstown,cooperstown,north dakota
US,North Dakota,Dickinson,dickinson,north dakota
US,North Dakota,Fargo,fargo,north dakota
US,North Dakota,Fessenden,fessenden,north dakota
US,North Dakota,Grafton,grafton,north dakota
US,North Dakota,Grand Forks,grand forks,north dakota
US,North Dakota,Grand Forks Afb,grand forks afb,north dakota
US,North Dakota,Hillsboro,hillsboro,north dakota
US,North Dakota,Horace,horace,north dakota
US,North Dakota,Kensal,kensal,north dakota
US,North Dakota,Lamoure,lamoure,north dakota
US,North Dakota,Mandan,mandan,north dakota
US,North Dakota,Minto,minto,north dakota
US,North Dakota,West Fargo,west fargo,north dakota
US,North Dakota,Williston,williston,north dakota
US,Ohio,Akron,akron,ohio
US,Ohio,Alger,alger,ohio
US,Ohio,Amanda,amanda,ohio
US,Ohio,Amelia,amelia,ohio
US,Ohio,Amsterdam,amsterdam,ohio
US,Ohio,Antwerp,antwerp,ohio
US,Ohio,Archbold,archbold,ohio
US,Ohio,Arlington,arlington,ohio
US,Ohio,Ashland,ashland,ohio
US,Ohio,Ashtabula,ashtabula,ohio
US,Ohio,Athens,athens,ohio
US,Ohio,Attica,attica,ohio
US,Ohio,Atwater,atwater,ohio
US,Ohio,Aurora,aurora,ohio
US,Ohio,Austinburg,austinburg,ohio
US,Ohio,Avon,avon,ohio
US,Ohio,Avon Lake,avon lake,ohio
US,Ohio,Baltimore,baltimore,ohio
US,Ohio,Barberton,barberton,ohio
US,Ohio,Batavia,batavia,ohio
US,Ohio,Bay Village,bay village,ohio
US,Ohio,Beachwood,beachwood,ohio
US,Ohio,Beavercreek,beavercreek,ohio
US,Ohio,Beavercreek Township,beavercreek township,ohio
US,Ohio,Bellaire,bellaire,ohio
US,Ohio,Bellbrook,bellbrook,ohio
US,Ohio,Belle Center,belle center,ohio
US,Ohio,Bellefontaine,bellefontaine,ohio
US,Ohio,Bellville,bellville,ohio
US,Ohio,Berea,berea,ohio
US,Ohio,Berkey,berkey,ohio
US,Ohio,Berlin Center,berlin center,ohio
US,Ohio,Bethel,bethel,ohio
US,Ohio,Beverly,beverly,ohio
US,Ohio,Bexley,bexley,ohio
US,Ohio,Blacklick,blacklick,ohio
US,Ohio,Blue Ash,blue ash,ohio
US,Ohio,Blue Rock,blue rock,ohio
US,Ohio,Bluffton,bluffton,ohio
US,Ohio,Bolivar,bolivar,ohio
US,Ohio,Bowling Green,bowling green,ohio
US,Ohio,Brecksville,brecksville,ohio
US,Ohio,Bremen,bremen,ohio
US,Ohio,Bridgeport,bridgeport,ohio
US,Ohio,Broadview Heights,broadview heights,ohio
US,Ohio,Brook Park,brook park,ohio
US,Ohio,Brunswick,brunswick,ohio
US,Ohio,Bryan,bryan,ohio
US,Ohio,Bucyrus,bucyrus,ohio
US,Ohio,Cambridge,cambridge,ohio
US,Ohio,Camden,camden,ohio
US,Ohio,Campbell,campbell,ohio
US,Ohio,Canal Fulton,canal fulton,ohio
US,Ohio,Canal Winchester,canal winchester,ohio
US,Ohio,Canfield,canfield,ohio
US,Ohio,Canton,canton,ohio
US,Ohio,Carrollton,carrollton,ohio
US,Ohio,Cedarville,cedarville,ohio
US,Ohio,Centerburg,centerburg,ohio
US,Ohio,Centerville,centerville,ohio
US,Ohio,Chagrin Falls,chagrin falls,ohio
US,Ohio,Chagrin Falls Township,chagrin falls township,ohio
US,Ohio,Chardon,chardon,ohio
US,Ohio,Chesterland,chesterland,ohio
US,Ohio,Chillicothe,chillicothe,ohio
US,Ohio,Cincinati,cincinati,ohio
US,Ohio,Cincinnati,cincinnati,ohio
US,Ohio,Circleville,circleville,ohio
US,Ohio,Clarksville,clarksville,ohio
US,Ohio,Cleveland,cleveland,ohio
US,Ohio,Cleveland Heights,cleveland heights,ohio
US,Ohio,Cleves,cleves,ohio
US,Ohio,Columbia Station,columbia station,ohio
US,Ohio,Columbiana,columbiana,ohio
US,Ohio,Columbus,columbus,ohio
US,Ohio,Concord Township,concord township,ohio
US,Ohio,Copley,copley,ohio
US,Ohio,Cortland,cortland,ohio
US,Ohio,Coventry Township,coventry township,ohio
US,Ohio,Covington,covington,ohio
US,Ohio,Crooksville,crooksville,ohio
US,Ohio,Crown City,crown city,ohio
US,Ohio,Curtice,curtice,ohio
US,Ohio,Cuyahoga Falls,cuyahoga falls,ohio
US,Ohio,Dalton,dalton,ohio
US,Ohio,Dayton,dayton,ohio
US,Ohio,Defiance,defiance,ohio
US,Ohio,Delaware,delaware,ohio
US,Ohio,Delphos,delphos,ohio
US,Ohio,Dennison,dennison,ohio
US,Ohio,Dover,dover,ohio
US,Ohio,Dublin,dublin,ohio
US,Ohio,East Canton,east canton,ohio
US,Ohio,East Liberty,east liberty,ohio
US,Ohio,East Liverpool,east liverpool,ohio
US,Ohio,Eastlake,eastlake,ohio
US,Ohio,Elmore,elmore,ohio
US,Ohio,Elyria,elyria,ohio
US,Ohio,Etna,etna,ohio
US,Ohio,Fairborn,fairborn,ohio
US,Ohio,Fairfield,fairfield,ohio
US,Ohio,Fairfield Twp,fairfield twp,ohio
US,Ohio,Fairlawn,fairlawn,ohio
US,Ohio,Fairview Park,fairview park,ohio
US,Ohio,Findlay,findlay,ohio
US,Ohio,Fort  Recovery,fort  recovery,ohio
US,Ohio,Fort Jennings,fort jennings,ohio
US,Ohio,Franklin,franklin,ohio
US,Ohio,Fredericktown,fredericktown,ohio
US,Ohio,Fremont,fremont,ohio
US,Ohio,Gahanna,gahanna,ohio
US,Ohio,Galena,galena,ohio
US,Ohio,Gallipolis,gallipolis,ohio
US,Ohio,Galloway,galloway,ohio
US,Ohio,Gates Mills,gates mills,ohio
US,Ohio,Gibsonburg,gibsonburg,ohio
US,Ohio,Girard,girard,ohio
US,Ohio,Goshen,goshen,ohio
US,Ohio,Grafton,grafton,ohio
US,Ohio,"Grafton, Oh","grafton, oh",ohio
US,Ohio,Grandview Heights,grandview heights,ohio
US,Ohio,Granville,granville,ohio
US,Ohio,Green,green,ohio
US,Ohio,Greentown,greentown,ohio
US,Ohio,Greenville,greenville,ohio
US,Ohio,Grove City,grove city,ohio
US,Ohio,Groveport,groveport,ohio
US,Ohio,Hamilton,hamilton,ohio
US,Ohio,Hanoverton,hanoverton,ohio
US,Ohio,Harpster,harpster,ohio
US,Ohio,Harrison,harrison,ohio
US,Ohio,Hartville,hartville,ohio
US,Ohio,Heath,heath,ohio
US,Ohio,Hebron,hebron,ohio
US,Ohio,Hicksville,hicksville,ohio
US,Ohio,Highland Heights,highland heights,ohio
US,Ohio,Highland Hts,highland hts,ohio
US,Ohio,Highland Hts.,highland hts.,ohio
US,Ohio,Hilliard,hilliard,ohio
US,Ohio,Hillsboro,hillsboro,ohio
US,Ohio,Hinckley,hinckley,ohio
US,Ohio,Hiram,hiram,ohio
US,Ohio,Holland,holland,ohio
US,Ohio,Houston,houston,ohio
US,Ohio,Howard,howard,ohio
US,Ohio,Hubbard,hubbard,ohio
US,Ohio,Huber Heights,huber heights,ohio
US,Ohio,Hudson,hudson,ohio
US,Ohio,Huntsville,huntsville,ohio
US,Ohio,Huron,huron,ohio
US,Ohio,Indian Hill,indian hill,ohio
US,Ohio,Jackson,jackson,ohio
US,Ohio,Jamestown,jamestown,ohio
US,Ohio,Jefferson,jefferson,ohio
US,Ohio,Jeffersonville,jeffersonville,ohio
US,Ohio,Johnstown,johnstown,ohio
US,Ohio,Kent,kent,ohio
US,Ohio,Kettering,kettering,ohio
US,Ohio,Kimbolton,kimbolton,ohio
US,Ohio,Kingston,kingston,ohio
US,Ohio,Kingsville,kingsville,ohio
US,Ohio,Kirtland,kirtland,ohio
US,Ohio,Kirtland Hills,kirtland hills,ohio
US,Ohio,Kitts Hill,kitts hill,ohio
US,Ohio,Lagrange,lagrange,ohio
US,Ohio,Lakewood,lakewood,ohio
US,Ohio,Lancaster,lancaster,ohio
US,Ohio,Laura,laura,ohio
US,Ohio,Lebanon,lebanon,ohio
US,Ohio,Leesburg,leesburg,ohio
US,Ohio,Leipsic,leipsic,ohio
US,Ohio,Lewis Center,lewis center,ohio
US,Ohio,Lewisburg,lewisburg,ohio
US,Ohio,Lexington,lexington,ohio
US,Ohio,Liberty Township,liberty township,ohio
US,Ohio,Liberty Twp,liberty twp,ohio
US,Ohio,Lima,lima,ohio
US,Ohio,Lisbon,lisbon,ohio
US,Ohio,Lockbourne,lockbourne,ohio
US,Ohio,Lodi,lodi,ohio
US,Ohio,London,london,ohio
US,Ohio,Lorain,lorain,ohio
US,Ohio,Loudonville,loudonville,ohio
US,Ohio,Loveland,loveland,ohio
US,Ohio,Lowell,lowell,ohio
US,Ohio,Lucas,lucas,ohio
US,Ohio,Luckey,luckey,ohio
US,Ohio,Lyndhurst,lyndhurst,ohio
US,Ohio,Macedonia,macedonia,ohio
US,Ohio,Madeira,madeira,ohio
US,Ohio,Madison,madison,ohio
US,Ohio,Maineville,maineville,ohio
US,Ohio,Mansfield,mansfield,ohio
US,Ohio,Marietta,marietta,ohio
US,Ohio,Marion,marion,ohio
US,Ohio,Martinsville,martinsville,ohio
US,Ohio,Marysville,marysville,ohio
US,Ohio,Mason,mason,ohio
US,Ohio,Massillon,massillon,ohio
US,Ohio,Maumee,maumee,ohio
US,Ohio,Mayfield Heights,mayfield heights,ohio
US,Ohio,Mccomb,mccomb,ohio
US,Ohio,Medina,medina,ohio
US,Ohio,Mentor,mentor,ohio
US,Ohio,Miamisburg,miamisburg,ohio
US,Ohio,Middleburg Heights,middleburg heights,ohio
US,Ohio,Middleburg Hts,middleburg hts,ohio
US,Ohio,Middlefield,middlefield,ohio
US,Ohio,Middletown,middletown,ohio
US,Ohio,Milford,milford,ohio
US,Ohio,Millersburg,millersburg,ohio
US,Ohio,Millersport,millersport,ohio
US,Ohio,Mineral City,mineral city,ohio
US,Ohio,Minerva,minerva,ohio
US,Ohio,Mingo Junction,mingo junction,ohio
US,Ohio,Minster,minster,ohio
US,Ohio,Mogadore,mogadore,ohio
US,Ohio,Monroe,monroe,ohio
US,Ohio,Montgomery,montgomery,ohio
US,Ohio,Moreland Hills,moreland hills,ohio
US,Ohio,Morrow,morrow,ohio
US,Ohio,Mount Gilead,mount gilead,ohio
US,Ohio,Mount Vernon,mount vernon,ohio
US,Ohio,Mt Blanchard,mt blanchard,ohio
US,Ohio,N Ridgeville,n ridgeville,ohio
US,Ohio,Napoleon,napoleon,ohio
US,Ohio,Nashport,nashport,ohio
US,Ohio,New Albany,new albany,ohio
US,Ohio,New Carlisle,new carlisle,ohio
US,Ohio,New Franklin,new franklin,ohio
US,Ohio,New Knoxville,new knoxville,ohio
US,Ohio,New Lebanon,new lebanon,ohio
US,Ohio,New Lexington,new lexington,ohio
US,Ohio,New Madison,new madison,ohio
US,Ohio,New Middletown,new middletown,ohio
US,Ohio,New Philadelphia,new philadelphia,ohio
US,Ohio,New Richmond,new richmond,ohio
US,Ohio,Newark,newark,ohio
US,Ohio,Newbury,newbury,ohio
US,Ohio,Niles,niles,ohio
US,Ohio,North Baltimore,north baltimore,ohio
US,Ohio,North Bend,north bend,ohio
US,Ohio,North Canton,north canton,ohio
US,Ohio,North Olmsted,north olmsted,ohio
US,Ohio,North Ridgeville,north ridgeville,ohio
US,Ohio,North Royalton,north royalton,ohio
US,Ohio,Northfield,northfield,ohio
US,Ohio,Norwalk,norwalk,ohio
US,Ohio,Novelty,novelty,ohio
US,Ohio,Oak Harbor,oak harbor,ohio
US,Ohio,Oak Hill,oak hill,ohio
US,Ohio,Oakwood,oakwood,ohio
US,Ohio,Oberlin,oberlin,ohio
US,Ohio,Olmsted Falls,olmsted falls,ohio
US,Ohio,Olmsted Twp,olmsted twp,ohio
US,Ohio,Ontario,ontario,ohio
US,Ohio,Orange,orange,ohio
US,Ohio,Oregon,oregon,ohio
US,Ohio,Oregonia,oregonia,ohio
US,Ohio,Orient,orient,ohio
US,Ohio,Orrville,orrville,ohio
US,Ohio,Orwell,orwell,ohio
US,Ohio,Ostrander,ostrander,ohio
US,Ohio,Ottawa,ottawa,ohio
US,Ohio,Ottawa Hills,ottawa hills,ohio
US,Ohio,Oxford,oxford,ohio
US,Ohio,Painesville,painesville,ohio
US,Ohio,Parma,parma,ohio
US,Ohio,Pataskala,pataskala,ohio
US,Ohio,Peebles,peebles,ohio
US,Ohio,Pepper Pike,pepper pike,ohio
US,Ohio,Perry,perry,ohio
US,Ohio,Perrysburg,perrysburg,ohio
US,Ohio,Pickerington,pickerington,ohio
US,Ohio,Piketon,piketon,ohio
US,Ohio,Piqua,piqua,ohio
US,Ohio,Plain City,plain city,ohio
US,Ohio,Pleasant Hill,pleasant hill,ohio
US,Ohio,Poland,poland,ohio
US,Ohio,Port Clinton,port clinton,ohio
US,Ohio,Powell,powell,ohio
US,Ohio,Radnor,radnor,ohio
US,Ohio,Ravenna,ravenna,ohio
US,Ohio,Ray,ray,ohio
US,Ohio,Rayland,rayland,ohio
US,Ohio,Raymond,raymond,ohio
US,Ohio,Reedsville,reedsville,ohio
US,Ohio,Reno,reno,ohio
US,Ohio,Reynoldsburg,reynoldsburg,ohio
US,Ohio,Richfield,richfield,ohio
US,Ohio,Richmond Hts,richmond hts,ohio
US,Ohio,Rock Creek,rock creek,ohio
US,Ohio,Rocky River,rocky river,ohio
US,Ohio,Rootstown,rootstown,ohio
US,Ohio,Russia,russia,ohio
US,Ohio,Sabina,sabina,ohio
US,Ohio,Sagamore Hills,sagamore hills,ohio
US,Ohio,Saint Clairsville,saint clairsville,ohio
US,Ohio,Saint Marys,saint marys,ohio
US,Ohio,Sandusky,sandusky,ohio
US,Ohio,Sardinia,sardinia,ohio
US,Ohio,Seven Hills,seven hills,ohio
US,Ohio,Seville,seville,ohio
US,Ohio,Shaker Heights,shaker heights,ohio
US,Ohio,Sheffield Village,sheffield village,ohio
US,Ohio,Shelby,shelby,ohio
US,Ohio,Sherwood,sherwood,ohio
US,Ohio,Sidney,sidney,ohio
US,Ohio,Solon,solon,ohio
US,Ohio,South Euclid,south euclid,ohio
US,Ohio,South Lebanon,south lebanon,ohio
US,Ohio,South Vienna,south vienna,ohio
US,Ohio,Spencer,spencer,ohio
US,Ohio,Springboro,springboro,ohio
US,Ohio,Springdale,springdale,ohio
US,Ohio,Springfield,springfield,ohio
US,Ohio,St Paris,st paris,ohio
US,Ohio,Steubenville,steubenville,ohio
US,Ohio,Stone Creek,stone creek,ohio
US,Ohio,Stow,stow,ohio
US,Ohio,Strasburg,strasburg,ohio
US,Ohio,Streetsboro,streetsboro,ohio
US,Ohio,Strongsville,strongsville,ohio
US,Ohio,Sugarcreek Twp,sugarcreek twp,ohio
US,Ohio,Sunbury,sunbury,ohio
US,Ohio,Sylvania,sylvania,ohio
US,Ohio,Tallmadge,tallmadge,ohio
US,Ohio,Terrace Park,terrace park,ohio
US,Ohio,The Plains,the plains,ohio
US,Ohio,Thornville,thornville,ohio
US,Ohio,Tiffin,tiffin,ohio
US,Ohio,Timberlake,timberlake,ohio
US,Ohio,Tipp City,tipp city,ohio
US,Ohio,Toledo,toledo,ohio
US,Ohio,Trenton,trenton,ohio
US,Ohio,Troy,troy,ohio
US,Ohio,Twinsburg,twinsburg,ohio
US,Ohio,Uhrichsville,uhrichsville,ohio
US,Ohio,Uniontown,uniontown,ohio
US,Ohio,University Heights,university heights,ohio
US,Ohio,University Hts,university hts,ohio
US,Ohio,Upper Arlington,upper arlington,ohio
US,Ohio,Urbana,urbana,ohio
US,Ohio,Valley City,valley city,ohio
US,Ohio,Valley View,valley view,ohio
US,Ohio,Van Wert,van wert,ohio
US,Ohio,Vandalia,vandalia,ohio
US,Ohio,Vermilion,vermilion,ohio
US,Ohio,Wadsworth,wadsworth,ohio
US,Ohio,Wakeman,wakeman,ohio
US,Ohio,Warren,warren,ohio
US,Ohio,Washington Court House,washington court house,ohio
US,Ohio,Waterville,waterville,ohio
US,Ohio,Waynesville,waynesville,ohio
US,Ohio,Wellington,wellington,ohio
US,Ohio,West Chester,west chester,ohio
US,Ohio,West Chetser,west chetser,ohio
US,Ohio,West Portsmouth,west portsmouth,ohio
US,Ohio,Westerville,westerville,ohio
US,Ohio,Westlake,westlake,ohio
US,Ohio,Whitehouse,whitehouse,ohio
US,Ohio,Wickliffe,wickliffe,ohio
US,Ohio,Williamsburg,williamsburg,ohio
US,Ohio,Willoughby,willoughby,ohio
US,Ohio,Willoughby Hills,willoughby hills,ohio
US,Ohio,Willowick,willowick,ohio
US,Ohio,Wilmington,wilmington,ohio
US,Ohio,Woodsfield,woodsfield,ohio
US,Ohio,Wooster,wooster,ohio
US,Ohio,Worthington,worthington,ohio
US,Ohio,Xenia,xenia,ohio
US,Ohio,Yellow Springs,yellow springs,ohio
US,Ohio,Youngstown,youngstown,ohio
US,Ohio,Zanesville,zanesville,ohio
US,Oklahoma,Ada,ada,oklahoma
US,Oklahoma,Arcadia,arcadia,oklahoma
US,Oklahoma,Ardmore,ardmore,oklahoma
US,Oklahoma,Bartlesville,bartlesville,oklahoma
US,Oklahoma,Bethany,bethany,oklahoma
US,Oklahoma,Bixby,bixby,oklahoma
US,Oklahoma,Blanchard,blanchard,oklahoma
US,Oklahoma,Broken Arrow,broken arrow,oklahoma
US,Oklahoma,Burneyville,burneyville,oklahoma
US,Oklahoma,Cache,cache,oklahoma
US,Oklahoma,Calera,calera,oklahoma
US,Oklahoma,Calvin,calvin,oklahoma
US,Oklahoma,Chelsea,chelsea,oklahoma
US,Oklahoma,Chickasha,chickasha,oklahoma
US,Oklahoma,Choctaw,choctaw,oklahoma
US,Oklahoma,Claremore,claremore,oklahoma
US,Oklahoma,Collinsville,collinsville,oklahoma
US,Oklahoma,Coweta,coweta,oklahoma
US,Oklahoma,Davis,davis,oklahoma
US,Oklahoma,Devol,devol,oklahoma
US,Oklahoma,Dewey,dewey,oklahoma
US,Oklahoma,Drumright,drumright,oklahoma
US,Oklahoma,Duncan,duncan,oklahoma
US,Oklahoma,Durant,durant,oklahoma
US,Oklahoma,Edmond,edmond,oklahoma
US,Oklahoma,El Reno,el reno,oklahoma
US,Oklahoma,Elgin,elgin,oklahoma
US,Oklahoma,Enid,enid,oklahoma
US,Oklahoma,Eufaula,eufaula,oklahoma
US,Oklahoma,Fletcher,fletcher,oklahoma
US,Oklahoma,Forest Park,forest park,oklahoma
US,Oklahoma,Fort Cobb,fort cobb,oklahoma
US,Oklahoma,Fort Gibson,fort gibson,oklahoma
US,Oklahoma,Ft. Towson,ft. towson,oklahoma
US,Oklahoma,Grove,grove,oklahoma
US,Oklahoma,Guthrie,guthrie,oklahoma
US,Oklahoma,Hominy,hominy,oklahoma
US,Oklahoma,Hooker,hooker,oklahoma
US,Oklahoma,Hugo,hugo,oklahoma
US,Oklahoma,Inola,inola,oklahoma
US,Oklahoma,Jenks,jenks,oklahoma
US,Oklahoma,Kingston,kingston,oklahoma
US,Oklahoma,Konawa,konawa,oklahoma
US,Oklahoma,Lawton,lawton,oklahoma
US,Oklahoma,Lone Grove,lone grove,oklahoma
US,Oklahoma,Marlow,marlow,oklahoma
US,Oklahoma,Mcalester,mcalester,oklahoma
US,Oklahoma,Meridian,meridian,oklahoma
US,Oklahoma,Miami,miami,oklahoma
US,Oklahoma,Midwest City,midwest city,oklahoma
US,Oklahoma,Moore,moore,oklahoma
US,Oklahoma,Mounds,mounds,oklahoma
US,Oklahoma,Muskogee,muskogee,oklahoma
US,Oklahoma,Mustang,mustang,oklahoma
US,Oklahoma,Newalla,newalla,oklahoma
US,Oklahoma,Nichols Hills,nichols hills,oklahoma
US,Oklahoma,Norman,norman,oklahoma
US,Oklahoma,Okarche,okarche,oklahoma
US,Oklahoma,Okc,okc,oklahoma
US,Oklahoma,Okemah,okemah,oklahoma
US,Oklahoma,Oklahoma City,oklahoma city,oklahoma
US,Oklahoma,Oologah,oologah,oklahoma
US,Oklahoma,Owasso,owasso,oklahoma
US,Oklahoma,Paoli,paoli,oklahoma
US,Oklahoma,Piedmont,piedmont,oklahoma
US,Oklahoma,Prague,prague,oklahoma
US,Oklahoma,Purcell,purcell,oklahoma
US,Oklahoma,Sallisaw,sallisaw,oklahoma
US,Oklahoma,Sand Springs,sand springs,oklahoma
US,Oklahoma,Seminole,seminole,oklahoma
US,Oklahoma,Shawnee,shawnee,oklahoma
US,Oklahoma,Skiatook,skiatook,oklahoma
US,Oklahoma,Sperry,sperry,oklahoma
US,Oklahoma,Stillwater,stillwater,oklahoma
US,Oklahoma,Stonewall,stonewall,oklahoma
US,Oklahoma,Stratford,stratford,oklahoma
US,Oklahoma,Tahlequah,tahlequah,oklahoma
US,Oklahoma,Talihina,talihina,oklahoma
US,Oklahoma,Tecumseh,tecumseh,oklahoma
US,Oklahoma,Tulsa,tulsa,oklahoma
US,Oklahoma,Vian,vian,oklahoma
US,Oklahoma,Waynoka,waynoka,oklahoma
US,Oklahoma,Weatherford,weatherford,oklahoma
US,Oklahoma,Wilson,wilson,oklahoma
US,Oklahoma,Woodward,woodward,oklahoma
US,Oklahoma,Yukon,yukon,oklahoma
US,Oregon,Albany,albany,oregon
US,Oregon,Aloha,aloha,oregon
US,Oregon,Ashland,ashland,oregon
US,Oregon,Astoria,astoria,oregon
US,Oregon,Aumsville,aumsville,oregon
US,Oregon,Aurora,aurora,oregon
US,Oregon,Bandon,bandon,oregon
US,Oregon,Banks,banks,oregon
US,Oregon,Beavercreek,beavercreek,oregon
US,Oregon,Beaverton,beaverton,oregon
US,Oregon,Bend,bend,oregon
US,Oregon,Buxton,buxton,oregon
US,Oregon,Canby,canby,oregon
US,Oregon,Carlton,carlton,oregon
US,Oregon,Cave Junction,cave junction,oregon
US,Oregon,Central Point,central point,oregon
US,Oregon,Clackamas,clackamas,oregon
US,Oregon,Clatskanie,clatskanie,oregon
US,Oregon,Coos Bay,coos bay,oregon
US,Oregon,Corvallis,corvallis,oregon
US,Oregon,Dallas,dallas,oregon
US,Oregon,Depoe Bay,depoe bay,oregon
US,Oregon,Donald,donald,oregon
US,Oregon,Eagle Creek,eagle creek,oregon
US,Oregon,Eagle Point,eagle point,oregon
US,Oregon,Estacada,estacada,oregon
US,Oregon,Eugene,eugene,oregon
US,Oregon,Fairview,fairview,oregon
US,Oregon,Florence,florence,oregon
US,Oregon,Forest Grove,forest grove,oregon
US,Oregon,Gearhart,gearhart,oregon
US,Oregon,Gladstone,gladstone,oregon
US,Oregon,Gleneden Beach,gleneden beach,oregon
US,Oregon,Gold Beach,gold beach,oregon
US,Oregon,Grants Pass,grants pass,oregon
US,Oregon,Gresham,gresham,oregon
US,Oregon,Happy Valley,happy valley,oregon
US,Oregon,Heppner,heppner,oregon
US,Oregon,Hillsboro,hillsboro,oregon
US,Oregon,Hood River,hood river,oregon
US,Oregon,Jacksonville,jacksonville,oregon
US,Oregon,Junction City,junction city,oregon
US,Oregon,Keizer,keizer,oregon
US,Oregon,King City,king city,oregon
US,Oregon,Klamath Falls,klamath falls,oregon
US,Oregon,La Grande,la grande,oregon
US,Oregon,Lafayette,lafayette,oregon
US,Oregon,Lake Oswego,lake oswego,oregon
US,Oregon,Leaburg,leaburg,oregon
US,Oregon,Mcminnville,mcminnville,oregon
US,Oregon,Medford,medford,oregon
US,Oregon,Milwaukie,milwaukie,oregon
US,Oregon,Molalla,molalla,oregon
US,Oregon,Monmouth,monmouth,oregon
US,Oregon,Mulino,mulino,oregon
US,Oregon,Nehalem,nehalem,oregon
US,Oregon,Neskowin,neskowin,oregon
US,Oregon,Newberg,newberg,oregon
US,Oregon,Newport,newport,oregon
US,Oregon,North Bend,north bend,oregon
US,Oregon,North Plains,north plains,oregon
US,Oregon,Oak Grove,oak grove,oregon
US,Oregon,Oregon City,oregon city,oregon
US,Oregon,Otis,otis,oregon
US,Oregon,Pendleton,pendleton,oregon
US,Oregon,Philomath,philomath,oregon
US,Oregon,Pleasant Hill,pleasant hill,oregon
US,Oregon,Portland,portland,oregon
US,Oregon,Redmond,redmond,oregon
US,Oregon,Rhododendron,rhododendron,oregon
US,Oregon,Roseburg,roseburg,oregon
US,Oregon,Saint Helens,saint helens,oregon
US,Oregon,Salem,salem,oregon
US,Oregon,Sandy,sandy,oregon
US,Oregon,Scappoose,scappoose,oregon
US,Oregon,Scio,scio,oregon
US,Oregon,Seal Rock,seal rock,oregon
US,Oregon,Seaside,seaside,oregon
US,Oregon,Sherwood,sherwood,oregon
US,Oregon,Silverton,silverton,oregon
US,Oregon,Springfield,springfield,oregon
US,Oregon,St Helens,st helens,oregon
US,Oregon,St. Helens,st. helens,oregon
US,Oregon,Sunriver,sunriver,oregon
US,Oregon,The Dalles,the dalles,oregon
US,Oregon,Tigard,tigard,oregon
US,Oregon,Tillamook,tillamook,oregon
US,Oregon,Toledo,toledo,oregon
US,Oregon,Troutdale,troutdale,oregon
US,Oregon,Tualatin,tualatin,oregon
US,Oregon,Veneta,veneta,oregon
US,Oregon,Waldport,waldport,oregon
US,Oregon,Warren,warren,oregon
US,Oregon,Warrenton,warrenton,oregon
US,Oregon,West Linn,west linn,oregon
US,Oregon,Williams,williams,oregon
US,Oregon,Wilsonville,wilsonville,oregon
US,Oregon,Yamhill,yamhill,oregon
US,Oregon,Yoncalla,yoncalla,oregon
US,Pennsylvania,Abington,abington,pennsylvania
US,Pennsylvania,Adamsville,adamsville,pennsylvania
US,Pennsylvania,Albion,albion,pennsylvania
US,Pennsylvania,Albrightsville,albrightsville,pennsylvania
US,Pennsylvania,Aliquippa,aliquippa,pennsylvania
US,Pennsylvania,Allentown,allentown,pennsylvania
US,Pennsylvania,Allison Park,allison park,pennsylvania
US,Pennsylvania,Altoona,altoona,pennsylvania
US,Pennsylvania,Ambler,ambler,pennsylvania
US,Pennsylvania,Ambridge,ambridge,pennsylvania
US,Pennsylvania,Analomink,analomink,pennsylvania
US,Pennsylvania,Annville,annville,pennsylvania
US,Pennsylvania,Archbald,archbald,pennsylvania
US,Pennsylvania,Ardmore,ardmore,pennsylvania
US,Pennsylvania,Ashville,ashville,pennsylvania
US,Pennsylvania,Aspers,aspers,pennsylvania
US,Pennsylvania,Aspinwall,aspinwall,pennsylvania
US,Pennsylvania,Aston,aston,pennsylvania
US,Pennsylvania,Avondale,avondale,pennsylvania
US,Pennsylvania,Baden,baden,pennsylvania
US,Pennsylvania,Bala Cynwyd,bala cynwyd,pennsylvania
US,Pennsylvania,Barto,barto,pennsylvania
US,Pennsylvania,Bath,bath,pennsylvania
US,Pennsylvania,Beach Lake,beach lake,pennsylvania
US,Pennsylvania,Beaver,beaver,pennsylvania
US,Pennsylvania,Beaver Falls,beaver falls,pennsylvania
US,Pennsylvania,Bedford,bedford,pennsylvania
US,Pennsylvania,Belle Vernon,belle vernon,pennsylvania
US,Pennsylvania,Bellefonte,bellefonte,pennsylvania
US,Pennsylvania,Bensalem,bensalem,pennsylvania
US,Pennsylvania,Benton,benton,pennsylvania
US,Pennsylvania,Berwick,berwick,pennsylvania
US,Pennsylvania,Berwyn,berwyn,pennsylvania
US,Pennsylvania,Bethel Park,bethel park,pennsylvania
US,Pennsylvania,Bethlehem,bethlehem,pennsylvania
US,Pennsylvania,Birdsboro,birdsboro,pennsylvania
US,Pennsylvania,Blawnox,blawnox,pennsylvania
US,Pennsylvania,Bloomsburg,bloomsburg,pennsylvania
US,Pennsylvania,Blue Bell,blue bell,pennsylvania
US,Pennsylvania,Boiling Springs,boiling springs,pennsylvania
US,Pennsylvania,Bolivar,bolivar,pennsylvania
US,Pennsylvania,Boothwyn,boothwyn,pennsylvania
US,Pennsylvania,Boyertown,boyertown,pennsylvania
US,Pennsylvania,Breezewood,breezewood,pennsylvania
US,Pennsylvania,Brentwood,brentwood,pennsylvania
US,Pennsylvania,Bridgeville,bridgeville,pennsylvania
US,Pennsylvania,Bristol,bristol,pennsylvania
US,Pennsylvania,Brookhaven,brookhaven,pennsylvania
US,Pennsylvania,Broomall,broomall,pennsylvania
US,Pennsylvania,Bryn Mawr,bryn mawr,pennsylvania
US,Pennsylvania,Bushkill,bushkill,pennsylvania
US,Pennsylvania,Butler,butler,pennsylvania
US,Pennsylvania,Cabot,cabot,pennsylvania
US,Pennsylvania,California,california,pennsylvania
US,Pennsylvania,Camp Hill,camp hill,pennsylvania
US,Pennsylvania,Canadensis,canadensis,pennsylvania
US,Pennsylvania,Canonsburg,canonsburg,pennsylvania
US,Pennsylvania,Carlisle,carlisle,pennsylvania
US,Pennsylvania,Carmichaels,carmichaels,pennsylvania
US,Pennsylvania,Carnegie,carnegie,pennsylvania
US,Pennsylvania,Cecil,cecil,pennsylvania
US,Pennsylvania,Center Valley,center valley,pennsylvania
US,Pennsylvania,Centre Hall,centre hall,pennsylvania
US,Pennsylvania,Chadds Ford,chadds ford,pennsylvania
US,Pennsylvania,Chalfont,chalfont,pennsylvania
US,Pennsylvania,Chambersburg,chambersburg,pennsylvania
US,Pennsylvania,Champion,champion,pennsylvania
US,Pennsylvania,Cheltenham,cheltenham,pennsylvania
US,Pennsylvania,Chester,chester,pennsylvania
US,Pennsylvania,Chester Springs,chester springs,pennsylvania
US,Pennsylvania,Clairton,clairton,pennsylvania
US,Pennsylvania,Clark'S Summit,clark's summit,pennsylvania
US,Pennsylvania,Clarks Green,clarks green,pennsylvania
US,Pennsylvania,Clarks Summit,clarks summit,pennsylvania
US,Pennsylvania,Coal Center,coal center,pennsylvania
US,Pennsylvania,Coal Township,coal township,pennsylvania
US,Pennsylvania,Coatesville,coatesville,pennsylvania
US,Pennsylvania,Cochranville,cochranville,pennsylvania
US,Pennsylvania,Cogan Station,cogan station,pennsylvania
US,Pennsylvania,Collegeville,collegeville,pennsylvania
US,Pennsylvania,Collingdale,collingdale,pennsylvania
US,Pennsylvania,Columbia,columbia,pennsylvania
US,Pennsylvania,Conestoga,conestoga,pennsylvania
US,Pennsylvania,Conneaut Lake,conneaut lake,pennsylvania
US,Pennsylvania,Connellsville,connellsville,pennsylvania
US,Pennsylvania,Conshohocken,conshohocken,pennsylvania
US,Pennsylvania,Coopersburg,coopersburg,pennsylvania
US,Pennsylvania,Cooperstown,cooperstown,pennsylvania
US,Pennsylvania,Coplay,coplay,pennsylvania
US,Pennsylvania,Coraopolis,coraopolis,pennsylvania
US,Pennsylvania,Corry,corry,pennsylvania
US,Pennsylvania,Cranberry Township,cranberry township,pennsylvania
US,Pennsylvania,Cranberry Twp,cranberry twp,pennsylvania
US,Pennsylvania,Curwensville,curwensville,pennsylvania
US,Pennsylvania,Dallas,dallas,pennsylvania
US,Pennsylvania,Danielsville,danielsville,pennsylvania
US,Pennsylvania,Danville,danville,pennsylvania
US,Pennsylvania,Darby,darby,pennsylvania
US,Pennsylvania,Darlington,darlington,pennsylvania
US,Pennsylvania,Dauphin,dauphin,pennsylvania
US,Pennsylvania,Delta,delta,pennsylvania
US,Pennsylvania,Denver,denver,pennsylvania
US,Pennsylvania,Devon,devon,pennsylvania
US,Pennsylvania,Dillsburg,dillsburg,pennsylvania
US,Pennsylvania,Douglassville,douglassville,pennsylvania
US,Pennsylvania,Downingtown,downingtown,pennsylvania
US,Pennsylvania,Doylestown,doylestown,pennsylvania
US,Pennsylvania,Dresher,dresher,pennsylvania
US,Pennsylvania,Drexel Hill,drexel hill,pennsylvania
US,Pennsylvania,Du Bois,du bois,pennsylvania
US,Pennsylvania,Dubois,dubois,pennsylvania
US,Pennsylvania,Duncannon,duncannon,pennsylvania
US,Pennsylvania,Duncansville,duncansville,pennsylvania
US,Pennsylvania,Duquesne,duquesne,pennsylvania
US,Pennsylvania,Eagleville,eagleville,pennsylvania
US,Pennsylvania,East Berlin,east berlin,pennsylvania
US,Pennsylvania,East Norriton,east norriton,pennsylvania
US,Pennsylvania,East Petersburg,east petersburg,pennsylvania
US,Pennsylvania,East Stroudsburg,east stroudsburg,pennsylvania
US,Pennsylvania,East York,east york,pennsylvania
US,Pennsylvania,Easton,easton,pennsylvania
US,Pennsylvania,Ebensburg,ebensburg,pennsylvania
US,Pennsylvania,Edinboro,edinboro,pennsylvania
US,Pennsylvania,Eighty Four,eighty four,pennsylvania
US,Pennsylvania,Elizabeth,elizabeth,pennsylvania
US,Pennsylvania,Elizabethtown,elizabethtown,pennsylvania
US,Pennsylvania,Elkins Park,elkins park,pennsylvania
US,Pennsylvania,Elliottsburg,elliottsburg,pennsylvania
US,Pennsylvania,Ellwood City,ellwood city,pennsylvania
US,Pennsylvania,Elverson,elverson,pennsylvania
US,Pennsylvania,Elysburg,elysburg,pennsylvania
US,Pennsylvania,Emmaus,emmaus,pennsylvania
US,Pennsylvania,Enola,enola,pennsylvania
US,Pennsylvania,Ephrata,ephrata,pennsylvania
US,Pennsylvania,Erdenheim,erdenheim,pennsylvania
US,Pennsylvania,Erie,erie,pennsylvania
US,Pennsylvania,Essignton,essignton,pennsylvania
US,Pennsylvania,Evans City,evans city,pennsylvania
US,Pennsylvania,Everett,everett,pennsylvania
US,Pennsylvania,Export,export,pennsylvania
US,Pennsylvania,Exton,exton,pennsylvania
US,Pennsylvania,Fairfield,fairfield,pennsylvania
US,Pennsylvania,Fairless Hills,fairless hills,pennsylvania
US,Pennsylvania,Fairview,fairview,pennsylvania
US,Pennsylvania,Falls Creek,falls creek,pennsylvania
US,Pennsylvania,Farmington,farmington,pennsylvania
US,Pennsylvania,Farrell,farrell,pennsylvania
US,Pennsylvania,Fayetteville,fayetteville,pennsylvania
US,Pennsylvania,Feasterville Trevose,feasterville trevose,pennsylvania
US,Pennsylvania,Fineyville,fineyville,pennsylvania
US,Pennsylvania,Finleyville,finleyville,pennsylvania
US,Pennsylvania,Fleetwood,fleetwood,pennsylvania
US,Pennsylvania,Flourtown,flourtown,pennsylvania
US,Pennsylvania,Folcroft,folcroft,pennsylvania
US,Pennsylvania,Folsom,folsom,pennsylvania
US,Pennsylvania,Forest City,forest city,pennsylvania
US,Pennsylvania,Fort Washington,fort washington,pennsylvania
US,Pennsylvania,Forty Fort,forty fort,pennsylvania
US,Pennsylvania,Frackville,frackville,pennsylvania
US,Pennsylvania,Friedens,friedens,pennsylvania
US,Pennsylvania,Furlong,furlong,pennsylvania
US,Pennsylvania,Gap,gap,pennsylvania
US,Pennsylvania,Garnet Valley,garnet valley,pennsylvania
US,Pennsylvania,Gettysburg,gettysburg,pennsylvania
US,Pennsylvania,Gibsonia,gibsonia,pennsylvania
US,Pennsylvania,Gilbertsville,gilbertsville,pennsylvania
US,Pennsylvania,Girard,girard,pennsylvania
US,Pennsylvania,Gladwyne,gladwyne,pennsylvania
US,Pennsylvania,Glen Mills,glen mills,pennsylvania
US,Pennsylvania,Glen Rock,glen rock,pennsylvania
US,Pennsylvania,Glenmoore,glenmoore,pennsylvania
US,Pennsylvania,Glenolden,glenolden,pennsylvania
US,Pennsylvania,Glenshaw,glenshaw,pennsylvania
US,Pennsylvania,Glenside,glenside,pennsylvania
US,Pennsylvania,Gouldsboro,gouldsboro,pennsylvania
US,Pennsylvania,Green Lane,green lane,pennsylvania
US,Pennsylvania,Greencastle,greencastle,pennsylvania
US,Pennsylvania,Greensboro,greensboro,pennsylvania
US,Pennsylvania,Greensburg,greensburg,pennsylvania
US,Pennsylvania,Greenville,greenville,pennsylvania
US,Pennsylvania,"Greenville,","greenville,",pennsylvania
US,Pennsylvania,Grove City,grove city,pennsylvania
US,Pennsylvania,Gwynedd Valley,gwynedd valley,pennsylvania
US,Pennsylvania,Hallam,hallam,pennsylvania
US,Pennsylvania,Hamburg,hamburg,pennsylvania
US,Pennsylvania,Hanover,hanover,pennsylvania
US,Pennsylvania,Hanover Township,hanover township,pennsylvania
US,Pennsylvania,Harleysville,harleysville,pennsylvania
US,Pennsylvania,Harmony,harmony,pennsylvania
US,Pennsylvania,Harrisburg,harrisburg,pennsylvania
US,Pennsylvania,"Harrisburg, Pa.","harrisburg, pa.",pennsylvania
US,Pennsylvania,Harrison City,harrison city,pennsylvania
US,Pennsylvania,Harveys Lake,harveys lake,pennsylvania
US,Pennsylvania,Hastings,hastings,pennsylvania
US,Pennsylvania,Hatboro,hatboro,pennsylvania
US,Pennsylvania,Haverford,haverford,pennsylvania
US,Pennsylvania,Havertown,havertown,pennsylvania
US,Pennsylvania,Hawley,hawley,pennsylvania
US,Pennsylvania,Hazle Township,hazle township,pennsylvania
US,Pennsylvania,Hazleton,hazleton,pennsylvania
US,Pennsylvania,Hellertown,hellertown,pennsylvania
US,Pennsylvania,Hermitage,hermitage,pennsylvania
US,Pennsylvania,Hershey,hershey,pennsylvania
US,Pennsylvania,Hickory,hickory,pennsylvania
US,Pennsylvania,Holland,holland,pennsylvania
US,Pennsylvania,Hollidaysburg,hollidaysburg,pennsylvania
US,Pennsylvania,Homestead,homestead,pennsylvania
US,Pennsylvania,Honesdale,honesdale,pennsylvania
US,Pennsylvania,Honey Brook,honey brook,pennsylvania
US,Pennsylvania,Horsham,horsham,pennsylvania
US,Pennsylvania,Houston,houston,pennsylvania
US,Pennsylvania,Howard,howard,pennsylvania
US,Pennsylvania,Hughesville,hughesville,pennsylvania
US,Pennsylvania,Hummelstown,hummelstown,pennsylvania
US,Pennsylvania,Hunker,hunker,pennsylvania
US,Pennsylvania,Huntingdon Valley,huntingdon valley,pennsylvania
US,Pennsylvania,Huntingdon Vy,huntingdon vy,pennsylvania
US,Pennsylvania,Hyndman,hyndman,pennsylvania
US,Pennsylvania,Imperial,imperial,pennsylvania
US,Pennsylvania,Indian Head,indian head,pennsylvania
US,Pennsylvania,Indiana,indiana,pennsylvania
US,Pennsylvania,Irwin,irwin,pennsylvania
US,Pennsylvania,Ivyland,ivyland,pennsylvania
US,Pennsylvania,Jamison,jamison,pennsylvania
US,Pennsylvania,Jeannette,jeannette,pennsylvania
US,Pennsylvania,Jefferson Hills,jefferson hills,pennsylvania
US,Pennsylvania,Jefferson Twp,jefferson twp,pennsylvania
US,Pennsylvania,Jenkintown,jenkintown,pennsylvania
US,Pennsylvania,Jersey Shore,jersey shore,pennsylvania
US,Pennsylvania,Jim Thorpe,jim thorpe,pennsylvania
US,Pennsylvania,Johnstown,johnstown,pennsylvania
US,Pennsylvania,Kempton,kempton,pennsylvania
US,Pennsylvania,Kennett Square,kennett square,pennsylvania
US,Pennsylvania,King Of Prussia,king of prussia,pennsylvania
US,Pennsylvania,Kingston,kingston,pennsylvania
US,Pennsylvania,Kintnersville,kintnersville,pennsylvania
US,Pennsylvania,Kittanning,kittanning,pennsylvania
US,Pennsylvania,Kresgeville,kresgeville,pennsylvania
US,Pennsylvania,Kutztown,kutztown,pennsylvania
US,Pennsylvania,Lackawaxen,lackawaxen,pennsylvania
US,Pennsylvania,Lafayette Hill,lafayette hill,pennsylvania
US,Pennsylvania,Lake Harmony,lake harmony,pennsylvania
US,Pennsylvania,Lake Winola,lake winola,pennsylvania
US,Pennsylvania,Lancaster,lancaster,pennsylvania
US,Pennsylvania,Landenberg,landenberg,pennsylvania
US,Pennsylvania,Landisville,landisville,pennsylvania
US,Pennsylvania,Langhorne,langhorne,pennsylvania
US,Pennsylvania,Lansdale,lansdale,pennsylvania
US,Pennsylvania,Lansdowne,lansdowne,pennsylvania
US,Pennsylvania,Latrobe,latrobe,pennsylvania
US,Pennsylvania,Lebanon,lebanon,pennsylvania
US,Pennsylvania,Leechburg,leechburg,pennsylvania
US,Pennsylvania,Leeper,leeper,pennsylvania
US,Pennsylvania,Lehighton,lehighton,pennsylvania
US,Pennsylvania,Lenhartsville,lenhartsville,pennsylvania
US,Pennsylvania,Leola,leola,pennsylvania
US,Pennsylvania,Levittown,levittown,pennsylvania
US,Pennsylvania,Lewisberry,lewisberry,pennsylvania
US,Pennsylvania,Lewisburg,lewisburg,pennsylvania
US,Pennsylvania,Lewistown,lewistown,pennsylvania
US,Pennsylvania,Lincoln University,lincoln university,pennsylvania
US,Pennsylvania,Linden,linden,pennsylvania
US,Pennsylvania,Lititz,lititz,pennsylvania
US,Pennsylvania,Littlestown,littlestown,pennsylvania
US,Pennsylvania,Lords Valley,lords valley,pennsylvania
US,Pennsylvania,Lower Gwynedd,lower gwynedd,pennsylvania
US,Pennsylvania,Macungie,macungie,pennsylvania
US,Pennsylvania,Mahaffey,mahaffey,pennsylvania
US,Pennsylvania,Malvern,malvern,pennsylvania
US,Pennsylvania,Manayunk,manayunk,pennsylvania
US,Pennsylvania,Manchester,manchester,pennsylvania
US,Pennsylvania,Manheim,manheim,pennsylvania
US,Pennsylvania,Mansfield,mansfield,pennsylvania
US,Pennsylvania,Maple Glen,maple glen,pennsylvania
US,Pennsylvania,Marcus Hook,marcus hook,pennsylvania
US,Pennsylvania,Marietta,marietta,pennsylvania
US,Pennsylvania,Mars,mars,pennsylvania
US,Pennsylvania,Martinsburg,martinsburg,pennsylvania
US,Pennsylvania,Masontown,masontown,pennsylvania
US,Pennsylvania,Matamoras,matamoras,pennsylvania
US,Pennsylvania,Mc Donald,mc donald,pennsylvania
US,Pennsylvania,Mc Kees Rocks,mc kees rocks,pennsylvania
US,Pennsylvania,Mc Knightstown,mc knightstown,pennsylvania
US,Pennsylvania,Mcdonald,mcdonald,pennsylvania
US,Pennsylvania,Mcmurray,mcmurray,pennsylvania
US,Pennsylvania,Meadowbrook,meadowbrook,pennsylvania
US,Pennsylvania,Mechanicsburg,mechanicsburg,pennsylvania
US,Pennsylvania,Media,media,pennsylvania
US,Pennsylvania,Merion Station,merion station,pennsylvania
US,Pennsylvania,Middleburg,middleburg,pennsylvania
US,Pennsylvania,Middletown,middletown,pennsylvania
US,Pennsylvania,Mifflinburg,mifflinburg,pennsylvania
US,Pennsylvania,Mill Hall,mill hall,pennsylvania
US,Pennsylvania,Mill Rift,mill rift,pennsylvania
US,Pennsylvania,Milton,milton,pennsylvania
US,Pennsylvania,Mohnton,mohnton,pennsylvania
US,Pennsylvania,Monaca,monaca,pennsylvania
US,Pennsylvania,Monessen,monessen,pennsylvania
US,Pennsylvania,Monongahela,monongahela,pennsylvania
US,Pennsylvania,Monroeville,monroeville,pennsylvania
US,Pennsylvania,Montgomery,montgomery,pennsylvania
US,Pennsylvania,Montoursville,montoursville,pennsylvania
US,Pennsylvania,Montrose,montrose,pennsylvania
US,Pennsylvania,Moon Township,moon township,pennsylvania
US,Pennsylvania,Morgantown,morgantown,pennsylvania
US,Pennsylvania,Morrisville,morrisville,pennsylvania
US,Pennsylvania,Morton,morton,pennsylvania
US,Pennsylvania,Moscow,moscow,pennsylvania
US,Pennsylvania,Mount Carmel,mount carmel,pennsylvania
US,Pennsylvania,Mount Joy,mount joy,pennsylvania
US,Pennsylvania,Mount Pleasant,mount pleasant,pennsylvania
US,Pennsylvania,Mount Pocono,mount pocono,pennsylvania
US,Pennsylvania,Mount Wolf,mount wolf,pennsylvania
US,Pennsylvania,Mountain Top,mountain top,pennsylvania
US,Pennsylvania,Mountville,mountville,pennsylvania
US,Pennsylvania,Mt Lebanon,mt lebanon,pennsylvania
US,Pennsylvania,Mt. Joy,mt. joy,pennsylvania
US,Pennsylvania,Muncy,muncy,pennsylvania
US,Pennsylvania,Munhall,munhall,pennsylvania
US,Pennsylvania,Murrysville,murrysville,pennsylvania
US,Pennsylvania,Narberth,narberth,pennsylvania
US,Pennsylvania,Narvon,narvon,pennsylvania
US,Pennsylvania,Natrona Heights,natrona heights,pennsylvania
US,Pennsylvania,Nazareth,nazareth,pennsylvania
US,Pennsylvania,Needmore,needmore,pennsylvania
US,Pennsylvania,Nescopeck,nescopeck,pennsylvania
US,Pennsylvania,Nesquehoning,nesquehoning,pennsylvania
US,Pennsylvania,New Brighton,new brighton,pennsylvania
US,Pennsylvania,New Britain,new britain,pennsylvania
US,Pennsylvania,New Castle,new castle,pennsylvania
US,Pennsylvania,New Freedom,new freedom,pennsylvania
US,Pennsylvania,New Galilee,new galilee,pennsylvania
US,Pennsylvania,New Holland,new holland,pennsylvania
US,Pennsylvania,New Hope,new hope,pennsylvania
US,Pennsylvania,New Kensington,new kensington,pennsylvania
US,Pennsylvania,New Oxford,new oxford,pennsylvania
US,Pennsylvania,New Providence,new providence,pennsylvania
US,Pennsylvania,New Ringgold,new ringgold,pennsylvania
US,Pennsylvania,New Tripoli,new tripoli,pennsylvania
US,Pennsylvania,New Wilmington,new wilmington,pennsylvania
US,Pennsylvania,Newfoundland,newfoundland,pennsylvania
US,Pennsylvania,Newhope,newhope,pennsylvania
US,Pennsylvania,Newport,newport,pennsylvania
US,Pennsylvania,Newtown,newtown,pennsylvania
US,Pennsylvania,Newtown Sq,newtown sq,pennsylvania
US,Pennsylvania,Newtown Square,newtown square,pennsylvania
US,Pennsylvania,Newville,newville,pennsylvania
US,Pennsylvania,Norristown,norristown,pennsylvania
US,Pennsylvania,North Versailles,north versailles,pennsylvania
US,Pennsylvania,North Wales,north wales,pennsylvania
US,Pennsylvania,Northampton,northampton,pennsylvania
US,Pennsylvania,Northumberland,northumberland,pennsylvania
US,Pennsylvania,Norwood,norwood,pennsylvania
US,Pennsylvania,Oakdale,oakdale,pennsylvania
US,Pennsylvania,Oil City,oil city,pennsylvania
US,Pennsylvania,Old Forge,old forge,pennsylvania
US,Pennsylvania,Oley,oley,pennsylvania
US,Pennsylvania,Olyphant,olyphant,pennsylvania
US,Pennsylvania,Orefield,orefield,pennsylvania
US,Pennsylvania,Orwigsburg,orwigsburg,pennsylvania
US,Pennsylvania,Oswayo,oswayo,pennsylvania
US,Pennsylvania,Ottsville,ottsville,pennsylvania
US,Pennsylvania,Oxford,oxford,pennsylvania
US,Pennsylvania,Palmer,palmer,pennsylvania
US,Pennsylvania,Palmerton,palmerton,pennsylvania
US,Pennsylvania,Palmyra,palmyra,pennsylvania
US,Pennsylvania,Paoli,paoli,pennsylvania
US,Pennsylvania,Paradise,paradise,pennsylvania
US,Pennsylvania,Peckville,peckville,pennsylvania
US,Pennsylvania,Penfield,penfield,pennsylvania
US,Pennsylvania,Penn Valley,penn valley,pennsylvania
US,Pennsylvania,Penns Creek,penns creek,pennsylvania
US,Pennsylvania,Pennsburg,pennsburg,pennsylvania
US,Pennsylvania,Perkasie,perkasie,pennsylvania
US,Pennsylvania,Phila,phila,pennsylvania
US,Pennsylvania,Philadelphia,philadelphia,pennsylvania
US,Pennsylvania,"Philadelphia, Pa","philadelphia, pa",pennsylvania
US,Pennsylvania,Philadephia,philadephia,pennsylvania
US,Pennsylvania,Phoenixville,phoenixville,pennsylvania
US,Pennsylvania,Pipersville,pipersville,pennsylvania
US,Pennsylvania,Pittsburgh,pittsburgh,pennsylvania
US,Pennsylvania,Pittston,pittston,pennsylvania
US,Pennsylvania,Pleasant Hills,pleasant hills,pennsylvania
US,Pennsylvania,Plum,plum,pennsylvania
US,Pennsylvania,Plymouth Meeting,plymouth meeting,pennsylvania
US,Pennsylvania,Pocono Lake,pocono lake,pennsylvania
US,Pennsylvania,Polk,polk,pennsylvania
US,Pennsylvania,Port Matilda,port matilda,pennsylvania
US,Pennsylvania,Pottstown,pottstown,pennsylvania
US,Pennsylvania,Presto,presto,pennsylvania
US,Pennsylvania,Punxsutawney,punxsutawney,pennsylvania
US,Pennsylvania,Quakertown,quakertown,pennsylvania
US,Pennsylvania,Reading,reading,pennsylvania
US,Pennsylvania,Red Hill,red hill,pennsylvania
US,Pennsylvania,Red Lion,red lion,pennsylvania
US,Pennsylvania,Renfrew,renfrew,pennsylvania
US,Pennsylvania,Renovo,renovo,pennsylvania
US,Pennsylvania,Richboro,richboro,pennsylvania
US,Pennsylvania,Richlandtown,richlandtown,pennsylvania
US,Pennsylvania,Ridley Park,ridley park,pennsylvania
US,Pennsylvania,Riegelsville,riegelsville,pennsylvania
US,Pennsylvania,Rochester,rochester,pennsylvania
US,Pennsylvania,Rockton,rockton,pennsylvania
US,Pennsylvania,Rockwood,rockwood,pennsylvania
US,Pennsylvania,Rose Valley,rose valley,pennsylvania
US,Pennsylvania,Rostraver Township,rostraver township,pennsylvania
US,Pennsylvania,Royersford,royersford,pennsylvania
US,Pennsylvania,Russell,russell,pennsylvania
US,Pennsylvania,Rydal,rydal,pennsylvania
US,Pennsylvania,Saint Marys,saint marys,pennsylvania
US,Pennsylvania,Saint Thomas,saint thomas,pennsylvania
US,Pennsylvania,Sarver,sarver,pennsylvania
US,Pennsylvania,Saxonburg,saxonburg,pennsylvania
US,Pennsylvania,Sayre,sayre,pennsylvania
US,Pennsylvania,Schnecksville,schnecksville,pennsylvania
US,Pennsylvania,Schuylkill Haven,schuylkill haven,pennsylvania
US,Pennsylvania,Schwenksville,schwenksville,pennsylvania
US,Pennsylvania,Scottdale,scottdale,pennsylvania
US,Pennsylvania,Scranton,scranton,pennsylvania
US,Pennsylvania,Secane,secane,pennsylvania
US,Pennsylvania,Sellersville,sellersville,pennsylvania
US,Pennsylvania,Seven Fields,seven fields,pennsylvania
US,Pennsylvania,Seward,seward,pennsylvania
US,Pennsylvania,Sewickley,sewickley,pennsylvania
US,Pennsylvania,Shamokin,shamokin,pennsylvania
US,Pennsylvania,Sharon,sharon,pennsylvania
US,Pennsylvania,Shavertown,shavertown,pennsylvania
US,Pennsylvania,Sheakleyville,sheakleyville,pennsylvania
US,Pennsylvania,Shenandoah,shenandoah,pennsylvania
US,Pennsylvania,Shickshinny,shickshinny,pennsylvania
US,Pennsylvania,Shohola,shohola,pennsylvania
US,Pennsylvania,Shrewsbury,shrewsbury,pennsylvania
US,Pennsylvania,Sinking Spring,sinking spring,pennsylvania
US,Pennsylvania,"Sinking Spring, Pa","sinking spring, pa",pennsylvania
US,Pennsylvania,Slatington,slatington,pennsylvania
US,Pennsylvania,Sligo,sligo,pennsylvania
US,Pennsylvania,Slovan,slovan,pennsylvania
US,Pennsylvania,Somerset,somerset,pennsylvania
US,Pennsylvania,Souderton,souderton,pennsylvania
US,Pennsylvania,South Fork,south fork,pennsylvania
US,Pennsylvania,South Park,south park,pennsylvania
US,Pennsylvania,Southampton,southampton,pennsylvania
US,Pennsylvania,Spring Grove,spring grove,pennsylvania
US,Pennsylvania,Spring House,spring house,pennsylvania
US,Pennsylvania,Spring Mills,spring mills,pennsylvania
US,Pennsylvania,Springfield,springfield,pennsylvania
US,Pennsylvania,St. Marys,st. marys,pennsylvania
US,Pennsylvania,Stahlstown,stahlstown,pennsylvania
US,Pennsylvania,State College,state college,pennsylvania
US,Pennsylvania,Stevens,stevens,pennsylvania
US,Pennsylvania,Stoneboro,stoneboro,pennsylvania
US,Pennsylvania,Strasburg,strasburg,pennsylvania
US,Pennsylvania,Stroudsburg,stroudsburg,pennsylvania
US,Pennsylvania,Sugar Run,sugar run,pennsylvania
US,Pennsylvania,Summerhill,summerhill,pennsylvania
US,Pennsylvania,Sunbury,sunbury,pennsylvania
US,Pennsylvania,Sutersville,sutersville,pennsylvania
US,Pennsylvania,Swarthmore,swarthmore,pennsylvania
US,Pennsylvania,Swissvale,swissvale,pennsylvania
US,Pennsylvania,Sykesville,sykesville,pennsylvania
US,Pennsylvania,Tamaqua,tamaqua,pennsylvania
US,Pennsylvania,Tarentum,tarentum,pennsylvania
US,Pennsylvania,Taylor,taylor,pennsylvania
US,Pennsylvania,Telford,telford,pennsylvania
US,Pennsylvania,Temple,temple,pennsylvania
US,Pennsylvania,Thornton,thornton,pennsylvania
US,Pennsylvania,Titusville,titusville,pennsylvania
US,Pennsylvania,Toughkenamon,toughkenamon,pennsylvania
US,Pennsylvania,Trafford,trafford,pennsylvania
US,Pennsylvania,Trappe,trappe,pennsylvania
US,Pennsylvania,Tunkhannock,tunkhannock,pennsylvania
US,Pennsylvania,Tyrone,tyrone,pennsylvania
US,Pennsylvania,Uniontown,uniontown,pennsylvania
US,Pennsylvania,Upper Black Eddy,upper black eddy,pennsylvania
US,Pennsylvania,Upper Darby,upper darby,pennsylvania
US,Pennsylvania,Upper Gwynedd,upper gwynedd,pennsylvania
US,Pennsylvania,Valencia,valencia,pennsylvania
US,Pennsylvania,Vandergrift,vandergrift,pennsylvania
US,Pennsylvania,Venetia,venetia,pennsylvania
US,Pennsylvania,Villanova,villanova,pennsylvania
US,Pennsylvania,Virginville,virginville,pennsylvania
US,Pennsylvania,Wallingford,wallingford,pennsylvania
US,Pennsylvania,Wampum,wampum,pennsylvania
US,Pennsylvania,Warminster,warminster,pennsylvania
US,Pennsylvania,Warren,warren,pennsylvania
US,Pennsylvania,Warrington,warrington,pennsylvania
US,Pennsylvania,Warriors Mark,warriors mark,pennsylvania
US,Pennsylvania,Warwick,warwick,pennsylvania
US,Pennsylvania,Washington,washington,pennsylvania
US,Pennsylvania,Washington Crossing,washington crossing,pennsylvania
US,Pennsylvania,Wattsburg,wattsburg,pennsylvania
US,Pennsylvania,Waymart,waymart,pennsylvania
US,Pennsylvania,Wayne,wayne,pennsylvania
US,Pennsylvania,Waynesboro,waynesboro,pennsylvania
US,Pennsylvania,Wellsboro,wellsboro,pennsylvania
US,Pennsylvania,Wernersville,wernersville,pennsylvania
US,Pennsylvania,West Chester,west chester,pennsylvania
US,Pennsylvania,West Conshohocken,west conshohocken,pennsylvania
US,Pennsylvania,West Grove,west grove,pennsylvania
US,Pennsylvania,West Hazleton,west hazleton,pennsylvania
US,Pennsylvania,West Lawn,west lawn,pennsylvania
US,Pennsylvania,West Middlesex,west middlesex,pennsylvania
US,Pennsylvania,West Mifflin,west mifflin,pennsylvania
US,Pennsylvania,West Norriton,west norriton,pennsylvania
US,Pennsylvania,West Pittston,west pittston,pennsylvania
US,Pennsylvania,Westfield,westfield,pennsylvania
US,Pennsylvania,Wexford,wexford,pennsylvania
US,Pennsylvania,Wheatland,wheatland,pennsylvania
US,Pennsylvania,Whitehall,whitehall,pennsylvania
US,Pennsylvania,Wilkes Barre,wilkes barre,pennsylvania
US,Pennsylvania,Wilkes-Barre,wilkes-barre,pennsylvania
US,Pennsylvania,Wilkinsburg,wilkinsburg,pennsylvania
US,Pennsylvania,Williamsport,williamsport,pennsylvania
US,Pennsylvania,Willow Grove,willow grove,pennsylvania
US,Pennsylvania,Willow Street,willow street,pennsylvania
US,Pennsylvania,Wilmerding,wilmerding,pennsylvania
US,Pennsylvania,Wind Gap,wind gap,pennsylvania
US,Pennsylvania,Windsor,windsor,pennsylvania
US,Pennsylvania,Winfield,winfield,pennsylvania
US,Pennsylvania,Woodlyn,woodlyn,pennsylvania
US,Pennsylvania,Wyncote,wyncote,pennsylvania
US,Pennsylvania,Wyndmoor,wyndmoor,pennsylvania
US,Pennsylvania,Wynnewood,wynnewood,pennsylvania
US,Pennsylvania,Wyoming,wyoming,pennsylvania
US,Pennsylvania,Wyomissing,wyomissing,pennsylvania
US,Pennsylvania,Yardley,yardley,pennsylvania
US,Pennsylvania,York,york,pennsylvania
US,Pennsylvania,York Haven,york haven,pennsylvania
US,Pennsylvania,Zionsville,zionsville,pennsylvania
US,Rhode Island,Ashaway,ashaway,rhode island
US,Rhode Island,Barrington,barrington,rhode island
US,Rhode Island,Bristol,bristol,rhode island
US,Rhode Island,Burrillville,burrillville,rhode island
US,Rhode Island,Charlestown,charlestown,rhode island
US,Rhode Island,Coventry,coventry,rhode island
US,Rhode Island,Cranston,cranston,rhode island
US,Rhode Island,Cumberland,cumberland,rhode island
US,Rhode Island,E Providence,e providence,rhode island
US,Rhode Island,East Greenwich,east greenwich,rhode island
US,Rhode Island,Exeter,exeter,rhode island
US,Rhode Island,Forestdale,forestdale,rhode island
US,Rhode Island,Foster,foster,rhode island
US,Rhode Island,Glocester,glocester,rhode island
US,Rhode Island,Greenville,greenville,rhode island
US,Rhode Island,Harrisville,harrisville,rhode island
US,Rhode Island,Hope,hope,rhode island
US,Rhode Island,Hope Valley,hope valley,rhode island
US,Rhode Island,Jamestown,jamestown,rhode island
US,Rhode Island,Johnston,johnston,rhode island
US,Rhode Island,Lincoln,lincoln,rhode island
US,Rhode Island,Little Compton,little compton,rhode island
US,Rhode Island,Middletown,middletown,rhode island
US,Rhode Island,N Kingstown,n kingstown,rhode island
US,Rhode Island,Narragansett,narragansett,rhode island
US,Rhode Island,New Shoreham,new shoreham,rhode island
US,Rhode Island,Newport,newport,rhode island
US,Rhode Island,North Kingstown,north kingstown,rhode island
US,Rhode Island,North Providence,north providence,rhode island
US,Rhode Island,Pascoag,pascoag,rhode island
US,Rhode Island,Pawtucket,pawtucket,rhode island
US,Rhode Island,Portsmouth,portsmouth,rhode island
US,Rhode Island,Providence,providence,rhode island
US,Rhode Island,Riverside,riverside,rhode island
US,Rhode Island,Rumford,rumford,rhode island
US,Rhode Island,Saunderstown,saunderstown,rhode island
US,Rhode Island,Smithfield,smithfield,rhode island
US,Rhode Island,South Kingstown,south kingstown,rhode island
US,Rhode Island,Tiverton,tiverton,rhode island
US,Rhode Island,Wakefield,wakefield,rhode island
US,Rhode Island,Warren,warren,rhode island
US,Rhode Island,Warwick,warwick,rhode island
US,Rhode Island,West Greenwich,west greenwich,rhode island
US,Rhode Island,West Kingston,west kingston,rhode island
US,Rhode Island,West Warwick,west warwick,rhode island
US,Rhode Island,Westerly,westerly,rhode island
US,Rhode Island,Woonsocket,woonsocket,rhode island
US,South Carolina,Abbeville,abbeville,south carolina
US,South Carolina,Aiken,aiken,south carolina
US,South Carolina,Anderson,anderson,south carolina
US,South Carolina,Andrews,andrews,south carolina
US,South Carolina,Awendaw,awendaw,south carolina
US,South Carolina,Barnwell,barnwell,south carolina
US,South Carolina,Batesburg,batesburg,south carolina
US,South Carolina,Beaufort,beaufort,south carolina
US,South Carolina,"Beaufort, Sc","beaufort, sc",south carolina
US,South Carolina,Beech Island,beech island,south carolina
US,South Carolina,Belton,belton,south carolina
US,South Carolina,Bishopville,bishopville,south carolina
US,South Carolina,Bluffton,bluffton,south carolina
US,South Carolina,Blythewood,blythewood,south carolina
US,South Carolina,Boiling Springs,boiling springs,south carolina
US,South Carolina,Campobello,campobello,south carolina
US,South Carolina,Cayce,cayce,south carolina
US,South Carolina,Central,central,south carolina
US,South Carolina,Chapin,chapin,south carolina
US,South Carolina,Charleston,charleston,south carolina
US,South Carolina,Cheraw,cheraw,south carolina
US,South Carolina,Chesnee,chesnee,south carolina
US,South Carolina,Chester,chester,south carolina
US,South Carolina,Clemson,clemson,south carolina
US,South Carolina,Clinton,clinton,south carolina
US,South Carolina,Clover,clover,south carolina
US,South Carolina,Columbia,columbia,south carolina
US,South Carolina,Conway,conway,south carolina
US,South Carolina,Cowpens,cowpens,south carolina
US,South Carolina,Dalzell,dalzell,south carolina
US,South Carolina,Daniel Island,daniel island,south carolina
US,South Carolina,Darlington,darlington,south carolina
US,South Carolina,Duncan,duncan,south carolina
US,South Carolina,Easley,easley,south carolina
US,South Carolina,Edisto Island,edisto island,south carolina
US,South Carolina,Elgin,elgin,south carolina
US,South Carolina,Elloree,elloree,south carolina
US,South Carolina,Fairfax,fairfax,south carolina
US,South Carolina,Florence,florence,south carolina
US,South Carolina,Folly Beach,folly beach,south carolina
US,South Carolina,Fort Mill,fort mill,south carolina
US,South Carolina,Fountain Inn,fountain inn,south carolina
US,South Carolina,Ft. Mill,ft. mill,south carolina
US,South Carolina,Gaffney,gaffney,south carolina
US,South Carolina,Galivants Ferry,galivants ferry,south carolina
US,South Carolina,Georgetown,georgetown,south carolina
US,South Carolina,Gilbert,gilbert,south carolina
US,South Carolina,Goose Creek,goose creek,south carolina
US,South Carolina,Graniteville,graniteville,south carolina
US,South Carolina,Gray Court,gray court,south carolina
US,South Carolina,Greenville,greenville,south carolina
US,South Carolina,Greenwood,greenwood,south carolina
US,South Carolina,Greer,greer,south carolina
US,South Carolina,Hanahan,hanahan,south carolina
US,South Carolina,Hardeeville,hardeeville,south carolina
US,South Carolina,Hartsville,hartsville,south carolina
US,South Carolina,Heath Springs,heath springs,south carolina
US,South Carolina,Hemingway,hemingway,south carolina
US,South Carolina,Hilton Head,hilton head,south carolina
US,South Carolina,Hilton Head Is.,hilton head is.,south carolina
US,South Carolina,Hilton Head Island,hilton head island,south carolina
US,South Carolina,Holly Hill,holly hill,south carolina
US,South Carolina,Hollywood,hollywood,south carolina
US,South Carolina,Huger,huger,south carolina
US,South Carolina,Indian Land,indian land,south carolina
US,South Carolina,Inman,inman,south carolina
US,South Carolina,Irmo,irmo,south carolina
US,South Carolina,Isle Of Palms,isle of palms,south carolina
US,South Carolina,Iva,iva,south carolina
US,South Carolina,Johns Island,johns island,south carolina
US,South Carolina,Jonesville,jonesville,south carolina
US,South Carolina,Kiawah Island,kiawah island,south carolina
US,South Carolina,Ladson,ladson,south carolina
US,South Carolina,Lake City,lake city,south carolina
US,South Carolina,Lake Wylie,lake wylie,south carolina
US,South Carolina,Lancaster,lancaster,south carolina
US,South Carolina,Landrum,landrum,south carolina
US,South Carolina,Laurens,laurens,south carolina
US,South Carolina,Leesville,leesville,south carolina
US,South Carolina,Lexington,lexington,south carolina
US,South Carolina,Liberty,liberty,south carolina
US,South Carolina,Little River,little river,south carolina
US,South Carolina,Longs,longs,south carolina
US,South Carolina,Loris,loris,south carolina
US,South Carolina,Lugoff,lugoff,south carolina
US,South Carolina,Lyman,lyman,south carolina
US,South Carolina,Manning,manning,south carolina
US,South Carolina,Mauldin,mauldin,south carolina
US,South Carolina,Mc Coll,mc coll,south carolina
US,South Carolina,Mccormick,mccormick,south carolina
US,South Carolina,Moncks Corner,moncks corner,south carolina
US,South Carolina,Moore,moore,south carolina
US,South Carolina,Mount Pleasant,mount pleasant,south carolina
US,South Carolina,Mountain Rest,mountain rest,south carolina
US,South Carolina,Mt Pleasant,mt pleasant,south carolina
US,South Carolina,Murrells Inlet,murrells inlet,south carolina
US,South Carolina,Myrtle Beach,myrtle beach,south carolina
US,South Carolina,N Charleston,n charleston,south carolina
US,South Carolina,N Myrtle Beach,n myrtle beach,south carolina
US,South Carolina,Ninety Six,ninety six,south carolina
US,South Carolina,North Augusta,north augusta,south carolina
US,South Carolina,North Charleston,north charleston,south carolina
US,South Carolina,North Myrtle Beach,north myrtle beach,south carolina
US,South Carolina,Okatie,okatie,south carolina
US,South Carolina,Orangeburg,orangeburg,south carolina
US,South Carolina,Pauline,pauline,south carolina
US,South Carolina,Pawleys Island,pawleys island,south carolina
US,South Carolina,Pendleton,pendleton,south carolina
US,South Carolina,Pickens,pickens,south carolina
US,South Carolina,Piedmont,piedmont,south carolina
US,South Carolina,Pinewood,pinewood,south carolina
US,South Carolina,Pinopolis,pinopolis,south carolina
US,South Carolina,Ravenel,ravenel,south carolina
US,South Carolina,Rock Hill,rock hill,south carolina
US,South Carolina,Round O,round o,south carolina
US,South Carolina,Saint George,saint george,south carolina
US,South Carolina,Saint Helena Island,saint helena island,south carolina
US,South Carolina,Salem,salem,south carolina
US,South Carolina,Scranton,scranton,south carolina
US,South Carolina,Seabrook Island,seabrook island,south carolina
US,South Carolina,Seneca,seneca,south carolina
US,South Carolina,Simpsonville,simpsonville,south carolina
US,South Carolina,Six Mile,six mile,south carolina
US,South Carolina,Spartanburg,spartanburg,south carolina
US,South Carolina,St. Helena Island,st. helena island,south carolina
US,South Carolina,Sullivan'S Island,sullivan's island,south carolina
US,South Carolina,Summerville,summerville,south carolina
US,South Carolina,Sumter,sumter,south carolina
US,South Carolina,Sunset,sunset,south carolina
US,South Carolina,Surfside Beach,surfside beach,south carolina
US,South Carolina,Taylors,taylors,south carolina
US,South Carolina,Tega Cay,tega cay,south carolina
US,South Carolina,Travelers Rest,travelers rest,south carolina
US,South Carolina,Turbeville,turbeville,south carolina
US,South Carolina,Union,union,south carolina
US,South Carolina,Varnville,varnville,south carolina
US,South Carolina,Wadmalaw Island,wadmalaw island,south carolina
US,South Carolina,Wagener,wagener,south carolina
US,South Carolina,Walhalla,walhalla,south carolina
US,South Carolina,Walterboro,walterboro,south carolina
US,South Carolina,Ware Shoals,ware shoals,south carolina
US,South Carolina,West Columbia,west columbia,south carolina
US,South Carolina,Westminster,westminster,south carolina
US,South Carolina,Williamston,williamston,south carolina
US,South Carolina,Windsor,windsor,south carolina
US,South Carolina,Winnsboro,winnsboro,south carolina
US,South Carolina,Woodruff,woodruff,south carolina
US,South Dakota,Aberdeen,aberdeen,south dakota
US,South Dakota,Beresford,beresford,south dakota
US,South Dakota,Blackhawk,blackhawk,south dakota
US,South Dakota,Brookings,brookings,south dakota
US,South Dakota,Dakota Dunes,dakota dunes,south dakota
US,South Dakota,Deadwood,deadwood,south dakota
US,South Dakota,Dell Rapids,dell rapids,south dakota
US,South Dakota,Elkton,elkton,south dakota
US,South Dakota,Hill City,hill city,south dakota
US,South Dakota,Hot Springs,hot springs,south dakota
US,South Dakota,Jefferson,jefferson,south dakota
US,South Dakota,Lennox,lennox,south dakota
US,South Dakota,Madison,madison,south dakota
US,South Dakota,Mitchell,mitchell,south dakota
US,South Dakota,N Sioux City,n sioux city,south dakota
US,South Dakota,North Sioux City,north sioux city,south dakota
US,South Dakota,Parkston,parkston,south dakota
US,South Dakota,Pierre,pierre,south dakota
US,South Dakota,Rapid City,rapid city,south dakota
US,South Dakota,Renner,renner,south dakota
US,South Dakota,Sioux Falls,sioux falls,south dakota
US,South Dakota,Spearfish,spearfish,south dakota
US,South Dakota,Tea,tea,south dakota
US,South Dakota,Vermillion,vermillion,south dakota
US,South Dakota,Wakpala,wakpala,south dakota
US,South Dakota,Watertown,watertown,south dakota
US,South Dakota,White River,white river,south dakota
US,South Dakota,Winner,winner,south dakota
US,South Dakota,Witten,witten,south dakota
US,South Dakota,Yankton,yankton,south dakota
US,Tennessee,Adamsville,adamsville,tennessee
US,Tennessee,Alcoa,alcoa,tennessee
US,Tennessee,Andersonville,andersonville,tennessee
US,Tennessee,Antioch,antioch,tennessee
US,Tennessee,Apison,apison,tennessee
US,Tennessee,Arlington,arlington,tennessee
US,Tennessee,Arrington,arrington,tennessee
US,Tennessee,Athens,athens,tennessee
US,Tennessee,Atoka,atoka,tennessee
US,Tennessee,Baneberry,baneberry,tennessee
US,Tennessee,Bartlett,bartlett,tennessee
US,Tennessee,Baxter,baxter,tennessee
US,Tennessee,Bell Buckle,bell buckle,tennessee
US,Tennessee,Big Sandy,big sandy,tennessee
US,Tennessee,Blaine,blaine,tennessee
US,Tennessee,Blountville,blountville,tennessee
US,Tennessee,Bluff City,bluff city,tennessee
US,Tennessee,Bradford,bradford,tennessee
US,Tennessee,Brentwood,brentwood,tennessee
US,Tennessee,"Brighton, Tennessee","brighton, tennessee",tennessee
US,Tennessee,Bristol,bristol,tennessee
US,Tennessee,Brownsville,brownsville,tennessee
US,Tennessee,Buena Vista,buena vista,tennessee
US,Tennessee,Bulls Gap,bulls gap,tennessee
US,Tennessee,Burns,burns,tennessee
US,Tennessee,Butler,butler,tennessee
US,Tennessee,Byrdstown,byrdstown,tennessee
US,Tennessee,Cedar Hill,cedar hill,tennessee
US,Tennessee,Chattanooga,chattanooga,tennessee
US,Tennessee,Christiana,christiana,tennessee
US,Tennessee,Chuckey,chuckey,tennessee
US,Tennessee,Clarksville,clarksville,tennessee
US,Tennessee,Cleveland,cleveland,tennessee
US,Tennessee,Clinton,clinton,tennessee
US,Tennessee,College Grove,college grove,tennessee
US,Tennessee,Collierville,collierville,tennessee
US,Tennessee,Columbia,columbia,tennessee
US,Tennessee,Cookeville,cookeville,tennessee
US,Tennessee,Cordova,cordova,tennessee
US,Tennessee,Cottontown,cottontown,tennessee
US,Tennessee,Covington,covington,tennessee
US,Tennessee,Crossville,crossville,tennessee
US,Tennessee,Culleoka,culleoka,tennessee
US,Tennessee,Cunningham,cunningham,tennessee
US,Tennessee,Dandridge,dandridge,tennessee
US,Tennessee,Dayton,dayton,tennessee
US,Tennessee,Dickson,dickson,tennessee
US,Tennessee,Dover,dover,tennessee
US,Tennessee,Duck River,duck river,tennessee
US,Tennessee,Dukedom,dukedom,tennessee
US,Tennessee,Dyersburg,dyersburg,tennessee
US,Tennessee,Eads,eads,tennessee
US,Tennessee,Eagleville,eagleville,tennessee
US,Tennessee,Elizabethton,elizabethton,tennessee
US,Tennessee,Erwin,erwin,tennessee
US,Tennessee,Estill Springs,estill springs,tennessee
US,Tennessee,Fairview,fairview,tennessee
US,Tennessee,Farragut,farragut,tennessee
US,Tennessee,Fayetteville,fayetteville,tennessee
US,Tennessee,Franklin,franklin,tennessee
US,Tennessee,Friendsville,friendsville,tennessee
US,Tennessee,Gallatin,gallatin,tennessee
US,Tennessee,Gatlinburg,gatlinburg,tennessee
US,Tennessee,Germantown,germantown,tennessee
US,Tennessee,Goodlettsville,goodlettsville,tennessee
US,Tennessee,Gray,gray,tennessee
US,Tennessee,Greenbrier,greenbrier,tennessee
US,Tennessee,Greeneville,greeneville,tennessee
US,Tennessee,Harriman,harriman,tennessee
US,Tennessee,Harrison,harrison,tennessee
US,Tennessee,Henderson,henderson,tennessee
US,Tennessee,Hendersonville,hendersonville,tennessee
US,Tennessee,Hermitage,hermitage,tennessee
US,Tennessee,Hillsboro,hillsboro,tennessee
US,Tennessee,Hixson,hixson,tennessee
US,Tennessee,Hohenwald,hohenwald,tennessee
US,Tennessee,Humboldt,humboldt,tennessee
US,Tennessee,Jackson,jackson,tennessee
US,Tennessee,Jamestown,jamestown,tennessee
US,Tennessee,Joelton,joelton,tennessee
US,Tennessee,Johnson City,johnson city,tennessee
US,Tennessee,Jonesborough,jonesborough,tennessee
US,Tennessee,Kingsport,kingsport,tennessee
US,Tennessee,Kingston,kingston,tennessee
US,Tennessee,Kingston Springs,kingston springs,tennessee
US,Tennessee,Knoxville,knoxville,tennessee
US,Tennessee,La Follette,la follette,tennessee
US,Tennessee,La Vergne,la vergne,tennessee
US,Tennessee,Lafayette,lafayette,tennessee
US,Tennessee,Lakeland,lakeland,tennessee
US,Tennessee,Lascassas,lascassas,tennessee
US,Tennessee,Laurel Bloomery,laurel bloomery,tennessee
US,Tennessee,Lawrenceburg,lawrenceburg,tennessee
US,Tennessee,Lebanon,lebanon,tennessee
US,Tennessee,Lenoir City,lenoir city,tennessee
US,Tennessee,Lewisburg,lewisburg,tennessee
US,Tennessee,Lookout Mountain,lookout mountain,tennessee
US,Tennessee,Loudon,loudon,tennessee
US,Tennessee,Louisville,louisville,tennessee
US,Tennessee,Madison,madison,tennessee
US,Tennessee,Manchester,manchester,tennessee
US,Tennessee,Martin,martin,tennessee
US,Tennessee,Maryville,maryville,tennessee
US,Tennessee,Maynardville,maynardville,tennessee
US,Tennessee,Mcminnville,mcminnville,tennessee
US,Tennessee,Memphis,memphis,tennessee
US,Tennessee,"Memphis,","memphis,",tennessee
US,Tennessee,Milan,milan,tennessee
US,Tennessee,Millington,millington,tennessee
US,Tennessee,Monterey,monterey,tennessee
US,Tennessee,Morristown,morristown,tennessee
US,Tennessee,Mount Carmel,mount carmel,tennessee
US,Tennessee,Mount Juliet,mount juliet,tennessee
US,Tennessee,Mountain City,mountain city,tennessee
US,Tennessee,Mt Juliet,mt juliet,tennessee
US,Tennessee,Mt. Juliet,mt. juliet,tennessee
US,Tennessee,Munford,munford,tennessee
US,Tennessee,Murfeesboro,murfeesboro,tennessee
US,Tennessee,Murfreesboro,murfreesboro,tennessee
US,Tennessee,Nashville,nashville,tennessee
US,Tennessee,Nasvhille,nasvhille,tennessee
US,Tennessee,Newport,newport,tennessee
US,Tennessee,Nolensville,nolensville,tennessee
US,Tennessee,Normandy,normandy,tennessee
US,Tennessee,Oak Ridge,oak ridge,tennessee
US,Tennessee,Oakland,oakland,tennessee
US,Tennessee,Old Hickory,old hickory,tennessee
US,Tennessee,Ooltewah,ooltewah,tennessee
US,Tennessee,Orlinda,orlinda,tennessee
US,Tennessee,Palmyra,palmyra,tennessee
US,Tennessee,Paris,paris,tennessee
US,Tennessee,Pigeon Forge,pigeon forge,tennessee
US,Tennessee,Piney Flats,piney flats,tennessee
US,Tennessee,Piperton,piperton,tennessee
US,Tennessee,Pleasant View,pleasant view,tennessee
US,Tennessee,Portland,portland,tennessee
US,Tennessee,Powell,powell,tennessee
US,Tennessee,Primm Springs,primm springs,tennessee
US,Tennessee,Pulaski,pulaski,tennessee
US,Tennessee,Ramer,ramer,tennessee
US,Tennessee,Rickman,rickman,tennessee
US,Tennessee,Ripley,ripley,tennessee
US,Tennessee,Roan Mountain,roan mountain,tennessee
US,Tennessee,Rockvale,rockvale,tennessee
US,Tennessee,Rockwood,rockwood,tennessee
US,Tennessee,Rocky Top,rocky top,tennessee
US,Tennessee,Rogersville,rogersville,tennessee
US,Tennessee,Rossville,rossville,tennessee
US,Tennessee,Sevierville,sevierville,tennessee
US,Tennessee,Seymour,seymour,tennessee
US,Tennessee,Sharps Chapel,sharps chapel,tennessee
US,Tennessee,Shelbyville,shelbyville,tennessee
US,Tennessee,Signal Mountain,signal mountain,tennessee
US,Tennessee,Smyrna,smyrna,tennessee
US,Tennessee,Soddy Daisy,soddy daisy,tennessee
US,Tennessee,Soddy-Daisy,soddy-daisy,tennessee
US,Tennessee,Sparta,sparta,tennessee
US,Tennessee,Speedwell,speedwell,tennessee
US,Tennessee,Spring Hill,spring hill,tennessee
US,Tennessee,Springfield,springfield,tennessee
US,Tennessee,Summertown,summertown,tennessee
US,Tennessee,Sweetwater,sweetwater,tennessee
US,Tennessee,Taft,taft,tennessee
US,Tennessee,Tellico Plains,tellico plains,tennessee
US,Tennessee,Ten Mile,ten mile,tennessee
US,Tennessee,Thompson'S Station,thompson's station,tennessee
US,Tennessee,Thompsons Station,thompsons station,tennessee
US,Tennessee,Trenton,trenton,tennessee
US,Tennessee,Tullahoma,tullahoma,tennessee
US,Tennessee,Union City,union city,tennessee
US,Tennessee,Vonore,vonore,tennessee
US,Tennessee,Wartrace,wartrace,tennessee
US,Tennessee,White Bluff,white bluff,tennessee
US,Tennessee,White House,white house,tennessee
US,Tennessee,White Pine,white pine,tennessee
US,Tennessee,Whitleyville,whitleyville,tennessee
US,Tennessee,Wildersville,wildersville,tennessee
US,Tennessee,Winchester,winchester,tennessee
US,Tennessee,Woodbury,woodbury,tennessee
US,Texas,Abilene,abilene,texas
US,Texas,Addison,addison,texas
US,Texas,Adkins,adkins,texas
US,Texas,Aledo,aledo,texas
US,Texas,Alice,alice,texas
US,Texas,Allen,allen,texas
US,Texas,Alvarado,alvarado,texas
US,Texas,Alvin,alvin,texas
US,Texas,Amarillo,amarillo,texas
US,Texas,Andrews,andrews,texas
US,Texas,Angleton,angleton,texas
US,Texas,Anna,anna,texas
US,Texas,Argyle,argyle,texas
US,Texas,Arlington,arlington,texas
US,Texas,Arp,arp,texas
US,Texas,Atascocita,atascocita,texas
US,Texas,Athens,athens,texas
US,Texas,Aubrey,aubrey,texas
US,Texas,Austin,austin,texas
US,Texas,Avinger,avinger,texas
US,Texas,Azle,azle,texas
US,Texas,Balch Springs,balch springs,texas
US,Texas,Balmorhea,balmorhea,texas
US,Texas,Bandera,bandera,texas
US,Texas,Bastrop,bastrop,texas
US,Texas,Bay City,bay city,texas
US,Texas,Baytown,baytown,texas
US,Texas,Beach City,beach city,texas
US,Texas,Beaumont,beaumont,texas
US,Texas,Beckville,beckville,texas
US,Texas,Bedford,bedford,texas
US,Texas,Beeville,beeville,texas
US,Texas,Bellaire,bellaire,texas
US,Texas,Bellville,bellville,texas
US,Texas,Belton,belton,texas
US,Texas,Ben Wheeler,ben wheeler,texas
US,Texas,Benbrook,benbrook,texas
US,Texas,Bertram,bertram,texas
US,Texas,Big Sandy,big sandy,texas
US,Texas,Big Spring,big spring,texas
US,Texas,Bigfoot,bigfoot,texas
US,Texas,Blanco,blanco,texas
US,Texas,Blanket,blanket,texas
US,Texas,Blue Ridge,blue ridge,texas
US,Texas,Boerne,boerne,texas
US,Texas,Boling,boling,texas
US,Texas,Bonham,bonham,texas
US,Texas,Bowie,bowie,texas
US,Texas,Boyd,boyd,texas
US,Texas,Brady,brady,texas
US,Texas,Brenham,brenham,texas
US,Texas,Bridgeport,bridgeport,texas
US,Texas,Bronte,bronte,texas
US,Texas,Brookshire,brookshire,texas
US,Texas,Brookston,brookston,texas
US,Texas,Brownfield,brownfield,texas
US,Texas,Brownsboro,brownsboro,texas
US,Texas,Brownsville,brownsville,texas
US,Texas,Brownwood,brownwood,texas
US,Texas,Bruceville,bruceville,texas
US,Texas,Bryan,bryan,texas
US,Texas,Buchanan Dam,buchanan dam,texas
US,Texas,Buda,buda,texas
US,Texas,Bullard,bullard,texas
US,Texas,Bulverde,bulverde,texas
US,Texas,Buna.,buna.,texas
US,Texas,Burkburnett,burkburnett,texas
US,Texas,Burleson,burleson,texas
US,Texas,Burnet,burnet,texas
US,Texas,Caldwell,caldwell,texas
US,Texas,Camp Wood,camp wood,texas
US,Texas,Canton,canton,texas
US,Texas,Canyon,canyon,texas
US,Texas,Canyon Lake,canyon lake,texas
US,Texas,Carrollton,carrollton,texas
US,Texas,Castroville,castroville,texas
US,Texas,Cedar Creek,cedar creek,texas
US,Texas,Cedar Hill,cedar hill,texas
US,Texas,Cedar Park,cedar park,texas
US,Texas,Celeste,celeste,texas
US,Texas,Celina,celina,texas
US,Texas,Channelview,channelview,texas
US,Texas,Chappell Hill,chappell hill,texas
US,Texas,China Spring,china spring,texas
US,Texas,Cibolo,cibolo,texas
US,Texas,Cleburne,cleburne,texas
US,Texas,Cleveland,cleveland,texas
US,Texas,Clifton,clifton,texas
US,Texas,Clute,clute,texas
US,Texas,Clyde,clyde,texas
US,Texas,College Sta,college sta,texas
US,Texas,College Station,college station,texas
US,Texas,Colleyville,colleyville,texas
US,Texas,Columbus,columbus,texas
US,Texas,Comanche,comanche,texas
US,Texas,Combine,combine,texas
US,Texas,Concan,concan,texas
US,Texas,Conroe,conroe,texas
US,Texas,Converse,converse,texas
US,Texas,Copeville,copeville,texas
US,Texas,Coppell,coppell,texas
US,Texas,Copper,copper,texas
US,Texas,Copperas Cove,copperas cove,texas
US,Texas,Corinth,corinth,texas
US,Texas,Corpus Christi,corpus christi,texas
US,Texas,Corsicana,corsicana,texas
US,Texas,Crandall,crandall,texas
US,Texas,Crane,crane,texas
US,Texas,Crosby,crosby,texas
US,Texas,Crosbyton,crosbyton,texas
US,Texas,Cross Roads,cross roads,texas
US,Texas,Crowley,crowley,texas
US,Texas,Cushing,cushing,texas
US,Texas,Cypress,cypress,texas
US,Texas,Dale,dale,texas
US,Texas,Dallas,dallas,texas
US,Texas,"Dallas, Tx","dallas, tx",texas
US,Texas,Danbury,danbury,texas
US,Texas,Dawson,dawson,texas
US,Texas,Dayton,dayton,texas
US,Texas,Decatur,decatur,texas
US,Texas,Deer Park,deer park,texas
US,Texas,Del Rio,del rio,texas
US,Texas,Denison,denison,texas
US,Texas,Denton,denton,texas
US,Texas,Desoto,desoto,texas
US,Texas,Detroit,detroit,texas
US,Texas,Diboll,diboll,texas
US,Texas,Dickinson,dickinson,texas
US,Texas,Donna,donna,texas
US,Texas,Doss,doss,texas
US,Texas,Double Oak,double oak,texas
US,Texas,Driftwood,driftwood,texas
US,Texas,Dripping Springs,dripping springs,texas
US,Texas,Duncanville,duncanville,texas
US,Texas,Eagle Pass,eagle pass,texas
US,Texas,Eastland,eastland,texas
US,Texas,Eddy,eddy,texas
US,Texas,Edinburg,edinburg,texas
US,Texas,El Campo,el campo,texas
US,Texas,El Paso,el paso,texas
US,Texas,Elgin,elgin,texas
US,Texas,Elkhart,elkhart,texas
US,Texas,Elmendorf,elmendorf,texas
US,Texas,Emory,emory,texas
US,Texas,Ennis,ennis,texas
US,Texas,Euless,euless,texas
US,Texas,Fair Oaks Ranch,fair oaks ranch,texas
US,Texas,Fairview,fairview,texas
US,Texas,Falfurrias,falfurrias,texas
US,Texas,Farmers Branch,farmers branch,texas
US,Texas,Farmersville,farmersville,texas
US,Texas,Firsco,firsco,texas
US,Texas,Flint,flint,texas
US,Texas,Floresville,floresville,texas
US,Texas,Flower Mound,flower mound,texas
US,Texas,Forney,forney,texas
US,Texas,Fort Cavazos,fort cavazos,texas
US,Texas,Fort Stockton,fort stockton,texas
US,Texas,Fort Worth,fort worth,texas
US,Texas,Francitas,francitas,texas
US,Texas,Franklin,franklin,texas
US,Texas,Fredericksburg,fredericksburg,texas
US,Texas,Friendswood,friendswood,texas
US,Texas,Frisco,frisco,texas
US,Texas,Ft Worth,ft worth,texas
US,Texas,Fulshear,fulshear,texas
US,Texas,Gainesville,gainesville,texas
US,Texas,Galveston,galveston,texas
US,Texas,Ganado,ganado,texas
US,Texas,Garland,garland,texas
US,Texas,Gary,gary,texas
US,Texas,Gatesville,gatesville,texas
US,Texas,George West,george west,texas
US,Texas,Georgetown,georgetown,texas
US,Texas,Giddings,giddings,texas
US,Texas,Gilmer,gilmer,texas
US,Texas,Gladewater,gladewater,texas
US,Texas,Godley,godley,texas
US,Texas,Gonzales,gonzales,texas
US,Texas,Graford,graford,texas
US,Texas,Graham,graham,texas
US,Texas,Granbury,granbury,texas
US,Texas,Grand Prairie,grand prairie,texas
US,Texas,Grandview,grandview,texas
US,Texas,Grapeland,grapeland,texas
US,Texas,Grapevine,grapevine,texas
US,Texas,Greenville,greenville,texas
US,Texas,Groves,groves,texas
US,Texas,Gunter,gunter,texas
US,Texas,Hallsville,hallsville,texas
US,Texas,Haltom City,haltom city,texas
US,Texas,Harker Heights,harker heights,texas
US,Texas,Harlingen,harlingen,texas
US,Texas,Haslet,haslet,texas
US,Texas,Heartland,heartland,texas
US,Texas,Heath,heath,texas
US,Texas,Helotes,helotes,texas
US,Texas,Hempstead,hempstead,texas
US,Texas,Henderson,henderson,texas
US,Texas,Hewitt,hewitt,texas
US,Texas,Hickory Creek,hickory creek,texas
US,Texas,Hidalgo,hidalgo,texas
US,Texas,Highland Village,highland village,texas
US,Texas,Hockley,hockley,texas
US,Texas,Holly Lake Ranch,holly lake ranch,texas
US,Texas,Hondo,hondo,texas
US,Texas,Horizon City,horizon city,texas
US,Texas,Horseshoe Bay,horseshoe bay,texas
US,Texas,Housotn,housotn,texas
US,Texas,Houston,houston,texas
US,Texas,Howe,howe,texas
US,Texas,Hudson Oaks,hudson oaks,texas
US,Texas,Huffman,huffman,texas
US,Texas,Humble,humble,texas
US,Texas,Huntington,huntington,texas
US,Texas,Huntsville,huntsville,texas
US,Texas,Hurst,hurst,texas
US,Texas,Hutto,hutto,texas
US,Texas,Ingram,ingram,texas
US,Texas,Irving,irving,texas
US,Texas,Jacksonville,jacksonville,texas
US,Texas,Jarrell,jarrell,texas
US,Texas,Jbsa Ft Sam Houston,jbsa ft sam houston,texas
US,Texas,Jersey Village,jersey village,texas
US,Texas,Johnson City,johnson city,texas
US,Texas,Joshua,joshua,texas
US,Texas,Karnes City,karnes city,texas
US,Texas,Katy,katy,texas
US,Texas,Kaufman,kaufman,texas
US,Texas,Keller,keller,texas
US,Texas,Kemah,kemah,texas
US,Texas,Kemp,kemp,texas
US,Texas,Kempner,kempner,texas
US,Texas,Kerrville,kerrville,texas
US,Texas,Killeen,killeen,texas
US,Texas,Kingsland,kingsland,texas
US,Texas,Kingsville,kingsville,texas
US,Texas,Kingwood,kingwood,texas
US,Texas,Klein,klein,texas
US,Texas,Krum,krum,texas
US,Texas,Kyle,kyle,texas
US,Texas,La Feria,la feria,texas
US,Texas,La Grange,la grange,texas
US,Texas,La Joya,la joya,texas
US,Texas,La Marque,la marque,texas
US,Texas,La Porte,la porte,texas
US,Texas,La Vernia,la vernia,texas
US,Texas,Lago Vista,lago vista,texas
US,Texas,Lake Jackson,lake jackson,texas
US,Texas,Lake Worth,lake worth,texas
US,Texas,Lakeside,lakeside,texas
US,Texas,Lakeway,lakeway,texas
US,Texas,Lamesa,lamesa,texas
US,Texas,Lampasas,lampasas,texas
US,Texas,Lancaster,lancaster,texas
US,Texas,Lantana,lantana,texas
US,Texas,Laredo,laredo,texas
US,Texas,Lavon,lavon,texas
US,Texas,League City,league city,texas
US,Texas,Leakey,leakey,texas
US,Texas,Leander,leander,texas
US,Texas,Leon Valley,leon valley,texas
US,Texas,Leonard,leonard,texas
US,Texas,Lewisville,lewisville,texas
US,Texas,Liberty,liberty,texas
US,Texas,Liberty Hill,liberty hill,texas
US,Texas,Lindale,lindale,texas
US,Texas,Little Elm,little elm,texas
US,Texas,Little River Academy,little river academy,texas
US,Texas,Livingston,livingston,texas
US,Texas,Llano,llano,texas
US,Texas,Lockhart,lockhart,texas
US,Texas,Lockney,lockney,texas
US,Texas,Lolita,lolita,texas
US,Texas,Longview,longview,texas
US,Texas,Lorena,lorena,texas
US,Texas,Lovelady,lovelady,texas
US,Texas,Lubbock,lubbock,texas
US,Texas,Lucas,lucas,texas
US,Texas,Lufkin,lufkin,texas
US,Texas,Luling,luling,texas
US,Texas,Lumberton,lumberton,texas
US,Texas,Lyford,lyford,texas
US,Texas,Magnolia,magnolia,texas
US,Texas,Manchaca,manchaca,texas
US,Texas,Manor,manor,texas
US,Texas,Mansfield,mansfield,texas
US,Texas,Manvel,manvel,texas
US,Texas,Marion,marion,texas
US,Texas,Marlin,marlin,texas
US,Texas,Marshall,marshall,texas
US,Texas,Mc Gregor,mc gregor,texas
US,Texas,Mcallen,mcallen,texas
US,Texas,Mcgregor,mcgregor,texas
US,Texas,Mckinney,mckinney,texas
US,Texas,Melissa,melissa,texas
US,Texas,Mercedes,mercedes,texas
US,Texas,Mesquite,mesquite,texas
US,Texas,Mico,mico,texas
US,Texas,Midland,midland,texas
US,Texas,Midlothian,midlothian,texas
US,Texas,Mineola,mineola,texas
US,Texas,Mineral Wells,mineral wells,texas
US,Texas,Mission,mission,texas
US,Texas,Missouri City,missouri city,texas
US,Texas,Monahans,monahans,texas
US,Texas,Montgomery,montgomery,texas
US,Texas,Moody,moody,texas
US,Texas,Moulton,moulton,texas
US,Texas,Mount Vernon,mount vernon,texas
US,Texas,Murphy,murphy,texas
US,Texas,N Richland Hills,n richland hills,texas
US,Texas,Nacogdoches,nacogdoches,texas
US,Texas,Naples,naples,texas
US,Texas,Navasota,navasota,texas
US,Texas,Nederland,nederland,texas
US,Texas,Needville,needville,texas
US,Texas,Nevada,nevada,texas
US,Texas,New Braunfels,new braunfels,texas
US,Texas,New Caney,new caney,texas
US,Texas,Nocona,nocona,texas
US,Texas,Normangee,normangee,texas
US,Texas,North Richland Hills,north richland hills,texas
US,Texas,North Zulch,north zulch,texas
US,Texas,Northlake,northlake,texas
US,Texas,Oak Point,oak point,texas
US,Texas,Odessa,odessa,texas
US,Texas,Olmos Park,olmos park,texas
US,Texas,Olney,olney,texas
US,Texas,Orange,orange,texas
US,Texas,Ovilla,ovilla,texas
US,Texas,Palacios,palacios,texas
US,Texas,Palestine,palestine,texas
US,Texas,Palmview,palmview,texas
US,Texas,Pampa,pampa,texas
US,Texas,Paradise,paradise,texas
US,Texas,Paris,paris,texas
US,Texas,Parker,parker,texas
US,Texas,Pasadena,pasadena,texas
US,Texas,Pattison,pattison,texas
US,Texas,Pearland,pearland,texas
US,Texas,Pecos,pecos,texas
US,Texas,Pflugerville,pflugerville,texas
US,Texas,Pharr,pharr,texas
US,Texas,Pilot Point,pilot point,texas
US,Texas,Pinehurst,pinehurst,texas
US,Texas,Pittsburg,pittsburg,texas
US,Texas,Plano,plano,texas
US,Texas,Ponder,ponder,texas
US,Texas,Port Arthur,port arthur,texas
US,Texas,Port Neches,port neches,texas
US,Texas,Porter,porter,texas
US,Texas,Portland,portland,texas
US,Texas,Pottsboro,pottsboro,texas
US,Texas,Princeton,princeton,texas
US,Texas,Progreso Lakes,progreso lakes,texas
US,Texas,Prosper,prosper,texas
US,Texas,Quinlan,quinlan,texas
US,Texas,Quitman,quitman,texas
US,Texas,Ranger,ranger,texas
US,Texas,Raymondville,raymondville,texas
US,Texas,Red Oak,red oak,texas
US,Texas,Rhome,rhome,texas
US,Texas,Richards,richards,texas
US,Texas,Richardson,richardson,texas
US,Texas,Richland Hills,richland hills,texas
US,Texas,Richmond,richmond,texas
US,Texas,Richwood,richwood,texas
US,Texas,Rio Grande City,rio grande city,texas
US,Texas,Rising Star,rising star,texas
US,Texas,Roanoke,roanoke,texas
US,Texas,Robstown,robstown,texas
US,Texas,Rockport,rockport,texas
US,Texas,Rockwall,rockwall,texas
US,Texas,Ropesville,ropesville,texas
US,Texas,Roscoe,roscoe,texas
US,Texas,Rosenberg,rosenberg,texas
US,Texas,Rosharon,rosharon,texas
US,Texas,Round Rock,round rock,texas
US,Texas,Rowena,rowena,texas
US,Texas,Rowlett,rowlett,texas
US,Texas,Royse City,royse city,texas
US,Texas,Sachse,sachse,texas
US,Texas,Sadler,sadler,texas
US,Texas,Saint Hedwig,saint hedwig,texas
US,Texas,Salado,salado,texas
US,Texas,San Angelo,san angelo,texas
US,Texas,San Antonio,san antonio,texas
US,Texas,"San Antonio,","san antonio,",texas
US,Texas,San Augustine,san augustine,texas
US,Texas,San Juan,san juan,texas
US,Texas,San Leon,san leon,texas
US,Texas,San Marcos,san marcos,texas
US,Texas,San Saba,san saba,texas
US,Texas,Sanger,sanger,texas
US,Texas,Santo,santo,texas
US,Texas,Savannah,savannah,texas
US,Texas,Schertz,schertz,texas
US,Texas,Scroggins,scroggins,texas
US,Texas,Scurry,scurry,texas
US,Texas,Seabrook,seabrook,texas
US,Texas,Sealy,sealy,texas
US,Texas,Seguin,seguin,texas
US,Texas,Selma,selma,texas
US,Texas,Seminole,seminole,texas
US,Texas,Shady Shores,shady shores,texas
US,Texas,Shallowater,shallowater,texas
US,Texas,Shenandoah,shenandoah,texas
US,Texas,Shenendoah,shenendoah,texas
US,Texas,Sherman,sherman,texas
US,Texas,Shoreacres,shoreacres,texas
US,Texas,Silsbee,silsbee,texas
US,Texas,Silverton,silverton,texas
US,Texas,Simonton,simonton,texas
US,Texas,Sinton,sinton,texas
US,Texas,Smithville,smithville,texas
US,Texas,Smyer,smyer,texas
US,Texas,Sonora,sonora,texas
US,Texas,Sour Lake,sour lake,texas
US,Texas,South Padre Island,south padre island,texas
US,Texas,Southlake,southlake,texas
US,Texas,Spicewood,spicewood,texas
US,Texas,Splendora,splendora,texas
US,Texas,Spring,spring,texas
US,Texas,Spring Branch,spring branch,texas
US,Texas,Springtown,springtown,texas
US,Texas,Stafford,stafford,texas
US,Texas,Stephenville,stephenville,texas
US,Texas,Sugar Land,sugar land,texas
US,Texas,Sunnyvale,sunnyvale,texas
US,Texas,Sweetwater,sweetwater,texas
US,Texas,Taylor,taylor,texas
US,Texas,Teague,teague,texas
US,Texas,Telephone,telephone,texas
US,Texas,Temple,temple,texas
US,Texas,Terrell,terrell,texas
US,Texas,Terrell Hills,terrell hills,texas
US,Texas,Texarkana,texarkana,texas
US,Texas,Texas City,texas city,texas
US,Texas,The Colony,the colony,texas
US,Texas,The Woodlands,the woodlands,texas
US,Texas,Thornton,thornton,texas
US,Texas,Tomball,tomball,texas
US,Texas,Trophy Club,trophy club,texas
US,Texas,Tulia,tulia,texas
US,Texas,Tuscola,tuscola,texas
US,Texas,Tyler,tyler,texas
US,Texas,Universal City,universal city,texas
US,Texas,Uvalde,uvalde,texas
US,Texas,Van Alstyne,van alstyne,texas
US,Texas,Van Vleck,van vleck,texas
US,Texas,Venus,venus,texas
US,Texas,Victoria,victoria,texas
US,Texas,Vidor,vidor,texas
US,Texas,Waco,waco,texas
US,Texas,Walburg,walburg,texas
US,Texas,Waller,waller,texas
US,Texas,Watauga,watauga,texas
US,Texas,Waxahachie,waxahachie,texas
US,Texas,Weatherford,weatherford,texas
US,Texas,Wellington,wellington,texas
US,Texas,Weslaco,weslaco,texas
US,Texas,West,west,texas
US,Texas,West Columbia,west columbia,texas
US,Texas,West Lake Hills,west lake hills,texas
US,Texas,West Point,west point,texas
US,Texas,Westlake,westlake,texas
US,Texas,Wharton,wharton,texas
US,Texas,White Oak,white oak,texas
US,Texas,Whitehouse,whitehouse,texas
US,Texas,Whitesboro,whitesboro,texas
US,Texas,Whitney,whitney,texas
US,Texas,Wichita Falls,wichita falls,texas
US,Texas,Willis,willis,texas
US,Texas,Willow Park,willow park,texas
US,Texas,Wimberley,wimberley,texas
US,Texas,Winnsboro,winnsboro,texas
US,Texas,Wolfforth,wolfforth,texas
US,Texas,Woodsboro,woodsboro,texas
US,Texas,Woodville,woodville,texas
US,Texas,Woodway,woodway,texas
US,Texas,Wylie,wylie,texas
US,Texas,Yantis,yantis,texas
US,Utah,Alpine,alpine,utah
US,Utah,Bluffdale,bluffdale,utah
US,Utah,Bountiful,bountiful,utah
US,Utah,Brigham City,brigham city,utah
US,Utah,Cedar City,cedar city,utah
US,Utah,Clearfield,clearfield,utah
US,Utah,Cottonwood Heights,cottonwood heights,utah
US,Utah,Dammeron Valley,dammeron valley,utah
US,Utah,Daniel,daniel,utah
US,Utah,Draper,draper,utah
US,Utah,Duchesne,duchesne,utah
US,Utah,Eagle Mountain,eagle mountain,utah
US,Utah,Eaglemountain,eaglemountain,utah
US,Utah,Erda,erda,utah
US,Utah,Fairview,fairview,utah
US,Utah,Farmington,farmington,utah
US,Utah,Fruit Heights,fruit heights,utah
US,Utah,Grantsville,grantsville,utah
US,Utah,Harrisville,harrisville,utah
US,Utah,Heber City,heber city,utah
US,Utah,Herriman,herriman,utah
US,Utah,Hideout,hideout,utah
US,Utah,Highland,highland,utah
US,Utah,Holladay,holladay,utah
US,Utah,Huntington,huntington,utah
US,Utah,Hurricane,hurricane,utah
US,Utah,Ivins,ivins,utah
US,Utah,Kamas,kamas,utah
US,Utah,Kanosh,kanosh,utah
US,Utah,Kaysville,kaysville,utah
US,Utah,Layton,layton,utah
US,Utah,Lehi,lehi,utah
US,Utah,Lindon,lindon,utah
US,Utah,Logan,logan,utah
US,Utah,Midway,midway,utah
US,Utah,Millcreek,millcreek,utah
US,Utah,Moab,moab,utah
US,Utah,Monticello,monticello,utah
US,Utah,Morgan,morgan,utah
US,Utah,Mountain Green,mountain green,utah
US,Utah,Murray,murray,utah
US,Utah,Nephi,nephi,utah
US,Utah,North Ogden,north ogden,utah
US,Utah,North Salt Lake,north salt lake,utah
US,Utah,Ogden,ogden,utah
US,Utah,Orem,orem,utah
US,Utah,Park City,park city,utah
US,Utah,Payson,payson,utah
US,Utah,Pleasant Grove,pleasant grove,utah
US,Utah,Providence,providence,utah
US,Utah,Provo,provo,utah
US,Utah,Riverdale,riverdale,utah
US,Utah,Riverton,riverton,utah
US,Utah,Rockville,rockville,utah
US,Utah,Roy,roy,utah
US,Utah,Saint George,saint george,utah
US,Utah,Salem,salem,utah
US,Utah,Salt Lake City,salt lake city,utah
US,Utah,Salt Lake Cty,salt lake cty,utah
US,Utah,Sandy,sandy,utah
US,Utah,Santa Clara,santa clara,utah
US,Utah,Santaquin,santaquin,utah
US,Utah,Saratoga Springs,saratoga springs,utah
US,Utah,Scipio,scipio,utah
US,Utah,Slc,slc,utah
US,Utah,Smithfield,smithfield,utah
US,Utah,South Jordan,south jordan,utah
US,Utah,South Salt Lake,south salt lake,utah
US,Utah,South Weber,south weber,utah
US,Utah,Spanish Fork,spanish fork,utah
US,Utah,Springville,springville,utah
US,Utah,St George,st george,utah
US,Utah,St. George,st. george,utah
US,Utah,Syracuse,syracuse,utah
US,Utah,Taylorsville,taylorsville,utah
US,Utah,Teasdale,teasdale,utah
US,Utah,Tremonton,tremonton,utah
US,Utah,Vernal,vernal,utah
US,Utah,Vineyard,vineyard,utah
US,Utah,Washington,washington,utah
US,Utah,Wellsville,wellsville,utah
US,Utah,West Bountiful,west bountiful,utah
US,Utah,West Jordan,west jordan,utah
US,Utah,West Point,west point,utah
US,Utah,West Valley City,west valley city,utah
US,Utah,Woodland Hills,woodland hills,utah
US,Utah,Woods Cross,woods cross,utah
US,Vermont,Andover,andover,vermont
US,Vermont,Bennington,bennington,vermont
US,Vermont,Brandon,brandon,vermont
US,Vermont,Brattleboro,brattleboro,vermont
US,Vermont,Bristol,bristol,vermont
US,Vermont,Burlington,burlington,vermont
US,Vermont,Calais,calais,vermont
US,Vermont,Castleton,castleton,vermont
US,Vermont,Charlotte,charlotte,vermont
US,Vermont,Chester,chester,vermont
US,Vermont,Colchester,colchester,vermont
US,Vermont,Craftsbury Common,craftsbury common,vermont
US,Vermont,Derby Line,derby line,vermont
US,Vermont,East Burke,east burke,vermont
US,Vermont,East Dorset,east dorset,vermont
US,Vermont,Enosburg Falls,enosburg falls,vermont
US,Vermont,Essex,essex,vermont
US,Vermont,Essex Junction,essex junction,vermont
US,Vermont,Fairfax,fairfax,vermont
US,Vermont,Fairfield,fairfield,vermont
US,Vermont,Grand Isle,grand isle,vermont
US,Vermont,Guilford,guilford,vermont
US,Vermont,Highgate Springs,highgate springs,vermont
US,Vermont,Hinesburg,hinesburg,vermont
US,Vermont,Huntington,huntington,vermont
US,Vermont,Hyde Park,hyde park,vermont
US,Vermont,Jericho,jericho,vermont
US,Vermont,Killington,killington,vermont
US,Vermont,Lowell,lowell,vermont
US,Vermont,Manchester Center,manchester center,vermont
US,Vermont,Marshfield,marshfield,vermont
US,Vermont,Mcindoe Falls,mcindoe falls,vermont
US,Vermont,Middlebury,middlebury,vermont
US,Vermont,Montgomery Center,montgomery center,vermont
US,Vermont,Morristown,morristown,vermont
US,Vermont,Morrisville,morrisville,vermont
US,Vermont,N Chittenden,n chittenden,vermont
US,Vermont,Newport Center,newport center,vermont
US,Vermont,North Bennington,north bennington,vermont
US,Vermont,North Ferrisburgh,north ferrisburgh,vermont
US,Vermont,North Hero,north hero,vermont
US,Vermont,Northfield,northfield,vermont
US,Vermont,Pawlet,pawlet,vermont
US,Vermont,Perkinsville,perkinsville,vermont
US,Vermont,Pittsford,pittsford,vermont
US,Vermont,Proctor,proctor,vermont
US,Vermont,Quechee,quechee,vermont
US,Vermont,Reading,reading,vermont
US,Vermont,Richford,richford,vermont
US,Vermont,Richmond,richmond,vermont
US,Vermont,Rupert,rupert,vermont
US,Vermont,Rutland,rutland,vermont
US,Vermont,Saint Albans,saint albans,vermont
US,Vermont,Shelburne,shelburne,vermont
US,Vermont,Shrewsbury,shrewsbury,vermont
US,Vermont,South Burlington,south burlington,vermont
US,Vermont,South Londonderry,south londonderry,vermont
US,Vermont,South Reading,south reading,vermont
US,Vermont,South Ryegate,south ryegate,vermont
US,Vermont,St Johnsbury,st johnsbury,vermont
US,Vermont,St. Albans,st. albans,vermont
US,Vermont,Starksboro,starksboro,vermont
US,Vermont,Stowe,stowe,vermont
US,Vermont,Swanton,swanton,vermont
US,Vermont,Vergennes,vergennes,vermont
US,Vermont,Waitsfield,waitsfield,vermont
US,Vermont,Wallingford,wallingford,vermont
US,Vermont,Waterbury Center,waterbury center,vermont
US,Vermont,West Dover,west dover,vermont
US,Vermont,West Rutland,west rutland,vermont
US,Vermont,Westford,westford,vermont
US,Vermont,White River Junction,white river junction,vermont
US,Vermont,Whitingham,whitingham,vermont
US,Vermont,Williamsville,williamsville,vermont
US,Vermont,Williston,williston,vermont
US,Vermont,Woodstock,woodstock,vermont
US,Virginia,Abingdon,abingdon,virginia
US,Virginia,Afton,afton,virginia
US,Virginia,Aldie,aldie,virginia
US,Virginia,Alexandria,alexandria,virginia
US,Virginia,Altavista,altavista,virginia
US,Virginia,Amelia Court House,amelia court house,virginia
US,Virginia,Amherst,amherst,virginia
US,Virginia,Annandale,annandale,virginia
US,Virginia,Appalachia,appalachia,virginia
US,Virginia,Appomattox,appomattox,virginia
US,Virginia,Arlington,arlington,virginia
US,Virginia,Ashburn,ashburn,virginia
US,Virginia,Ashland,ashland,virginia
US,Virginia,Aylett,aylett,virginia
US,Virginia,Bealeton,bealeton,virginia
US,Virginia,Beaverdam,beaverdam,virginia
US,Virginia,Bedford,bedford,virginia
US,Virginia,Bent Mtn,bent mtn,virginia
US,Virginia,Berryville,berryville,virginia
US,Virginia,Blacksburg,blacksburg,virginia
US,Virginia,Blackstone,blackstone,virginia
US,Virginia,Blue Ridge,blue ridge,virginia
US,Virginia,Bluefield,bluefield,virginia
US,Virginia,Bluemont,bluemont,virginia
US,Virginia,Bowling Green,bowling green,virginia
US,Virginia,Boydton,boydton,virginia
US,Virginia,Bracey,bracey,virginia
US,Virginia,Brambleton,brambleton,virginia
US,Virginia,Bristol,bristol,virginia
US,Virginia,Bristow,bristow,virginia
US,Virginia,Broadlands,broadlands,virginia
US,Virginia,Broadway,broadway,virginia
US,Virginia,Buckingham,buckingham,virginia
US,Virginia,Bumpass,bumpass,virginia
US,Virginia,Burke,burke,virginia
US,Virginia,Carrollton,carrollton,virginia
US,Virginia,Castleton,castleton,virginia
US,Virginia,Catlett,catlett,virginia
US,Virginia,Centreville,centreville,virginia
US,Virginia,Chantilly,chantilly,virginia
US,Virginia,Charlottesville,charlottesville,virginia
US,Virginia,Chase City,chase city,virginia
US,Virginia,Chesapeake,chesapeake,virginia
US,Virginia,Chester,chester,virginia
US,Virginia,Chesterfield,chesterfield,virginia
US,Virginia,Chilhowie,chilhowie,virginia
US,Virginia,Christiansbrg,christiansbrg,virginia
US,Virginia,Christiansburg,christiansburg,virginia
US,Virginia,Clifton,clifton,virginia
US,Virginia,Clover,clover,virginia
US,Virginia,Coeburn,coeburn,virginia
US,Virginia,Colonial Heights,colonial heights,virginia
US,Virginia,Colonial Hgts,colonial hgts,virginia
US,Virginia,Copper Hill,copper hill,virginia
US,Virginia,Covesville,covesville,virginia
US,Virginia,Crewe,crewe,virginia
US,Virginia,Crozet,crozet,virginia
US,Virginia,Culpeper,culpeper,virginia
US,Virginia,Cumberland,cumberland,virginia
US,Virginia,Dahlgren,dahlgren,virginia
US,Virginia,Daleville,daleville,virginia
US,Virginia,Danville,danville,virginia
US,Virginia,Dillwyn,dillwyn,virginia
US,Virginia,Disputanta,disputanta,virginia
US,Virginia,Dulles,dulles,virginia
US,Virginia,Dumfries,dumfries,virginia
US,Virginia,Dunn Loring,dunn loring,virginia
US,Virginia,Earlysville,earlysville,virginia
US,Virginia,Esmont,esmont,virginia
US,Virginia,Evington,evington,virginia
US,Virginia,Fairfax,fairfax,virginia
US,Virginia,Fairfax County,fairfax county,virginia
US,Virginia,Fairfax Station,fairfax station,virginia
US,Virginia,Falls Church,falls church,virginia
US,Virginia,Falmouth,falmouth,virginia
US,Virginia,Farmville,farmville,virginia
US,Virginia,Forest,forest,virginia
US,Virginia,Fort Belvoir,fort belvoir,virginia
US,Virginia,Fort Defiance,fort defiance,virginia
US,Virginia,Fort Eustis,fort eustis,virginia
US,Virginia,Fort Hunt,fort hunt,virginia
US,Virginia,Fredericksburg,fredericksburg,virginia
US,Virginia,Fredricksburg,fredricksburg,virginia
US,Virginia,Front Royal,front royal,virginia
US,Virginia,Gainesville,gainesville,virginia
US,Virginia,Gate City,gate city,virginia
US,Virginia,Glade Hill,glade hill,virginia
US,Virginia,Gladys,gladys,virginia
US,Virginia,Glen Allen,glen allen,virginia
US,Virginia,Gloucester,gloucester,virginia
US,Virginia,Gloucester Point,gloucester point,virginia
US,Virginia,Goode,goode,virginia
US,Virginia,Gordonsville,gordonsville,virginia
US,Virginia,Great Falls,great falls,virginia
US,Virginia,Greenville,greenville,virginia
US,Virginia,Grottoes,grottoes,virginia
US,Virginia,Halifax,halifax,virginia
US,Virginia,Hampton,hampton,virginia
US,Virginia,Harrisonburg,harrisonburg,virginia
US,Virginia,Hayes,hayes,virginia
US,Virginia,Haymarket,haymarket,virginia
US,Virginia,Henrico,henrico,virginia
US,Virginia,Herndon,herndon,virginia
US,Virginia,Hillsville,hillsville,virginia
US,Virginia,Hot Springs,hot springs,virginia
US,Virginia,Huddleston,huddleston,virginia
US,Virginia,Ivor,ivor,virginia
US,Virginia,Jeffersonton,jeffersonton,virginia
US,Virginia,Kents Store,kents store,virginia
US,Virginia,Keswick,keswick,virginia
US,Virginia,Keysville,keysville,virginia
US,Virginia,Kilmarnock,kilmarnock,virginia
US,Virginia,King George,king george,virginia
US,Virginia,Lake Ridge,lake ridge,virginia
US,Virginia,Lancaster,lancaster,virginia
US,Virginia,Lebanon,lebanon,virginia
US,Virginia,Leesburg,leesburg,virginia
US,Virginia,Lexington,lexington,virginia
US,Virginia,Linden,linden,virginia
US,Virginia,Locust Grove,locust grove,virginia
US,Virginia,Lorton,lorton,virginia
US,Virginia,Louisa,louisa,virginia
US,Virginia,Lovettsville,lovettsville,virginia
US,Virginia,Luray,luray,virginia
US,Virginia,Lynchburg,lynchburg,virginia
US,Virginia,Madison,madison,virginia
US,Virginia,Madison Heights,madison heights,virginia
US,Virginia,Maidens,maidens,virginia
US,Virginia,Manakin Sabot,manakin sabot,virginia
US,Virginia,Manassas,manassas,virginia
US,Virginia,Manassas Park,manassas park,virginia
US,Virginia,Markham,markham,virginia
US,Virginia,Marshall,marshall,virginia
US,Virginia,Martinsville,martinsville,virginia
US,Virginia,Mc Lean,mc lean,virginia
US,Virginia,Mclean,mclean,virginia
US,Virginia,Mechanicsville,mechanicsville,virginia
US,Virginia,Middleburg,middleburg,virginia
US,Virginia,Middletown,middletown,virginia
US,Virginia,Midlothian,midlothian,virginia
US,Virginia,Mineral,mineral,virginia
US,Virginia,Moneta,moneta,virginia
US,Virginia,Monroe,monroe,virginia
US,Virginia,Montclair,montclair,virginia
US,Virginia,Montpelier,montpelier,virginia
US,Virginia,Montvale,montvale,virginia
US,Virginia,Moseley,moseley,virginia
US,Virginia,Mt Jackson,mt jackson,virginia
US,Virginia,Natural Bridge,natural bridge,virginia
US,Virginia,New Kent,new kent,virginia
US,Virginia,New Market,new market,virginia
US,Virginia,Newport News,newport news,virginia
US,Virginia,Nokesville,nokesville,virginia
US,Virginia,Norfolk,norfolk,virginia
US,Virginia,North Chesterfield,north chesterfield,virginia
US,Virginia,North Prince George,north prince george,virginia
US,Virginia,Oak Hill,oak hill,virginia
US,Virginia,Oakton,oakton,virginia
US,Virginia,Oilville,oilville,virginia
US,Virginia,Orange,orange,virginia
US,Virginia,Palmyra,palmyra,virginia
US,Virginia,Penhook,penhook,virginia
US,Virginia,Penn Laird,penn laird,virginia
US,Virginia,Petersburg,petersburg,virginia
US,Virginia,Poquoson,poquoson,virginia
US,Virginia,Portsmouth,portsmouth,virginia
US,Virginia,Potomac Falls,potomac falls,virginia
US,Virginia,Powhatan,powhatan,virginia
US,Virginia,Prince George,prince george,virginia
US,Virginia,Purcellville,purcellville,virginia
US,Virginia,Radford,radford,virginia
US,Virginia,Reedville,reedville,virginia
US,Virginia,Reston,reston,virginia
US,Virginia,Richardsville,richardsville,virginia
US,Virginia,Richmond,richmond,virginia
US,Virginia,Ridgeway,ridgeway,virginia
US,Virginia,Riner,riner,virginia
US,Virginia,Roanoke,roanoke,virginia
US,Virginia,Rockingham,rockingham,virginia
US,Virginia,Rockville,rockville,virginia
US,Virginia,Round Hill,round hill,virginia
US,Virginia,Ruckersville,ruckersville,virginia
US,Virginia,Rural Retreat,rural retreat,virginia
US,Virginia,Ruther Glen,ruther glen,virginia
US,Virginia,Salem,salem,virginia
US,Virginia,Scottsville,scottsville,virginia
US,Virginia,Seaford,seaford,virginia
US,Virginia,Skippers,skippers,virginia
US,Virginia,Smithfield,smithfield,virginia
US,Virginia,South Chesterfield,south chesterfield,virginia
US,Virginia,South Riding,south riding,virginia
US,Virginia,Spotsylvania,spotsylvania,virginia
US,Virginia,Spotsylvania Courthouse,spotsylvania courthouse,virginia
US,Virginia,Springfield,springfield,virginia
US,Virginia,"Springfield, Va","springfield, va",virginia
US,Virginia,Stafford,stafford,virginia
US,Virginia,Staunton,staunton,virginia
US,Virginia,Stephenson,stephenson,virginia
US,Virginia,Sterling,sterling,virginia
US,Virginia,Strasburg,strasburg,virginia
US,Virginia,Stuart,stuart,virginia
US,Virginia,Stuarts Draft,stuarts draft,virginia
US,Virginia,Studley,studley,virginia
US,Virginia,Suffolk,suffolk,virginia
US,Virginia,Tappahannock,tappahannock,virginia
US,Virginia,Tazewell,tazewell,virginia
US,Virginia,The Plains,the plains,virginia
US,Virginia,Toano,toano,virginia
US,Virginia,Triangle,triangle,virginia
US,Virginia,Troutville,troutville,virginia
US,Virginia,Tysons,tysons,virginia
US,Virginia,Union Hall,union hall,virginia
US,Virginia,Unionville,unionville,virginia
US,Virginia,Vienna,vienna,virginia
US,Virginia,Vinton,vinton,virginia
US,Virginia,Virginia Beach,virginia beach,virginia
US,Virginia,Warrenton,warrenton,virginia
US,Virginia,Warsaw,warsaw,virginia
US,Virginia,Waterford,waterford,virginia
US,Virginia,Waynesboro,waynesboro,virginia
US,Virginia,West Springfield,west springfield,virginia
US,Virginia,White Stone,white stone,virginia
US,Virginia,Williamsburg,williamsburg,virginia
US,Virginia,Winchester,winchester,virginia
US,Virginia,Windsor,windsor,virginia
US,Virginia,Wirtz,wirtz,virginia
US,Virginia,Woodbridge,woodbridge,virginia
US,Virginia,Woodford,woodford,virginia
US,Virginia,Woodlawn,woodlawn,virginia
US,Virginia,Wytheville,wytheville,virginia
US,Virginia,Yorktown,yorktown,virginia
US,Washington,Aberdeen,aberdeen,washington
US,Washington,Airway Heights,airway heights,washington
US,Washington,Anacortes,anacortes,washington
US,Washington,Arlington,arlington,washington
US,Washington,Auburn,auburn,washington
US,Washington,Bainbridge Is,bainbridge is,washington
US,Washington,Bainbridge Island,bainbridge island,washington
US,Washington,Balcatta,balcatta,washington
US,Washington,Battle Ground,battle ground,washington
US,Washington,Battleground,battleground,washington
US,Washington,Belfair,belfair,washington
US,Washington,Bellevue,bellevue,washington
US,Washington,Bellingham,bellingham,washington
US,Washington,Black Diamond,black diamond,washington
US,Washington,Blaine,blaine,washington
US,Washington,Bonney Lake,bonney lake,washington
US,Washington,Bothell,bothell,washington
US,Washington,Bremerton,bremerton,washington
US,Washington,Brier,brier,washington
US,Washington,Brush Prairie,brush prairie,washington
US,Washington,Buckley,buckley,washington
US,Washington,Burien,burien,washington
US,Washington,Camano Island,camano island,washington
US,Washington,Camas,camas,washington
US,Washington,Carnation,carnation,washington
US,Washington,Castle Rock,castle rock,washington
US,Washington,Chattaroy,chattaroy,washington
US,Washington,Chehalis,chehalis,washington
US,Washington,Chelan,chelan,washington
US,Washington,Clyde Hill,clyde hill,washington
US,Washington,Colbert,colbert,washington
US,Washington,College Place,college place,washington
US,Washington,Coupeville,coupeville,washington
US,Washington,Covington,covington,washington
US,Washington,Dayton,dayton,washington
US,Washington,Des Moines,des moines,washington
US,Washington,Dupont,dupont,washington
US,Washington,Duvall,duvall,washington
US,Washington,Edgewood,edgewood,washington
US,Washington,Edmonds,edmonds,washington
US,Washington,Entiat,entiat,washington
US,Washington,Enumclaw,enumclaw,washington
US,Washington,Everett,everett,washington
US,Washington,Federal Way,federal way,washington
US,Washington,Ferndale,ferndale,washington
US,Washington,Fife,fife,washington
US,Washington,Fircrest,fircrest,washington
US,Washington,Fox Island,fox island,washington
US,Washington,Freeland,freeland,washington
US,Washington,Friday Harbor,friday harbor,washington
US,Washington,Gig Harbor,gig harbor,washington
US,Washington,Goldendale,goldendale,washington
US,Washington,Graham,graham,washington
US,Washington,Grandview,grandview,washington
US,Washington,Grapeview,grapeview,washington
US,Washington,Grays River,grays river,washington
US,Washington,Hansville,hansville,washington
US,Washington,Hoquiam,hoquiam,washington
US,Washington,Issaquah,issaquah,washington
US,Washington,Kelso,kelso,washington
US,Washington,Kenmore,kenmore,washington
US,Washington,Kennewick,kennewick,washington
US,Washington,Kent,kent,washington
US,Washington,Kingston,kingston,washington
US,Washington,Kirkland,kirkland,washington
US,Washington,La Center,la center,washington
US,Washington,Lacey,lacey,washington
US,Washington,Lake Forest Park,lake forest park,washington
US,Washington,Lake Stevens,lake stevens,washington
US,Washington,Lake Tapps,lake tapps,washington
US,Washington,Lakewood,lakewood,washington
US,Washington,Leavenworth,leavenworth,washington
US,Washington,Liberty Lake,liberty lake,washington
US,Washington,Longview,longview,washington
US,Washington,Lopez Island,lopez island,washington
US,Washington,Lynden,lynden,washington
US,Washington,Lynnwood,lynnwood,washington
US,Washington,Maple Valley,maple valley,washington
US,Washington,Marysville,marysville,washington
US,Washington,Mcchord Afb,mcchord afb,washington
US,Washington,Mccleary,mccleary,washington
US,Washington,Mead,mead,washington
US,Washington,Medina,medina,washington
US,Washington,Mercer Island,mercer island,washington
US,Washington,Mill Creek,mill creek,washington
US,Washington,Monroe,monroe,washington
US,Washington,Montesano,montesano,washington
US,Washington,Moses Lake,moses lake,washington
US,Washington,Mount Vernon,mount vernon,washington
US,Washington,Mountlake Terrace,mountlake terrace,washington
US,Washington,Mt. Vernon,mt. vernon,washington
US,Washington,Mukilteo,mukilteo,washington
US,Washington,Nedlands,nedlands,washington
US,Washington,Newcastle,newcastle,washington
US,Washington,Newman Lake,newman lake,washington
US,Washington,Newport,newport,washington
US,Washington,Nine Mile Falls,nine mile falls,washington
US,Washington,Normandy Park,normandy park,washington
US,Washington,North Bend,north bend,washington
US,Washington,Northeast Seattle,northeast seattle,washington
US,Washington,Oak Harbor,oak harbor,washington
US,Washington,Olalla,olalla,washington
US,Washington,Olympia,olympia,washington
US,Washington,Omak,omak,washington
US,Washington,Orting,orting,washington
US,Washington,Otis Orchards,otis orchards,washington
US,Washington,Pacific,pacific,washington
US,Washington,Pasco,pasco,washington
US,Washington,Port Angeles,port angeles,washington
US,Washington,Port Orchard,port orchard,washington
US,Washington,Port Townsend,port townsend,washington
US,Washington,Poulsbo,poulsbo,washington
US,Washington,Pullman,pullman,washington
US,Washington,Puyallup,puyallup,washington
US,Washington,Quincy,quincy,washington
US,Washington,Ravensdale,ravensdale,washington
US,Washington,Raymond,raymond,washington
US,Washington,Redmond,redmond,washington
US,Washington,Renton,renton,washington
US,Washington,Richland,richland,washington
US,Washington,Ridgefield,ridgefield,washington
US,Washington,Rochester,rochester,washington
US,Washington,Rock Island,rock island,washington
US,Washington,Rosburg,rosburg,washington
US,Washington,Roy,roy,washington
US,Washington,Sammamish,sammamish,washington
US,Washington,Seabeck,seabeck,washington
US,Washington,Seatac,seatac,washington
US,Washington,Seattle,seattle,washington
US,Washington,Sedro Woolley,sedro woolley,washington
US,Washington,Selah,selah,washington
US,Washington,Sequim,sequim,washington
US,Washington,Shelton,shelton,washington
US,Washington,Shoreline,shoreline,washington
US,Washington,Silverdale,silverdale,washington
US,Washington,Snohomish,snohomish,washington
US,Washington,Snoqualmie,snoqualmie,washington
US,Washington,Soap Lake,soap lake,washington
US,Washington,South Bend,south bend,washington
US,Washington,South Prairie,south prairie,washington
US,Washington,Spanaway,spanaway,washington
US,Washington,Spokane,spokane,washington
US,Washington,Spokane Valley,spokane valley,washington
US,Washington,Stanwood,stanwood,washington
US,Washington,Steilacoom,steilacoom,washington
US,Washington,Stevenson,stevenson,washington
US,Washington,String:Kennewick,string:kennewick,washington
US,Washington,Subiaco,subiaco,washington
US,Washington,Sultan,sultan,washington
US,Washington,Sumas,sumas,washington
US,Washington,Sumner,sumner,washington
US,Washington,Suquamish,suquamish,washington
US,Washington,Tacoma,tacoma,washington
US,Washington,Taholah,taholah,washington
US,Washington,Tenino,tenino,washington
US,Washington,Tukwila,tukwila,washington
US,Washington,Tulalip,tulalip,washington
US,Washington,Tumwater,tumwater,washington
US,Washington,Union,union,washington
US,Washington,Univeraity Place,univeraity place,washington
US,Washington,University Place,university place,washington
US,Washington,Vancouver,vancouver,washington
US,Washington,Vashon,vashon,washington
US,Washington,Veradale,veradale,washington
US,Washington,Walla Walla,walla walla,washington
US,Washington,Washougal,washougal,washington
US,Washington,Wenatchee,wenatchee,washington
US,Washington,West Richland,west richland,washington
US,Washington,West Richmond,west richmond,washington
US,Washington,Winlock,winlock,washington
US,Washington,Woodinville,woodinville,washington
US,Washington,Woodland,woodland,washington
US,Washington,Woodway,woodway,washington
US,Washington,Yacolt,yacolt,washington
US,Washington,Yakima,yakima,washington
US,Washington,Yarrow Point,yarrow point,washington
US,Washington,Yelm,yelm,washington
US,West Virginia,Alum Creek,alum creek,west virginia
US,West Virginia,Bancroft,bancroft,west virginia
US,West Virginia,Barboursville,barboursville,west virginia
US,West Virginia,Beckley,beckley,west virginia
US,West Virginia,Belleville,belleville,west virginia
US,West Virginia,Berkeley Springs,berkeley springs,west virginia
US,West Virginia,Bethany,bethany,west virginia
US,West Virginia,Bluefield,bluefield,west virginia
US,West Virginia,Bridgeport,bridgeport,west virginia
US,West Virginia,Bristol,bristol,west virginia
US,West Virginia,Buckeye,buckeye,west virginia
US,West Virginia,Buckhannon,buckhannon,west virginia
US,West Virginia,Buffalo,buffalo,west virginia
US,West Virginia,Bunker Hill,bunker hill,west virginia
US,West Virginia,Caldwell,caldwell,west virginia
US,West Virginia,Cameron,cameron,west virginia
US,West Virginia,Charles Town,charles town,west virginia
US,West Virginia,Charleston,charleston,west virginia
US,West Virginia,Clarksburg,clarksburg,west virginia
US,West Virginia,Culloden,culloden,west virginia
US,West Virginia,Daniels,daniels,west virginia
US,West Virginia,Davis,davis,west virginia
US,West Virginia,Dellslow,dellslow,west virginia
US,West Virginia,Elkins,elkins,west virginia
US,West Virginia,Evans,evans,west virginia
US,West Virginia,Fairmont,fairmont,west virginia
US,West Virginia,Falling Waters,falling waters,west virginia
US,West Virginia,Fayetteville,fayetteville,west virginia
US,West Virginia,Fort Ashby,fort ashby,west virginia
US,West Virginia,Franklin,franklin,west virginia
US,West Virginia,Gassaway,gassaway,west virginia
US,West Virginia,Glasgow,glasgow,west virginia
US,West Virginia,Glen Dale,glen dale,west virginia
US,West Virginia,Glenville,glenville,west virginia
US,West Virginia,Harpers Ferry,harpers ferry,west virginia
US,West Virginia,Hedgesville,hedgesville,west virginia
US,West Virginia,Hillsboro,hillsboro,west virginia
US,West Virginia,Huntington,huntington,west virginia
US,West Virginia,Hurricane,hurricane,west virginia
US,West Virginia,Jane Lew,jane lew,west virginia
US,West Virginia,Kenova,kenova,west virginia
US,West Virginia,Leon,leon,west virginia
US,West Virginia,Lumberport,lumberport,west virginia
US,West Virginia,Martinsburg,martinsburg,west virginia
US,West Virginia,Millville,millville,west virginia
US,West Virginia,Milton,milton,west virginia
US,West Virginia,Mineral Wells,mineral wells,west virginia
US,West Virginia,Moorefield,moorefield,west virginia
US,West Virginia,Morgantown,morgantown,west virginia
US,West Virginia,Moundsville,moundsville,west virginia
US,West Virginia,New Martinsville,new martinsville,west virginia
US,West Virginia,Nitro,nitro,west virginia
US,West Virginia,Ona,ona,west virginia
US,West Virginia,Paden City,paden city,west virginia
US,West Virginia,Parkersburg,parkersburg,west virginia
US,West Virginia,Pennsboro,pennsboro,west virginia
US,West Virginia,Philippi,philippi,west virginia
US,West Virginia,Poca,poca,west virginia
US,West Virginia,Princeton,princeton,west virginia
US,West Virginia,Ravenswood,ravenswood,west virginia
US,West Virginia,Ripley,ripley,west virginia
US,West Virginia,Saint Albans,saint albans,west virginia
US,West Virginia,Scott Depot,scott depot,west virginia
US,West Virginia,Shady Spring,shady spring,west virginia
US,West Virginia,Shepherdstown,shepherdstown,west virginia
US,West Virginia,South Charleston,south charleston,west virginia
US,West Virginia,St. Marys,st. marys,west virginia
US,West Virginia,Sugar Grove,sugar grove,west virginia
US,West Virginia,Summersville,summersville,west virginia
US,West Virginia,Talcott,talcott,west virginia
US,West Virginia,Union,union,west virginia
US,West Virginia,Vienna,vienna,west virginia
US,West Virginia,Washington,washington,west virginia
US,West Virginia,Waverly,waverly,west virginia
US,West Virginia,Weirton,weirton,west virginia
US,West Virginia,Wellsburg,wellsburg,west virginia
US,West Virginia,Westover,westover,west virginia
US,West Virginia,Wheeling,wheeling,west virginia
US,West Virginia,Yellow Spring,yellow spring,west virginia
US,Wisconsin,Amery,amery,wisconsin
US,Wisconsin,Appleton,appleton,wisconsin
US,Wisconsin,Arbor Vitae,arbor vitae,wisconsin
US,Wisconsin,Arcadia,arcadia,wisconsin
US,Wisconsin,Augusta,augusta,wisconsin
US,Wisconsin,Bancroft,bancroft,wisconsin
US,Wisconsin,Baraboo,baraboo,wisconsin
US,Wisconsin,Beaver Dam,beaver dam,wisconsin
US,Wisconsin,Beloit,beloit,wisconsin
US,Wisconsin,Big Bend,big bend,wisconsin
US,Wisconsin,Black River Falls,black river falls,wisconsin
US,Wisconsin,Blair,blair,wisconsin
US,Wisconsin,Bloomer,bloomer,wisconsin
US,Wisconsin,Blue Mounds,blue mounds,wisconsin
US,Wisconsin,Boscobel,boscobel,wisconsin
US,Wisconsin,Boyceville,boyceville,wisconsin
US,Wisconsin,Brillion,brillion,wisconsin
US,Wisconsin,Bristol,bristol,wisconsin
US,Wisconsin,Brookfield,brookfield,wisconsin
US,Wisconsin,Brooklyn,brooklyn,wisconsin
US,Wisconsin,Burlington,burlington,wisconsin
US,Wisconsin,Caledonia,caledonia,wisconsin
US,Wisconsin,Campbellsport,campbellsport,wisconsin
US,Wisconsin,Cedarburg,cedarburg,wisconsin
US,Wisconsin,Chippewa Falls,chippewa falls,wisconsin
US,Wisconsin,"Clinton, Wi","clinton, wi",wisconsin
US,Wisconsin,Colgate,colgate,wisconsin
US,Wisconsin,Cross Plains,cross plains,wisconsin
US,Wisconsin,Cudahy,cudahy,wisconsin
US,Wisconsin,Danbury,danbury,wisconsin
US,Wisconsin,De Forest,de forest,wisconsin
US,Wisconsin,De Pere,de pere,wisconsin
US,Wisconsin,Deforest,deforest,wisconsin
US,Wisconsin,Delafield,delafield,wisconsin
US,Wisconsin,Delavan,delavan,wisconsin
US,Wisconsin,Dousman,dousman,wisconsin
US,Wisconsin,Eagle River,eagle river,wisconsin
US,Wisconsin,Eau Claire,eau claire,wisconsin
US,Wisconsin,Edgerton,edgerton,wisconsin
US,Wisconsin,Egg Harbor,egg harbor,wisconsin
US,Wisconsin,Elkhorn,elkhorn,wisconsin
US,Wisconsin,Elm Grove,elm grove,wisconsin
US,Wisconsin,Emerald,emerald,wisconsin
US,Wisconsin,Evansville,evansville,wisconsin
US,Wisconsin,Fish Creek,fish creek,wisconsin
US,Wisconsin,Fitchburg,fitchburg,wisconsin
US,Wisconsin,Fond Du Lac,fond du lac,wisconsin
US,Wisconsin,Fontana,fontana,wisconsin
US,Wisconsin,Fox Lake,fox lake,wisconsin
US,Wisconsin,Franklin,franklin,wisconsin
US,Wisconsin,Franksville,franksville,wisconsin
US,Wisconsin,Friendship,friendship,wisconsin
US,Wisconsin,Genoa,genoa,wisconsin
US,Wisconsin,Genoa City,genoa city,wisconsin
US,Wisconsin,Germantown,germantown,wisconsin
US,Wisconsin,Glendale,glendale,wisconsin
US,Wisconsin,Grafton,grafton,wisconsin
US,Wisconsin,Grand Chute,grand chute,wisconsin
US,Wisconsin,Green Bay,green bay,wisconsin
US,Wisconsin,Greendale,greendale,wisconsin
US,Wisconsin,Greenfield,greenfield,wisconsin
US,Wisconsin,Greenwood,greenwood,wisconsin
US,Wisconsin,Hales Corners,hales corners,wisconsin
US,Wisconsin,Hartford,hartford,wisconsin
US,Wisconsin,Hartland,hartland,wisconsin
US,Wisconsin,Hatley,hatley,wisconsin
US,Wisconsin,Holmen,holmen,wisconsin
US,Wisconsin,Hortonville,hortonville,wisconsin
US,Wisconsin,Hubertus,hubertus,wisconsin
US,Wisconsin,Hudson,hudson,wisconsin
US,Wisconsin,Irma,irma,wisconsin
US,Wisconsin,Iron Ridge,iron ridge,wisconsin
US,Wisconsin,Ixonia,ixonia,wisconsin
US,Wisconsin,Jackson,jackson,wisconsin
US,Wisconsin,Janesville,janesville,wisconsin
US,Wisconsin,Jim Falls,jim falls,wisconsin
US,Wisconsin,Johnson Creek,johnson creek,wisconsin
US,Wisconsin,Kaukauna,kaukauna,wisconsin
US,Wisconsin,Kenosha,kenosha,wisconsin
US,Wisconsin,Kimberly,kimberly,wisconsin
US,Wisconsin,Kohler,kohler,wisconsin
US,Wisconsin,Kronenwetter,kronenwetter,wisconsin
US,Wisconsin,La Crosse,la crosse,wisconsin
US,Wisconsin,La Valle,la valle,wisconsin
US,Wisconsin,Lacrosse,lacrosse,wisconsin
US,Wisconsin,Lake Geneva,lake geneva,wisconsin
US,Wisconsin,Lisbon,lisbon,wisconsin
US,Wisconsin,Little Chute,little chute,wisconsin
US,Wisconsin,Lodi,lodi,wisconsin
US,Wisconsin,Lone Rock,lone rock,wisconsin
US,Wisconsin,Luck,luck,wisconsin
US,Wisconsin,Madison,madison,wisconsin
US,Wisconsin,Manitowoc,manitowoc,wisconsin
US,Wisconsin,Marathon,marathon,wisconsin
US,Wisconsin,Marshfield,marshfield,wisconsin
US,Wisconsin,Mcfarland,mcfarland,wisconsin
US,Wisconsin,Medford,medford,wisconsin
US,Wisconsin,Melrose,melrose,wisconsin
US,Wisconsin,Menasha,menasha,wisconsin
US,Wisconsin,Menomonee Falls,menomonee falls,wisconsin
US,Wisconsin,Menomonee Fls,menomonee fls,wisconsin
US,Wisconsin,Menomonie,menomonie,wisconsin
US,Wisconsin,Mequon,mequon,wisconsin
US,Wisconsin,Merrill,merrill,wisconsin
US,Wisconsin,Middleton,middleton,wisconsin
US,Wisconsin,Milton,milton,wisconsin
US,Wisconsin,Milwaukee,milwaukee,wisconsin
US,Wisconsin,Mondovi,mondovi,wisconsin
US,Wisconsin,Monona,monona,wisconsin
US,Wisconsin,Monroe,monroe,wisconsin
US,Wisconsin,Mosinee,mosinee,wisconsin
US,Wisconsin,Mount Horeb,mount horeb,wisconsin
US,Wisconsin,Mount Pleasant,mount pleasant,wisconsin
US,Wisconsin,Mount Pleasent,mount pleasent,wisconsin
US,Wisconsin,Mukwonago,mukwonago,wisconsin
US,Wisconsin,Muskego,muskego,wisconsin
US,Wisconsin,Nashotah,nashotah,wisconsin
US,Wisconsin,Neenah,neenah,wisconsin
US,Wisconsin,Neshkoro,neshkoro,wisconsin
US,Wisconsin,New Auburn,new auburn,wisconsin
US,Wisconsin,New Berlin,new berlin,wisconsin
US,Wisconsin,New Holstein,new holstein,wisconsin
US,Wisconsin,New Richmond,new richmond,wisconsin
US,Wisconsin,North Fond Du Lac,north fond du lac,wisconsin
US,Wisconsin,North Prairie,north prairie,wisconsin
US,Wisconsin,Oak Creek,oak creek,wisconsin
US,Wisconsin,Oconomowoc,oconomowoc,wisconsin
US,Wisconsin,Omro,omro,wisconsin
US,Wisconsin,Onalaska,onalaska,wisconsin
US,Wisconsin,Oostburg,oostburg,wisconsin
US,Wisconsin,Oregon,oregon,wisconsin
US,Wisconsin,Oshkosh,oshkosh,wisconsin
US,Wisconsin,Osseo,osseo,wisconsin
US,Wisconsin,Oxford,oxford,wisconsin
US,Wisconsin,Palmyra,palmyra,wisconsin
US,Wisconsin,Pepin,pepin,wisconsin
US,Wisconsin,Pewaukee,pewaukee,wisconsin
US,Wisconsin,Plainfield,plainfield,wisconsin
US,Wisconsin,Platteville,platteville,wisconsin
US,Wisconsin,Pleasant Prairie,pleasant prairie,wisconsin
US,Wisconsin,Plover,plover,wisconsin
US,Wisconsin,Plymouth,plymouth,wisconsin
US,Wisconsin,Poplar,poplar,wisconsin
US,Wisconsin,Port Washington,port washington,wisconsin
US,Wisconsin,Poynette,poynette,wisconsin
US,Wisconsin,Prairie Du Sac,prairie du sac,wisconsin
US,Wisconsin,Prescott,prescott,wisconsin
US,Wisconsin,Racine,racine,wisconsin
US,Wisconsin,Rice Lake,rice lake,wisconsin
US,Wisconsin,Ripon,ripon,wisconsin
US,Wisconsin,River Falls,river falls,wisconsin
US,Wisconsin,River Hills,river hills,wisconsin
US,Wisconsin,Saint Croix Falls,saint croix falls,wisconsin
US,Wisconsin,Saint Francis,saint francis,wisconsin
US,Wisconsin,Schofield,schofield,wisconsin
US,Wisconsin,Sheboygan,sheboygan,wisconsin
US,Wisconsin,Sheboygan Falls,sheboygan falls,wisconsin
US,Wisconsin,Shell Lake,shell lake,wisconsin
US,Wisconsin,Sherwood,sherwood,wisconsin
US,Wisconsin,Shorewood,shorewood,wisconsin
US,Wisconsin,Siren,siren,wisconsin
US,Wisconsin,Sister Bay,sister bay,wisconsin
US,Wisconsin,Slinger,slinger,wisconsin
US,Wisconsin,Sobieski,sobieski,wisconsin
US,Wisconsin,Somerset,somerset,wisconsin
US,Wisconsin,South Milwaukee,south milwaukee,wisconsin
US,Wisconsin,Spring Valley,spring valley,wisconsin
US,Wisconsin,Stoughton,stoughton,wisconsin
US,Wisconsin,Sturgeon Bay,sturgeon bay,wisconsin
US,Wisconsin,Suamico,suamico,wisconsin
US,Wisconsin,Summit,summit,wisconsin
US,Wisconsin,Sun Prairie,sun prairie,wisconsin
US,Wisconsin,Superior,superior,wisconsin
US,Wisconsin,Sussex,sussex,wisconsin
US,Wisconsin,Thiensville,thiensville,wisconsin
US,Wisconsin,Three Lakes,three lakes,wisconsin
US,Wisconsin,Two Rivers,two rivers,wisconsin
US,Wisconsin,Union Grove,union grove,wisconsin
US,Wisconsin,Van Dyne,van dyne,wisconsin
US,Wisconsin,Verona,verona,wisconsin
US,Wisconsin,Viola,viola,wisconsin
US,Wisconsin,Walworth,walworth,wisconsin
US,Wisconsin,Warrens,warrens,wisconsin
US,Wisconsin,Washburn,washburn,wisconsin
US,Wisconsin,Waterford,waterford,wisconsin
US,Wisconsin,Waterloo,waterloo,wisconsin
US,Wisconsin,Watertown,watertown,wisconsin
US,Wisconsin,Waukesha,waukesha,wisconsin
US,Wisconsin,Waunakee,waunakee,wisconsin
US,Wisconsin,Waupaca,waupaca,wisconsin
US,Wisconsin,Wausau,wausau,wisconsin
US,Wisconsin,Wauwatosa,wauwatosa,wisconsin
US,Wisconsin,West Allis,west allis,wisconsin
US,Wisconsin,West Bend,west bend,wisconsin
US,Wisconsin,Westport,westport,wisconsin
US,Wisconsin,Weyerhaeuser,weyerhaeuser,wisconsin
US,Wisconsin,Whitefish Bay,whitefish bay,wisconsin
US,Wisconsin,Whitehall,whitehall,wisconsin
US,Wisconsin,Williams Bay,williams bay,wisconsin
US,Wisconsin,Wind Lake,wind lake,wisconsin
US,Wisconsin,Windsor,windsor,wisconsin
US,Wisconsin,Winneconne,winneconne,wisconsin
US,Wisconsin,Winter,winter,wisconsin
US,Wisconsin,Wisconsin Dells,wisconsin dells,wisconsin
US,Wisconsin,Wisconsin Rapids,wisconsin rapids,wisconsin
US,Wyoming,Alpine,alpine,wyoming
US,Wyoming,Casper,casper,wyoming
US,Wyoming,Cheyenne,cheyenne,wyoming
US,Wyoming,Cody,cody,wyoming
US,Wyoming,Dubois,dubois,wyoming
US,Wyoming,Evanston,evanston,wyoming
US,Wyoming,Gillette,gillette,wyoming
US,Wyoming,Green River,green river,wyoming
US,Wyoming,Jackson,jackson,wyoming
US,Wyoming,Lander,lander,wyoming
US,Wyoming,Laramie,laramie,wyoming
US,Wyoming,Pinedale,pinedale,wyoming
US,Wyoming,Rock Springs,rock springs,wyoming
US,Wyoming,Saratoga,saratoga,wyoming
US,Wyoming,Sheridan,sheridan,wyoming
US,Wyoming,Thayne,thayne,wyoming
US,Wyoming,Wilson,wilson,wyoming
UK,England,Acton,acton,england
UK,England,Alderley Edge,alderley edge,england
UK,England,Aldershot,aldershot,england
UK,England,Altrincham,altrincham,england
UK,England,Amersham,amersham,england
UK,England,Armscote,armscote,england
UK,England,Ashley,ashley,england
UK,England,Aylesbury,aylesbury,england
UK,England,Banbury,banbury,england
UK,England,Barking,barking,england
UK,England,"Barrow-In-Furness, Westmorland And Furness","barrow-in-furness, westmorland and furness",england
UK,England,Basingstoke,basingstoke,england
UK,England,Bath,bath,england
UK,England,Beaconsfield,beaconsfield,england
UK,England,Bedford,bedford,england
UK,England,Bedlington,bedlington,england
UK,England,Berwick-Upon-Tweed,berwick-upon-tweed,england
UK,England,Bicester,bicester,england
UK,England,Billericay,billericay,england
UK,England,Birmingham,birmingham,england
UK,England,Blackburn,blackburn,england
UK,England,Bolton,bolton,england
UK,England,"Bolton Percy, York","bolton percy, york",england
UK,England,Bracknell,bracknell,england
UK,England,Brentwood,brentwood,england
UK,England,Brigg,brigg,england
UK,England,Brighton,brighton,england
UK,England,Bristol,bristol,england
UK,England,Bromley,bromley,england
UK,England,"Bromley, London","bromley, london",england
UK,England,Buckhurst Hill,buckhurst hill,england
UK,England,Burntwood,burntwood,england
UK,England,Burton-On-Trent,burton-on-trent,england
UK,England,Cabus,cabus,england
UK,England,Calne,calne,england
UK,England,"Calne, Wiltshire","calne, wiltshire",england
UK,England,Cambridge,cambridge,england
UK,England,"Camden, London","camden, london",england
UK,England,Carlisle,carlisle,england
UK,England,Carshalton,carshalton,england
UK,England,Castleford,castleford,england
UK,England,Chearsley,chearsley,england
UK,England,Chertsey,chertsey,england
UK,England,Cheshire West And Chester,cheshire west and chester,england
UK,England,Chester,chester,england
UK,England,Chichester,chichester,england
UK,England,Chiswick,chiswick,england
UK,England,Christchurch,christchurch,england
UK,England,Crawley,crawley,england
UK,England,Crowborough,crowborough,england
UK,England,Croydon,croydon,england
UK,England,"Danbury, Chelmsford","danbury, chelmsford",england
UK,England,"Deal,","deal,",england
UK,England,Derby,derby,england
UK,England,Dereham,dereham,england
UK,England,Didcot,didcot,england
UK,England,Dorchester,dorchester,england
UK,England,Droitwich,droitwich,england
UK,England,East Horsley,east horsley,england
UK,England,Eastbourne,eastbourne,england
UK,England,Eastleigh,eastleigh,england
UK,England,Edgware,edgware,england
UK,England,Esher,esher,england
UK,England,Evesham,evesham,england
UK,England,Exeter,exeter,england
UK,England,Farnborough,farnborough,england
UK,England,Gerrards Cross,gerrards cross,england
UK,England,Gosport,gosport,england
UK,England,Guildford,guildford,england
UK,England,"Hackney, London","hackney, london",england
UK,England,Hadley Wood,hadley wood,england
UK,England,Harrow,harrow,england
UK,England,Hayling Island,hayling island,england
UK,England,Headley Down,headley down,england
UK,England,Henley-On-Thames,henley-on-thames,england
UK,England,Hertford,hertford,england
UK,England,High Peak,high peak,england
UK,England,High Wycombe,high wycombe,england
UK,England,Hitchin,hitchin,england
UK,England,Hoddesdon,hoddesdon,england
UK,England,Holmfirth,holmfirth,england
UK,England,Hove,hove,england
UK,England,Hull,hull,england
UK,England,Huntingdon,huntingdon,england
UK,England,Ilford,ilford,england
UK,England,Ipswich,ipswich,england
UK,England,Kenilworth,kenilworth,england
UK,England,Kingston Upon Thames,kingston upon thames,england
UK,England,Knebworth,knebworth,england
UK,England,"Lakes Cp, South Lakeland","lakes cp, south lakeland",england
UK,England,Lancaster,lancaster,england
UK,England,Leamington Spa,leamington spa,england
UK,England,Leatherhead,leatherhead,england
UK,England,Leeds,leeds,england
UK,England,Leicester,leicester,england
UK,England,Lincoln,lincoln,england
UK,England,Littlehampton,littlehampton,england
UK,England,Liverpool,liverpool,england
UK,England,London,london,england
UK,England,Looe,looe,england
UK,England,Lostwithiel,lostwithiel,england
UK,England,Lower Dean,lower dean,england
UK,England,Lytham St. Annes,lytham st. annes,england
UK,England,Macclesfield,macclesfield,england
UK,England,Maidenhead,maidenhead,england
UK,England,Manchester,manchester,england
UK,England,Marlborough,marlborough,england
UK,England,Melksham,melksham,england
UK,England,Melton Mowbray,melton mowbray,england
UK,England,"Middleton-On-Sea, Arun","middleton-on-sea, arun",england
UK,England,Milcombe,milcombe,england
UK,England,Moore,moore,england
UK,England,Morecambe,morecambe,england
UK,England,Mursley,mursley,england
UK,England,New Malden,new malden,england
UK,England,Newcastle Upon Tyne,newcastle upon tyne,england
UK,England,"Newham, London","newham, london",england
UK,England,Newport,newport,england
UK,England,North Shields,north shields,england
UK,England,Northwood,northwood,england
UK,England,Norwich,norwich,england
UK,England,Nottingham,nottingham,england
UK,England,Oakham,oakham,england
UK,England,"Offton, Ipswich","offton, ipswich",england
UK,England,Orpington,orpington,england
UK,England,Oxford,oxford,england
UK,England,Peterlee,peterlee,england
UK,England,Plymouth,plymouth,england
UK,England,Poole,poole,england
UK,England,Portsmouth,portsmouth,england
UK,England,Preston,preston,england
UK,England,Pudsey,pudsey,england
UK,England,Radcliffe,radcliffe,england
UK,England,Reading,reading,england
UK,England,Redhill,redhill,england
UK,England,Richmond,richmond,england
UK,England,Rickmansworth,rickmansworth,england
UK,England,Rotherham,rotherham,england
UK,England,Runcorn,runcorn,england
UK,England,Salford,salford,england
UK,England,Sevenoaks,sevenoaks,england
UK,England,Sheffield,sheffield,england
UK,England,Shepshed,shepshed,england
UK,England,Shrewsbury,shrewsbury,england
UK,England,Sidcup,sidcup,england
UK,England,Slough,slough,england
UK,England,South Croydon,south croydon,england
UK,England,South Shields,south shields,england
UK,England,Southampton,southampton,england
UK,England,"Southwark, London","southwark, london",england
UK,England,Spalding,spalding,england
UK,England,St Albans,st albans,england
UK,England,Stockport,stockport,england
UK,England,Stowmarket,stowmarket,england
UK,England,Stroud,stroud,england
UK,England,Surrey,surrey,england
UK,England,Swindon,swindon,england
UK,England,Taunton,taunton,england
UK,England,Tewkesbury,tewkesbury,england
UK,England,Tunbridge Wells,tunbridge wells,england
UK,England,Ulverston,ulverston,england
UK,England,Umberleigh,umberleigh,england
UK,England,Wallingford,wallingford,england
UK,England,Walsall,walsall,england
UK,England,Warley,warley,england
UK,England,Warrington,warrington,england
UK,England,Watford,watford,england
UK,England,Welling,welling,england
UK,England,Wellingborough,wellingborough,england
UK,England,"West Horsley, Leatherhead","west horsley, leatherhead",england
UK,England,Weybridge,weybridge,england
UK,England,Weymouth,weymouth,england
UK,England,Whalley,whalley,england
UK,England,Whitley Bay,whitley bay,england
UK,England,Wigan,wigan,england
UK,England,Wirral,wirral,england
UK,England,Witney,witney,england
UK,England,Wolverhampton,wolverhampton,england
UK,England,Worcester Park,worcester park,england
UK,England,Wotton-Under-Edge,wotton-under-edge,england
UK,England,York,york,england
UK,Northern Ireland,Belfast,belfast,northern ireland
UK,Northern Ireland,Craigavon,craigavon,northern ireland
UK,Northern Ireland,Dromara,dromara,northern ireland
UK,Northern Ireland,Londonderry,londonderry,northern ireland
UK,Northern Ireland,Newry,newry,northern ireland
UK,Scotland,Aberdeen,aberdeen,scotland
UK,Scotland,Aboyne,aboyne,scotland
UK,Scotland,Balerno,balerno,scotland
UK,Scotland,Banchory,banchory,scotland
UK,Scotland,Barrhead,barrhead,scotland
UK,Scotland,Bridge Of Weir,bridge of weir,scotland
UK,Scotland,Buckie,buckie,scotland
UK,Scotland,Dalry,dalry,scotland
UK,Scotland,Dumbarton,dumbarton,scotland
UK,Scotland,Dunfermline,dunfermline,scotland
UK,Scotland,Dunoon,dunoon,scotland
UK,Scotland,Edinburgh,edinburgh,scotland
UK,Scotland,Elgin,elgin,scotland
UK,Scotland,Glasgow,glasgow,scotland
UK,Scotland,Inverkeithing,inverkeithing,scotland
UK,Scotland,Isle Of Skye,isle of skye,scotland
UK,Scotland,Lybster,lybster,scotland
UK,Wales,Aberdare,aberdare,wales
UK,Wales,Cardiff,cardiff,wales
UK,Wales,Clarbeston Road,clarbeston road,wales
UK,Wales,Cwm Y Glo,cwm y glo,wales
UK,Wales,Cwmbran,cwmbran,wales
UK,Wales,Llanidloes,llanidloes,wales
UK,Wales,Merthyr Tydfil,merthyr tydfil,wales
UK,Wales,Port Talbot,port talbot,wales
UK,Wales,Porthcawl,porthcawl,wales
UK,Wales,"St. Fagans, Cardiff","st. fagans, cardiff",wales
UK,Wales,Swansea,swansea,wales
UK,Wales,Treharris,treharris,wales
CA,Alberta,Banff,banff,alberta
CA,Alberta,Bow Island,bow island,alberta
CA,Alberta,Bragg Creek,bragg creek,alberta
CA,Alberta,Calgary,calgary,alberta
CA,Alberta,Chestermere,chestermere,alberta
CA,Alberta,Cochrane,cochrane,alberta
CA,Alberta,Cold Lake,cold lake,alberta
CA,Alberta,Edmonton,edmonton,alberta
CA,Alberta,Fort Mcmurray,fort mcmurray,alberta
CA,Alberta,Fort Saskatchewan,fort saskatchewan,alberta
CA,Alberta,Grovedale,grovedale,alberta
CA,Alberta,Lacombe,lacombe,alberta
CA,Alberta,Langdon,langdon,alberta
CA,Alberta,Lethbridge,lethbridge,alberta
CA,Alberta,Lloydminster,lloydminster,alberta
CA,Alberta,Millet,millet,alberta
CA,Alberta,Red Deer,red deer,alberta
CA,Alberta,Sherwood Park,sherwood park,alberta
CA,Alberta,Spruce Grove,spruce grove,alberta
CA,Alberta,St Albert,st albert,alberta
CA,Alberta,St. Albert,st. albert,alberta
CA,Alberta,St.Paul,st.paul,alberta
CA,Alberta,Wainwright,wainwright,alberta
CA,Alberta,West Baptiste,west baptiste,alberta
CA,British Columbia,Abbotsford,abbotsford,british columbia
CA,British Columbia,Burnaby,burnaby,british columbia
CA,British Columbia,Chetwynd,chetwynd,british columbia
CA,British Columbia,Chilliwack,chilliwack,british columbia
CA,British Columbia,Comox,comox,british columbia
CA,British Columbia,Coquitlam,coquitlam,british columbia
CA,British Columbia,Courtenay,courtenay,british columbia
CA,British Columbia,Cumberland,cumberland,british columbia
CA,British Columbia,Delta,delta,british columbia
CA,British Columbia,Garibaldi Highlands,garibaldi highlands,british columbia
CA,British Columbia,"Garibaldi Highlands, Squamish","garibaldi highlands, squamish",british columbia
CA,British Columbia,Gibsons,gibsons,british columbia
CA,British Columbia,Harrison Hot Springs,harrison hot springs,british columbia
CA,British Columbia,Kamloops,kamloops,british columbia
CA,British Columbia,Kelowna,kelowna,british columbia
CA,British Columbia,Langford,langford,british columbia
CA,British Columbia,Langley,langley,british columbia
CA,British Columbia,Lindell Beach,lindell beach,british columbia
CA,British Columbia,Lions Bay,lions bay,british columbia
CA,British Columbia,Maple Ridge,maple ridge,british columbia
CA,British Columbia,Mission,mission,british columbia
CA,British Columbia,Nanaimo,nanaimo,british columbia
CA,British Columbia,Nelson,nelson,british columbia
CA,British Columbia,New Westminster,new westminster,british columbia
CA,British Columbia,North Vancouver,north vancouver,british columbia
CA,British Columbia,Penticton,penticton,british columbia
CA,British Columbia,Port Alberni,port alberni,british columbia
CA,British Columbia,Port Coquitlam,port coquitlam,british columbia
CA,British Columbia,Port Moody,port moody,british columbia
CA,British Columbia,Prince George,prince george,british columbia
CA,British Columbia,Richmond,richmond,british columbia
CA,British Columbia,Saanichton,saanichton,british columbia
CA,British Columbia,Sechelt,sechelt,british columbia
CA,British Columbia,Shawnigan Lake,shawnigan lake,british columbia
CA,British Columbia,Sidney,sidney,british columbia
CA,British Columbia,Squamish,squamish,british columbia
CA,British Columbia,Summerland,summerland,british columbia
CA,British Columbia,Sun Peaks,sun peaks,british columbia
CA,British Columbia,Surrey,surrey,british columbia
CA,British Columbia,Thornhill,thornhill,british columbia
CA,British Columbia,Tobiano,tobiano,british columbia
CA,British Columbia,Tofino,tofino,british columbia
CA,British Columbia,Vancouver,vancouver,british columbia
CA,British Columbia,Vernon,vernon,british columbia
CA,British Columbia,Victoria,victoria,british columbia
CA,British Columbia,West Vancouver,west vancouver,british columbia
CA,British Columbia,Whistler,whistler,british columbia
CA,British Columbia,White Rock,white rock,british columbia
CA,British Columbia,Wynndel,wynndel,british columbia
CA,Manitoba,Headingley,headingley,manitoba
CA,Manitoba,Oak Bluff,oak bluff,manitoba
CA,Manitoba,St Andrews,st andrews,manitoba
CA,Manitoba,Winnipeg,winnipeg,manitoba
CA,New Brunswick,Dalhousie,dalhousie,new brunswick
CA,New Brunswick,Dieppe,dieppe,new brunswick
CA,New Brunswick,Fredericton,fredericton,new brunswick
CA,New Brunswick,Greenfield,greenfield,new brunswick
CA,New Brunswick,Moncton,moncton,new brunswick
CA,New Brunswick,Saint-Antoine Sud,saint-antoine sud,new brunswick
CA,Newfoundland and Labrador,Grand Falls Windsor,grand falls windsor,newfoundland and labrador
CA,Newfoundland and Labrador,Paradise,paradise,newfoundland and labrador
CA,Newfoundland and Labrador,St. John'S,st. john's,newfoundland and labrador
CA,Nova Scotia,Aylesford,aylesford,nova scotia
CA,Nova Scotia,Bible Hill,bible hill,nova scotia
CA,Nova Scotia,Dartmouth,dartmouth,nova scotia
CA,Nova Scotia,Halifax,halifax,nova scotia
CA,Nova Scotia,Hammonds Plains,hammonds plains,nova scotia
CA,Nova Scotia,Kentville,kentville,nova scotia
CA,Nova Scotia,Lower Sackville,lower sackville,nova scotia
CA,Nova Scotia,Mackay Siding,mackay siding,nova scotia
CA,Nova Scotia,Port Williams,port williams,nova scotia
CA,Nova Scotia,Upper Tantallon,upper tantallon,nova scotia
CA,Nova Scotia,Waverley,waverley,nova scotia
CA,Ontario,Alexandria,alexandria,ontario
CA,Ontario,Ancaster,ancaster,ontario
CA,Ontario,Barrie,barrie,ontario
CA,Ontario,Belle River,belle river,ontario
CA,Ontario,Belleville,belleville,ontario
CA,Ontario,Bolton,bolton,ontario
CA,Ontario,Bowmanville,bowmanville,ontario
CA,Ontario,Bradford,bradford,ontario
CA,Ontario,Brampton,brampton,ontario
CA,Ontario,Brantford,brantford,ontario
CA,Ontario,Brechin,brechin,ontario
CA,Ontario,Burlington,burlington,ontario
CA,Ontario,Caledon,caledon,ontario
CA,Ontario,Cambridge,cambridge,ontario
CA,Ontario,Carlisle,carlisle,ontario
CA,Ontario,Carrying Place,carrying place,ontario
CA,Ontario,Cobourg,cobourg,ontario
CA,Ontario,Crystal Beach,crystal beach,ontario
CA,Ontario,Deep River,deep river,ontario
CA,Ontario,Delaware,delaware,ontario
CA,Ontario,Drumbo,drumbo,ontario
CA,Ontario,Dundas,dundas,ontario
CA,Ontario,Dwight,dwight,ontario
CA,Ontario,East York,east york,ontario
CA,Ontario,Elmvale,elmvale,ontario
CA,Ontario,Embrun,embrun,ontario
CA,Ontario,Essex,essex,ontario
CA,Ontario,Etobicoke,etobicoke,ontario
CA,Ontario,Fergus,fergus,ontario
CA,Ontario,Forest,forest,ontario
CA,Ontario,Frankford,frankford,ontario
CA,Ontario,Georgetown,georgetown,ontario
CA,Ontario,Gloucester,gloucester,ontario
CA,Ontario,Golden Lake,golden lake,ontario
CA,Ontario,Gravenhurst,gravenhurst,ontario
CA,Ontario,Greely,greely,ontario
CA,Ontario,Grimsby,grimsby,ontario
CA,Ontario,Guelph,guelph,ontario
CA,Ontario,Hamilton,hamilton,ontario
CA,Ontario,Kanata,kanata,ontario
CA,Ontario,Kincardine,kincardine,ontario
CA,Ontario,King City,king city,ontario
CA,Ontario,Kingston,kingston,ontario
CA,Ontario,Kitchener,kitchener,ontario
CA,Ontario,Kleinburg,kleinburg,ontario
CA,Ontario,Lanark,lanark,ontario
CA,Ontario,Lasalle,lasalle,ontario
CA,Ontario,Listowel,listowel,ontario
CA,Ontario,London,london,ontario
CA,Ontario,Maple,maple,ontario
CA,Ontario,Markham,markham,ontario
CA,Ontario,Meaford,meaford,ontario
CA,Ontario,Metcalfe,metcalfe,ontario
CA,Ontario,Milton,milton,ontario
CA,Ontario,Minesing,minesing,ontario
CA,Ontario,Mississauga,mississauga,ontario
CA,Ontario,Nepean,nepean,ontario
CA,Ontario,Newcastle,newcastle,ontario
CA,Ontario,Newmarket,newmarket,ontario
CA,Ontario,Niagara Falls,niagara falls,ontario
CA,Ontario,North York,north york,ontario
CA,Ontario,Oakville,oakville,ontario
CA,Ontario,Orillia,orillia,ontario
CA,Ontario,Orleans,orleans,ontario
CA,Ontario,Oshawa,oshawa,ontario
CA,Ontario,Ottawa,ottawa,ontario
CA,Ontario,Owen Sound,owen sound,ontario
CA,Ontario,Paris,paris,ontario
CA,Ontario,Perth,perth,ontario
CA,Ontario,Petawawa,petawawa,ontario
CA,Ontario,Peterborough,peterborough,ontario
CA,Ontario,Petrolia,petrolia,ontario
CA,Ontario,Plantagenet,plantagenet,ontario
CA,Ontario,Port Carling,port carling,ontario
CA,Ontario,Port Elgin,port elgin,ontario
CA,Ontario,Port Rowan,port rowan,ontario
CA,Ontario,Ravenna,ravenna,ontario
CA,Ontario,Richmond Hill,richmond hill,ontario
CA,Ontario,Rockland,rockland,ontario
CA,Ontario,Sarnia,sarnia,ontario
CA,Ontario,Sault Ste. Marie,sault ste. marie,ontario
CA,Ontario,Scarborough,scarborough,ontario
CA,Ontario,Sharbot Lake,sharbot lake,ontario
CA,Ontario,Smithville,smithville,ontario
CA,Ontario,Southwold,southwold,ontario
CA,Ontario,St Catharines,st catharines,ontario
CA,Ontario,Stevensville,stevensville,ontario
CA,Ontario,Stoney Creek,stoney creek,ontario
CA,Ontario,Stouffville,stouffville,ontario
CA,Ontario,Stratford,stratford,ontario
CA,Ontario,Sutton West,sutton west,ontario
CA,Ontario,Thornbury,thornbury,ontario
CA,Ontario,Thornhill,thornhill,ontario
CA,Ontario,Thornton,thornton,ontario
CA,Ontario,Thorold,thorold,ontario
CA,Ontario,Thunder Bay,thunder bay,ontario
CA,Ontario,Tiny,tiny,ontario
CA,Ontario,Toronto,toronto,ontario
CA,Ontario,Uxbridge,uxbridge,ontario
CA,Ontario,Vaughan,vaughan,ontario
CA,Ontario,Wahnapitae,wahnapitae,ontario
CA,Ontario,Wasaga Beach,wasaga beach,ontario
CA,Ontario,Waterford,waterford,ontario
CA,Ontario,Waterloo,waterloo,ontario
CA,Ontario,Welland,welland,ontario
CA,Ontario,Whitby,whitby,ontario
CA,Ontario,Whitchurch-Stouffville,whitchurch-stouffville,ontario
CA,Ontario,Windsor,windsor,ontario
CA,Ontario,Woodbridge,woodbridge,ontario
CA,Ontario,Woodstock,woodstock,ontario
CA,Ontario,Wyoming,wyoming,ontario
CA,Ontario,York,york,ontario
CA,Quebec,Amos,amos,quebec
CA,Quebec,Beaconsfield,beaconsfield,quebec
CA,Quebec,Blainville,blainville,quebec
CA,Quebec,Boucherville,boucherville,quebec
CA,Quebec,Brossard,brossard,quebec
CA,Quebec,Candiac,candiac,quebec
CA,Quebec,Chateauguay,chateauguay,quebec
CA,Quebec,Cote Saint-Luc,cote saint-luc,quebec
CA,Quebec,Cote-Saint-Luc,cote-saint-luc,quebec
CA,Quebec,Cowansville,cowansville,quebec
CA,Quebec,Dollard-Des-Ormeaux,dollard-des-ormeaux,quebec
CA,Quebec,Dorval,dorval,quebec
CA,Quebec,Gatineau,gatineau,quebec
CA,Quebec,Granby,granby,quebec
CA,Quebec,Greenfield Park,greenfield park,quebec
CA,Quebec,Howick,howick,quebec
CA,Quebec,Hudson,hudson,quebec
CA,Quebec,Jonquiere,jonquiere,quebec
CA,Quebec,Kahnawake,kahnawake,quebec
CA,Quebec,Kanesatake,kanesatake,quebec
CA,Quebec,Knowlton,knowlton,quebec
CA,Quebec,Lachine,lachine,quebec
CA,Quebec,Lasalle,lasalle,quebec
CA,Quebec,Laval,laval,quebec
CA,Quebec,Lery,lery,quebec
CA,Quebec,Levis,levis,quebec
CA,Quebec,Longueuil,longueuil,quebec
CA,Quebec,Mandeville,mandeville,quebec
CA,Quebec,Matane,matane,quebec
CA,Quebec,Mirabel,mirabel,quebec
CA,Quebec,Mont-Royal,mont-royal,quebec
CA,Quebec,Montreal,montreal,quebec
CA,Quebec,Montreal-Nord,montreal-nord,quebec
CA,Quebec,Montréal,montréal,quebec
CA,Quebec,Outremont,outremont,quebec
CA,Quebec,Prevost,prevost,quebec
CA,Quebec,Quebec,quebec,quebec
CA,Quebec,Rimouski,rimouski,quebec
CA,Quebec,Saint-Bruno,saint-bruno,quebec
CA,Quebec,Saint-Calixte,saint-calixte,quebec
CA,Quebec,Saint-Constant,saint-constant,quebec
CA,Quebec,Saint-Esprit,saint-esprit,quebec
CA,Quebec,Saint-Gabriel-De-Valcartier,saint-gabriel-de-valcartier,quebec
CA,Quebec,Saint-Hubert,saint-hubert,quebec
CA,Quebec,Saint-Jean-Sur-Richelieu,saint-jean-sur-richelieu,quebec
CA,Quebec,Saint-Joseph-Du-Lac,saint-joseph-du-lac,quebec
CA,Quebec,Saint-Lambert,saint-lambert,quebec
CA,Quebec,Saint-Laurent,saint-laurent,quebec
CA,Quebec,Saint-Leonard,saint-leonard,quebec
CA,Quebec,Saint-Simon-De-Rimouski,saint-simon-de-rimouski,quebec
CA,Quebec,Saint-Zotique,saint-zotique,quebec
CA,Quebec,Sainte Catherine,sainte catherine,quebec
CA,Quebec,Sainte-Agathe-Des-Monts,sainte-agathe-des-monts,quebec
CA,Quebec,Sainte-Genevieve,sainte-genevieve,quebec
CA,Quebec,Salaberry-De-Valleyfield,salaberry-de-valleyfield,quebec
CA,Quebec,Sherbrooke,sherbrooke,quebec
CA,Quebec,St-Amable,st-amable,quebec
CA,Quebec,St-Eustache,st-eustache,quebec
CA,Quebec,St-Ignace De Stanbridge,st-ignace de stanbridge,quebec
CA,Quebec,St-Jean-Sur-Richelieu,st-jean-sur-richelieu,quebec
CA,Quebec,Stoneham-Et-Tewkesbury,stoneham-et-tewkesbury,quebec
CA,Quebec,Sutton,sutton,quebec
CA,Quebec,Vaudreuil-Dorion,vaudreuil-dorion,quebec
CA,Quebec,Verdun,verdun,quebec
CA,Quebec,Westmount,westmount,quebec
CA,Saskatchewan,Regina,regina,saskatchewan
CA,Saskatchewan,Saskatoon,saskatoon,saskatchewan
CA,Saskatchewan,Yellow Grass,yellow grass,saskatchewan
