Date,Region,City,State,Lat,Lon,Revenue,Units,Weather_Action
2026-09-16,US,New York,New York,40.714,-74.006,1226.81,79,
2026-09-16,US,Brooklyn,New York,40.65,-73.95,613.91,38,
2026-09-16,US,Chicago,Illinois,41.85,-87.65,461.33,27,
2026-09-16,US,Houston,Texas,29.763,-95.363,434.7,6,
2026-09-16,US,Miami,Florida,25.774,-80.194,424.73,4,
2026-09-16,US,San Francisco,California,37.775,-122.419,391.36,8,
2026-09-16,US,Los Angeles,California,34.052,-118.244,379.89,16,
2026-09-16,US,Washington,District of Columbia,38.895,-77.036,276.33,3,
2026-09-16,US,Austin,Texas,30.267,-97.743,243.0,2,
2026-09-16,US,Seattle,Washington,47.606,-122.332,241.68,3,
2026-09-16,US,Dallas,Texas,32.783,-96.807,235.66,1,
2026-09-16,US,San Diego,California,32.716,-117.165,193.98,1,
2026-09-16,US,Atlanta,Georgia,33.749,-84.388,188.76,0,
2026-09-16,US,Philadelphia,Pennsylvania,39.952,-75.164,171.35,1,
2026-09-16,US,Charlotte,North Carolina,35.227,-80.843,165.72,0,
2026-09-16,US,Portland,Oregon,45.523,-122.676,160.43,0,
2026-09-16,US,Boston,Massachusetts,42.358,-71.06,155.85,0,
2026-09-16,US,San Jose,California,37.339,-121.895,153.76,1,
2026-09-16,US,Orlando,Florida,28.538,-81.379,153.14,0,
2026-09-16,US,Reading,Massachusetts,42.526,-71.095,149.11,4,
2026-09-16,US,Alexandria,Virginia,38.805,-77.047,133.01,0,
2026-09-16,US,Honolulu,Hawaii,21.307,-157.858,131.0,0,
2026-09-16,US,San Antonio,Texas,29.424,-98.494,120.2,0,
2026-09-16,US,Naples,Florida,26.142,-81.796,119.62,0,
2026-09-16,US,Cincinnati,Ohio,39.127,-84.514,116.56,0,
2026-09-16,US,Nashville,Tennessee,36.166,-86.784,111.26,0,
2026-09-16,US,Tampa,Florida,27.948,-82.458,109.19,0,
2026-09-16,US,Pittsburgh,Pennsylvania,40.441,-79.996,106.52,0,
2026-09-16,US,Raleigh,North Carolina,35.772,-78.639,105.45,0,
2026-09-16,US,Oakland,California,37.804,-122.271,104.88,0,
2026-09-16,US,Fort Worth,Texas,32.725,-97.321,98.11,0,
2026-09-16,US,Columbus,Ohio,39.961,-82.999,97.28,0,
2026-09-16,US,Arlington,Virginia,38.881,-77.104,95.37,0,
2026-09-16,US,Las Vegas,Nevada,36.175,-115.137,94.45,0,
2026-09-16,US,Boca Raton,Florida,26.359,-80.083,94.09,0,
2026-09-16,US,Jersey City,New Jersey,40.728,-74.078,92.01,0,
2026-09-16,US,Marietta,Georgia,33.953,-84.55,88.23,0,
2026-09-16,US,Denver,Colorado,39.739,-104.985,88.15,0,
2026-09-16,US,Louisville,Kentucky,38.254,-85.759,82.33,0,
2026-09-16,US,Minneapolis,Minnesota,44.98,-93.264,81.87,0,
2026-09-16,US,Saint Louis,Missouri,38.652,-90.205,79.03,0,
2026-09-16,US,Staten Island,New York,40.562,-74.14,77.92,0,
2026-09-16,US,Indianapolis,Indiana,39.768,-86.158,75.6,0,
2026-09-16,US,Virginia Beach,Virginia,36.853,-75.978,75.02,0,
2026-09-16,US,Richmond,Virginia,37.554,-77.46,73.83,0,
2026-09-16,US,Phoenix,Arizona,33.448,-112.074,72.02,0,
2026-09-16,US,Bronx,New York,40.85,-73.866,71.15,0,
2026-09-16,US,Tulsa,Oklahoma,36.154,-95.993,70.66,0,
2026-09-16,US,Greenwich,Connecticut,41.026,-73.628,66.12,0,
2026-09-16,US,Baton Rouge,Louisiana,30.443,-91.187,65.46,0,
2026-09-16,US,Knoxville,Tennessee,35.961,-83.921,64.79,0,
2026-09-16,US,Tucson,Arizona,32.222,-110.926,63.13,0,
2026-09-16,US,Bethesda,Maryland,38.981,-77.1,60.89,0,
2026-09-16,US,Edmond,Oklahoma,35.653,-97.478,59.66,0,
2026-09-16,US,Scottsdale,Arizona,33.509,-111.899,58.66,0,
2026-09-16,US,Baltimore,Maryland,39.29,-76.612,58.31,0,
2026-09-16,US,Birmingham,Alabama,33.521,-86.802,58.31,0,
2026-09-16,US,Lexington,Kentucky,37.989,-84.478,56.78,0,
2026-09-16,US,Greenville,South Carolina,34.853,-82.394,56.33,0,
2026-09-16,US,Cambridge,Massachusetts,42.375,-71.106,55.949999999999996,0,
2026-09-16,US,New Orleans,Louisiana,29.955,-90.075,50.6,0,
2026-09-16,US,Charleston,South Carolina,32.776,-79.933,50.39,0,
2026-09-16,US,Memphis,Tennessee,35.15,-90.049,50.27,0,
2026-09-16,US,Savannah,Georgia,32.084,-81.1,50.22,0,
2026-09-16,US,Wilmington,North Carolina,34.236,-77.946,49.26,0,
2026-09-16,US,Albuquerque,New Mexico,35.084,-106.651,48.88,0,
2026-09-16,US,Naperville,Illinois,41.786,-88.147,47.49,0,
2026-09-16,US,Hoboken,New Jersey,40.744,-74.032,47.47,0,
2026-09-16,US,Grand Rapids,Michigan,42.963,-85.668,47.33,0,
2026-09-16,US,Franklin,Tennessee,35.925,-86.869,47.28,0,
2026-09-16,US,Huntsville,Alabama,34.73,-86.586,46.66,0,
2026-09-16,US,Kansas City,Missouri,39.1,-94.579,46.23,0,
2026-09-16,US,Fairfax,Virginia,38.846,-77.306,46.07,0,
2026-09-16,US,Colorado Springs,Colorado,38.834,-104.821,45.57,0,
2026-09-16,US,Shreveport,Louisiana,32.525,-93.75,45.54,0,
2026-09-16,US,Wilmington,Delaware,39.746,-75.547,43.49,0,
2026-09-16,US,Ann Arbor,Michigan,42.278,-83.741,43.19,0,
2026-09-16,US,Astoria,New York,40.772,-73.93,42.85,0,
2026-09-16,US,Vancouver,Washington,45.639,-122.661,42.64,0,
2026-09-16,US,Carmel,Indiana,39.978,-86.118,42.61,0,
2026-09-16,US,Bellevue,Washington,47.61,-122.201,42.56,0,
2026-09-16,US,Alpharetta,Georgia,34.075,-84.294,41.5,0,
2026-09-16,US,Saint Paul,Minnesota,44.944,-93.093,41.32,0,
2026-09-16,US,Milwaukee,Wisconsin,43.039,-87.906,40.86,0,
2026-09-16,US,Little Rock,Arkansas,34.746,-92.29,40.160000000000004,0,
2026-09-16,US,Myrtle Beach,South Carolina,33.689,-78.887,38.62,0,
2026-09-16,US,Lafayette,Louisiana,30.224,-92.02,38.31,0,
2026-09-16,US,Dayton,Ohio,39.759,-84.192,37.1,0,
2026-09-16,US,Chapel Hill,North Carolina,35.913,-79.056,36.75,0,
2026-09-16,US,Wichita,Kansas,37.692,-97.338,36.51,0,
2026-09-16,US,Omaha,Nebraska,41.256,-95.94,36.480000000000004,0,
2026-09-16,US,Columbia,South Carolina,34.001,-81.035,36.12,0,
2026-09-16,US,Oklahoma City,Oklahoma,35.468,-97.516,35.99,0,
2026-09-16,US,Tacoma,Washington,47.253,-122.444,35.1,0,
2026-09-16,US,Durham,North Carolina,35.994,-78.899,35.0,0,
2026-09-16,US,Henderson,Nevada,36.04,-114.982,34.68,0,
2026-09-16,US,Silver Spring,Maryland,38.991,-77.026,34.67,0,
2026-09-16,US,Overland Park,Kansas,38.982,-94.671,34.0,0,
2026-09-16,US,Mount Pleasant,South Carolina,32.794,-79.863,33.12,0,
2026-09-16,US,Madison,Wisconsin,43.073,-89.401,32.34,0,
2026-09-16,US,Rockville,Maryland,39.084,-77.153,32.3,0,
2026-09-16,US,Fort Wayne,Indiana,41.131,-85.129,32.01,0,
2026-09-16,US,Morristown,New Jersey,40.797,-74.482,31.84,0,
2026-09-16,US,Decatur,Georgia,33.775,-84.296,31.32,0,
2026-09-16,US,Reno,Nevada,39.53,-119.814,31.06,0,
2026-09-16,US,Annapolis,Maryland,38.979,-76.492,30.36,0,
2026-09-16,US,Westfield,New Jersey,40.659,-74.347,29.17,0,
2026-09-16,US,Chattanooga,Tennessee,35.046,-85.31,28.830000000000002,0,
2026-09-16,US,Somerville,Massachusetts,42.388,-71.1,28.66,0,
2026-09-16,US,Bloomfield Hills,Michigan,42.584,-83.245,28.39,0,
2026-09-16,US,Lake Oswego,Oregon,45.421,-122.671,28.28,0,
2026-09-16,US,Lancaster,Pennsylvania,40.038,-76.306,28.28,0,
2026-09-16,US,Evanston,Illinois,42.041,-87.69,27.8,0,
2026-09-16,US,West Chester,Pennsylvania,39.961,-75.608,27.46,0,
2026-09-16,US,Salt Lake City,Utah,40.761,-111.891,26.53,0,
2026-09-16,US,New Canaan,Connecticut,41.147,-73.495,26.18,0,
2026-09-16,US,Boise,Idaho,43.614,-116.203,26.06,0,
2026-09-16,US,Ewa Beach,Hawaii,21.316,-158.007,25.9,0,
2026-09-16,US,Wilmette,Illinois,42.072,-87.723,25.72,0,
2026-09-16,US,Littleton,Colorado,39.613,-105.017,25.59,0,
2026-09-16,US,Dublin,Ohio,40.099,-83.114,25.57,0,
2026-09-16,US,Stamford,Connecticut,41.053,-73.539,25.49,0,
2026-09-16,US,Doylestown,Pennsylvania,40.31,-75.13,25.43,0,
2026-09-16,US,Mobile,Alabama,30.694,-88.043,25.37,0,
2026-09-16,US,Fairfield,Connecticut,41.141,-73.264,24.39,0,
2026-09-16,US,Chesterfield,Missouri,38.663,-90.577,24.14,0,
2026-09-16,US,Princeton,New Jersey,40.349,-74.659,23.72,0,
2026-09-16,US,Cleveland,Ohio,41.5,-81.695,23.52,0,
2026-09-16,US,Metairie,Louisiana,29.984,-90.153,23.45,0,
2026-09-16,US,Providence,Rhode Island,41.824,-71.413,23.18,0,
2026-09-16,US,Bloomington,Indiana,39.165,-86.526,23.04,0,
2026-09-16,US,Downers Grove,Illinois,41.809,-88.011,22.69,0,
2026-09-16,US,Bentonville,Arkansas,36.373,-94.209,21.91,0,
2026-09-16,US,Fort Collins,Colorado,40.585,-105.084,21.86,0,
2026-09-16,US,Mesa,Arizona,33.422,-111.823,21.65,0,
2026-09-16,US,Norwalk,Connecticut,41.118,-73.408,21.35,0,
2026-09-16,US,Aurora,Colorado,39.729,-104.832,21.05,0,
2026-09-16,US,Gilbert,Arizona,33.353,-111.789,21.05,0,
2026-09-16,US,Eugene,Oregon,44.052,-123.087,20.2,0,
2026-09-16,US,Plymouth,Minnesota,45.011,-93.456,19.080000000000002,0,
2026-09-16,US,Beaverton,Oregon,45.487,-122.804,19.01,0,
2026-09-16,US,Madison,Alabama,34.699,-86.748,18.36,0,
2026-09-16,US,Olathe,Kansas,38.881,-94.819,18.17,0,
2026-09-16,US,Kailua,Hawaii,21.402,-157.741,18.15,0,
2026-09-16,US,Norman,Oklahoma,35.223,-97.439,17.86,0,
2026-09-16,US,Springfield,Missouri,37.215,-93.298,17.75,0,
2026-09-16,US,Saint Charles,Missouri,38.784,-90.481,17.57,0,
2026-09-16,US,Plymouth,Michigan,42.371,-83.47,17.04,0,
2026-09-16,US,Newark,Delaware,39.684,-75.75,16.86,0,
2026-09-16,US,Kaneohe,Hawaii,21.4,-157.799,16.7,0,
2026-09-16,US,Lincoln,Nebraska,40.8,-96.667,16.54,0,
2026-09-16,US,Salem,Oregon,44.943,-123.035,16.53,0,
2026-09-16,US,Berkley,Massachusetts,41.846,-71.083,16.38,0,
2026-09-16,US,Rogers,Arkansas,36.332,-94.119,16.080000000000002,0,
2026-09-16,US,Morgantown,West Virginia,39.63,-79.956,16.03,0,
2026-09-16,US,Santa Fe,New Mexico,35.687,-105.938,15.88,0,
2026-09-16,US,Cedar Rapids,Iowa,42.008,-91.644,15.57,0,
2026-09-16,US,New Castle,Delaware,39.659,-75.564,15.49,0,
2026-09-16,US,Meridian,Idaho,43.612,-116.392,15.450000000000001,0,
2026-09-16,US,Fairhope,Alabama,30.523,-87.903,15.39,0,
2026-09-16,US,Spokane,Washington,47.657,-117.425,15.18,0,
2026-09-16,US,Fayetteville,Arkansas,36.063,-94.157,14.790000000000001,0,
2026-09-16,US,Jonesboro,Arkansas,35.842,-90.704,14.78,0,
2026-09-16,US,Macomb,Michigan,42.701,-82.959,14.63,0,
2026-09-16,US,Lewes,Delaware,38.775,-75.139,14.42,0,
2026-09-16,US,West Lafayette,Indiana,40.426,-86.908,14.4,0,
2026-09-16,US,South Jordan,Utah,40.562,-111.93,14.3,0,
2026-09-16,US,Portland,Maine,43.657,-70.259,14.27,0,
2026-09-16,US,Mililani,Hawaii,21.45,-158.015,14.01,0,
2026-09-16,US,Broken Arrow,Oklahoma,36.053,-95.791,13.87,0,
2026-09-16,US,Nashua,New Hampshire,42.765,-71.468,13.52,0,
2026-09-16,US,Manchester,New Hampshire,42.996,-71.455,13.25,0,
2026-09-16,US,Paducah,Kentucky,37.083,-88.6,13.040000000000001,0,
2026-09-16,US,Eden Prairie,Minnesota,44.855,-93.471,12.84,0,
2026-09-16,US,Barrington,Rhode Island,41.741,-71.309,12.290000000000001,0,
2026-09-16,US,Anchorage,Alaska,61.218,-149.9,11.95,0,
2026-09-16,US,Kuna,Idaho,43.492,-116.42,11.92,0,
2026-09-16,US,Madison,Mississippi,32.462,-90.115,11.73,0,
2026-09-16,US,Iowa City,Iowa,41.661,-91.53,11.4,0,
2026-09-16,US,Park City,Utah,40.646,-111.498,11.4,0,
2026-09-16,US,Las Cruces,New Mexico,32.312,-106.778,11.24,0,
2026-09-16,US,Lawrence,Kansas,38.972,-95.235,11.02,0,
2026-09-16,US,Bowling Green,Kentucky,36.99,-86.444,10.7,0,
2026-09-16,US,Des Moines,Iowa,41.601,-93.609,10.69,0,
2026-09-16,US,Whitefish Bay,Wisconsin,43.113,-87.9,10.51,0,
2026-09-16,US,Minnetonka,Minnesota,44.913,-93.503,10.46,0,
2026-09-16,US,Waukesha,Wisconsin,43.012,-88.231,10.33,0,
2026-09-16,US,Fargo,North Dakota,46.877,-96.79,10.32,0,
2026-09-16,US,Gulfport,Mississippi,30.367,-89.093,10.26,0,
2026-09-16,US,Leawood,Kansas,38.967,-94.617,10.120000000000001,0,
2026-09-16,US,Billings,Montana,45.783,-108.501,9.94,0,
2026-09-16,US,Appleton,Wisconsin,44.262,-88.415,9.56,0,
2026-09-16,US,Sioux Falls,South Dakota,43.55,-96.7,9.55,0,
2026-09-16,US,Scarborough,Maine,43.578,-70.322,9.48,0,
2026-09-16,US,Sandy,Utah,40.592,-111.884,9.19,0,
2026-09-16,US,Elkhorn,Nebraska,41.345,-96.256,9.17,0,
2026-09-16,US,Hampton,New Hampshire,42.938,-70.839,9.15,0,
2026-09-16,US,Wheeling,West Virginia,40.064,-80.721,9.040000000000001,0,
2026-09-16,US,West Des Moines,Iowa,41.577,-93.711,8.59,0,
2026-09-16,US,Portsmouth,New Hampshire,43.077,-70.758,8.1,0,
2026-09-16,US,Cheyenne,Wyoming,41.14,-104.82,7.88,0,
2026-09-16,US,Huntington,West Virginia,38.419,-82.445,7.81,0,
2026-09-16,US,Bozeman,Montana,45.68,-111.039,7.71,0,
2026-09-16,US,Ames,Iowa,42.035,-93.62,7.54,0,
2026-09-16,US,Middletown,Delaware,39.45,-75.716,7.48,0,
2026-09-16,US,South Burlington,Vermont,44.467,-73.171,7.3500000000000005,0,
2026-09-16,US,Warwick,Rhode Island,41.7,-71.416,7.2700000000000005,0,
2026-09-16,US,Eagle,Idaho,43.695,-116.354,7.1,0,
2026-09-16,US,Charleston,West Virginia,38.35,-81.633,6.61,0,
2026-09-16,US,Southaven,Mississippi,34.989,-90.013,6.55,0,
2026-09-16,US,Cranston,Rhode Island,41.78,-71.437,6.5,0,
2026-09-16,US,Falmouth,Maine,43.73,-70.242,6.49,0,
2026-09-16,US,Sheridan,Wyoming,44.797,-106.956,6.43,0,
2026-09-16,US,Jackson,Mississippi,32.299,-90.185,6.2700000000000005,0,
2026-09-16,US,West Fargo,North Dakota,46.875,-96.9,6.19,0,
2026-09-16,US,Exeter,New Hampshire,42.981,-70.948,5.84,0,
2026-09-16,US,Papillion,Nebraska,41.154,-96.042,5.8100000000000005,0,
2026-09-16,US,East Greenwich,Rhode Island,41.66,-71.456,5.79,0,
2026-09-16,US,Burlington,Vermont,44.476,-73.212,5.69,0,
2026-09-16,US,Kalispell,Montana,48.196,-114.313,5.66,0,
2026-09-16,US,Hattiesburg,Mississippi,31.327,-89.29,5.59,0,
2026-09-16,US,Rock Springs,Wyoming,41.587,-109.203,5.12,0,
2026-09-16,US,Stowe,Vermont,44.465,-72.685,5.11,0,
2026-09-16,US,Los Alamos,New Mexico,35.888,-106.307,5.09,0,
2026-09-16,US,Rapid City,South Dakota,44.081,-103.231,5.04,0,
2026-09-16,US,Bangor,Maine,44.799,-68.773,4.72,0,
2026-09-16,US,Cordova,Alaska,60.543,-145.759,4.66,0,
2026-09-16,US,Great Falls,Montana,47.5,-111.301,4.65,0,
2026-09-16,US,Tijeras,New Mexico,35.081,-106.388,4.54,0,
2026-09-16,US,Missoula,Montana,46.872,-113.994,4.4,0,
2026-09-16,US,Bismarck,North Dakota,46.808,-100.784,4.29,0,
2026-09-16,US,Dickinson,North Dakota,46.879,-102.79,4.09,0,
2026-09-16,US,Hurricane,West Virginia,38.433,-82.02,4.04,0,
2026-09-16,US,Bellevue,Nebraska,41.137,-95.891,3.87,0,
2026-09-16,US,Essex Junction,Vermont,44.491,-73.111,3.77,0,
2026-09-16,US,Eliot,Maine,43.153,-70.8,3.67,0,
2026-09-16,US,Middlesboro,Kentucky,36.608,-83.717,3.56,0,
2026-09-16,US,Carson City,Nevada,39.164,-119.767,3.49,0,
2026-09-16,US,Fairbanks,Alaska,64.838,-147.716,3.44,0,
2026-09-16,US,North Las Vegas,Nevada,36.199,-115.118,3.2600000000000002,0,
2026-09-16,US,Hyde Park,Vermont,44.594,-72.617,3.24,0,
2026-09-16,US,Lennox,South Dakota,43.354,-96.892,2.91,0,
2026-09-16,US,Sitka,Alaska,57.053,-135.331,2.5100000000000002,0,
2026-09-16,US,Cody,Wyoming,44.526,-109.057,2.19,0,
2026-09-16,US,Eagle Mountain,Utah,40.314,-111.985,2.1,0,
2026-09-16,US,Madison,South Dakota,44.006,-97.114,1.8800000000000001,0,
2026-09-16,US,Casper,Wyoming,42.867,-106.313,1.6400000000000001,0,
2026-09-16,US,Coeur D'Alene,Idaho,47.678,-116.78,1.6300000000000001,0,
2026-09-16,US,Wasilla,Alaska,61.581,-149.442,1.61,0,
2026-09-16,US,Grand Forks,North Dakota,47.925,-97.033,1.44,0,
2026-09-16,US,Aberdeen,South Dakota,45.465,-98.486,1.36,0,
2026-09-17,US,New York,New York,40.714,-74.006,1932.32,97,
2026-09-17,US,Brooklyn,New York,40.65,-73.95,967.59,52,
2026-09-17,US,Chicago,Illinois,41.85,-87.65,726.99,40,
2026-09-17,US,Houston,Texas,29.763,-95.363,684.97,16,
2026-09-17,US,Miami,Florida,25.774,-80.194,669.32,12,
2026-09-17,US,San Francisco,California,37.775,-122.419,616.65,20,
2026-09-17,US,Los Angeles,California,34.052,-118.244,598.71,30,
2026-09-17,US,Washington,District of Columbia,38.895,-77.036,435.41,7,
2026-09-17,US,Austin,Texas,30.267,-97.743,382.93,6,
2026-09-17,US,Seattle,Washington,47.606,-122.332,380.86,6,
2026-09-17,US,Dallas,Texas,32.783,-96.807,371.47,3,
2026-09-17,US,San Diego,California,32.716,-117.165,305.77,3,
2026-09-17,US,Atlanta,Georgia,33.749,-84.388,297.5,3,
2026-09-17,US,Philadelphia,Pennsylvania,39.952,-75.164,269.89,3,
2026-09-17,US,Charlotte,North Carolina,35.227,-80.843,261.13,3,
2026-09-17,US,Portland,Oregon,45.523,-122.676,252.82,3,
2026-09-17,US,Boston,Massachusetts,42.358,-71.06,245.61,2,
2026-09-17,US,San Jose,California,37.339,-121.895,242.35,3,
2026-09-17,US,Orlando,Florida,28.538,-81.379,241.35,1,
2026-09-17,US,Reading,Massachusetts,42.526,-71.095,234.94,14,
2026-09-17,US,Alexandria,Virginia,38.805,-77.047,209.61,2,
2026-09-17,US,Honolulu,Hawaii,21.307,-157.858,206.43,0,
2026-09-17,US,San Antonio,Texas,29.424,-98.494,189.47,1,
2026-09-17,US,Naples,Florida,26.142,-81.796,188.47,0,
2026-09-17,US,Cincinnati,Ohio,39.127,-84.514,183.64000000000001,0,
2026-09-17,US,Nashville,Tennessee,36.166,-86.784,175.28,1,
2026-09-17,US,Tampa,Florida,27.948,-82.458,171.95,0,
2026-09-17,US,Pittsburgh,Pennsylvania,40.441,-79.996,168.03,1,
2026-09-17,US,Raleigh,North Carolina,35.772,-78.639,166.24,0,
2026-09-17,US,Oakland,California,37.804,-122.271,165.37,1,
2026-09-17,US,Fort Worth,Texas,32.725,-97.321,154.68,0,
2026-09-17,US,Columbus,Ohio,39.961,-82.999,153.27,0,
2026-09-17,US,Arlington,Virginia,38.881,-77.104,150.44,0,
2026-09-17,US,Las Vegas,Nevada,36.175,-115.137,148.9,0,
2026-09-17,US,Boca Raton,Florida,26.359,-80.083,148.25,0,
2026-09-17,US,Jersey City,New Jersey,40.728,-74.078,144.91,0,
2026-09-17,US,Marietta,Georgia,33.953,-84.55,139.15,0,
2026-09-17,US,Denver,Colorado,39.739,-104.985,138.92,0,
2026-09-17,US,Louisville,Kentucky,38.254,-85.759,129.71,0,
2026-09-17,US,Minneapolis,Minnesota,44.98,-93.264,129.2,0,
2026-09-17,US,Saint Louis,Missouri,38.652,-90.205,124.51,0,
2026-09-17,US,Staten Island,New York,40.562,-74.14,122.92,0,
2026-09-17,US,Indianapolis,Indiana,39.768,-86.158,119.13,0,
2026-09-17,US,Virginia Beach,Virginia,36.853,-75.978,118.31,0,
2026-09-17,US,Richmond,Virginia,37.554,-77.46,116.37,0,
2026-09-17,US,Phoenix,Arizona,33.448,-112.074,113.65,0,
2026-09-17,US,Bronx,New York,40.85,-73.866,112.16,0,
2026-09-17,US,Tulsa,Oklahoma,36.154,-95.993,111.38,0,
2026-09-17,US,Greenwich,Connecticut,41.026,-73.628,104.23,0,
2026-09-17,US,Baton Rouge,Louisiana,30.443,-91.187,103.11,0,
2026-09-17,US,Knoxville,Tennessee,35.961,-83.921,102.02,0,
2026-09-17,US,Tucson,Arizona,32.222,-110.926,99.49,0,
2026-09-17,US,Bethesda,Maryland,38.981,-77.1,95.97,0,
2026-09-17,US,Edmond,Oklahoma,35.653,-97.478,94.03,0,
2026-09-17,US,Scottsdale,Arizona,33.509,-111.899,92.39,0,
2026-09-17,US,Birmingham,Alabama,33.521,-86.802,91.88,0,
2026-09-17,US,Baltimore,Maryland,39.29,-76.612,91.82000000000001,0,
2026-09-17,US,Lexington,Kentucky,37.989,-84.478,89.46,0,
2026-09-17,US,Greenville,South Carolina,34.853,-82.394,88.72,0,
2026-09-17,US,Cambridge,Massachusetts,42.375,-71.106,88.25,0,
2026-09-17,US,New Orleans,Louisiana,29.955,-90.075,79.74,0,
2026-09-17,US,Charleston,South Carolina,32.776,-79.933,79.5,0,
2026-09-17,US,Memphis,Tennessee,35.15,-90.049,79.22,0,
2026-09-17,US,Savannah,Georgia,32.084,-81.1,79.11,0,
2026-09-17,US,Wilmington,North Carolina,34.236,-77.946,77.62,0,
2026-09-17,US,Albuquerque,New Mexico,35.084,-106.651,76.97,0,
2026-09-17,US,Hoboken,New Jersey,40.744,-74.032,74.9,0,
2026-09-17,US,Naperville,Illinois,41.786,-88.147,74.87,0,
2026-09-17,US,Grand Rapids,Michigan,42.963,-85.668,74.72,0,
2026-09-17,US,Franklin,Tennessee,35.925,-86.869,74.52,0,
2026-09-17,US,Huntsville,Alabama,34.73,-86.586,73.41,0,
2026-09-17,US,Kansas City,Missouri,39.1,-94.579,72.94,0,
2026-09-17,US,Fairfax,Virginia,38.846,-77.306,72.53999999999999,0,
2026-09-17,US,Shreveport,Louisiana,32.525,-93.75,71.83,0,
2026-09-17,US,Colorado Springs,Colorado,38.834,-104.821,71.82,0,
2026-09-17,US,Wilmington,Delaware,39.746,-75.547,68.63,0,
2026-09-17,US,Ann Arbor,Michigan,42.278,-83.741,68.12,0,
2026-09-17,US,Astoria,New York,40.772,-73.93,67.49,0,
2026-09-17,US,Vancouver,Washington,45.639,-122.661,67.31,0,
2026-09-17,US,Bellevue,Washington,47.61,-122.201,67.22,0,
2026-09-17,US,Carmel,Indiana,39.978,-86.118,67.11,0,
2026-09-17,US,Alpharetta,Georgia,34.075,-84.294,65.52,0,
2026-09-17,US,Saint Paul,Minnesota,44.944,-93.093,65.03,0,
2026-09-17,US,Milwaukee,Wisconsin,43.039,-87.906,64.26,0,
2026-09-17,US,Little Rock,Arkansas,34.746,-92.29,63.21,0,
2026-09-17,US,Myrtle Beach,South Carolina,33.689,-78.887,60.86,0,
2026-09-17,US,Lafayette,Louisiana,30.224,-92.02,60.44,0,
2026-09-17,US,Dayton,Ohio,39.759,-84.192,58.440000000000005,0,
2026-09-17,US,Chapel Hill,North Carolina,35.913,-79.056,57.84,0,
2026-09-17,US,Wichita,Kansas,37.692,-97.338,57.480000000000004,0,
2026-09-17,US,Omaha,Nebraska,41.256,-95.94,57.410000000000004,0,
2026-09-17,US,Columbia,South Carolina,34.001,-81.035,56.93,0,
2026-09-17,US,Oklahoma City,Oklahoma,35.468,-97.516,56.81,0,
2026-09-17,US,Tacoma,Washington,47.253,-122.444,55.25,0,
2026-09-17,US,Durham,North Carolina,35.994,-78.899,55.13,0,
2026-09-17,US,Henderson,Nevada,36.04,-114.982,54.73,1,
2026-09-17,US,Silver Spring,Maryland,38.991,-77.026,54.44,0,
2026-09-17,US,Overland Park,Kansas,38.982,-94.671,53.62,0,
2026-09-17,US,Mount Pleasant,South Carolina,32.794,-79.863,52.160000000000004,0,
2026-09-17,US,Madison,Wisconsin,43.073,-89.401,51.06,0,
2026-09-17,US,Rockville,Maryland,39.084,-77.153,50.79,0,
2026-09-17,US,Fort Wayne,Indiana,41.131,-85.129,50.44,0,
2026-09-17,US,Morristown,New Jersey,40.797,-74.482,50.160000000000004,0,
2026-09-17,US,Decatur,Georgia,33.775,-84.296,49.33,0,
2026-09-17,US,Reno,Nevada,39.53,-119.814,48.9,0,
2026-09-17,US,Annapolis,Maryland,38.979,-76.492,47.83,0,
2026-09-17,US,Westfield,New Jersey,40.659,-74.347,45.91,0,
2026-09-17,US,Chattanooga,Tennessee,35.046,-85.31,45.36,0,
2026-09-17,US,Somerville,Massachusetts,42.388,-71.1,45.14,0,
2026-09-17,US,Bloomfield Hills,Michigan,42.584,-83.245,44.75,0,
2026-09-17,US,Lake Oswego,Oregon,45.421,-122.671,44.67,0,
2026-09-17,US,Lancaster,Pennsylvania,40.038,-76.306,44.67,0,
2026-09-17,US,Evanston,Illinois,42.041,-87.69,43.88,0,
2026-09-17,US,West Chester,Pennsylvania,39.961,-75.608,43.32,0,
2026-09-17,US,Salt Lake City,Utah,40.761,-111.891,41.71,0,
2026-09-17,US,New Canaan,Connecticut,41.147,-73.495,41.26,0,
2026-09-17,US,Boise,Idaho,43.614,-116.203,41.11,0,
2026-09-17,US,Ewa Beach,Hawaii,21.316,-158.007,40.75,0,
2026-09-17,US,Wilmette,Illinois,42.072,-87.723,40.58,0,
2026-09-17,US,Littleton,Colorado,39.613,-105.017,40.33,0,
2026-09-17,US,Dublin,Ohio,40.099,-83.114,40.32,0,
2026-09-17,US,Mobile,Alabama,30.694,-88.043,40.06,0,
2026-09-17,US,Stamford,Connecticut,41.053,-73.539,40.050000000000004,0,
2026-09-17,US,Doylestown,Pennsylvania,40.31,-75.13,40.0,0,
2026-09-17,US,Fairfield,Connecticut,41.141,-73.264,38.53,0,
2026-09-17,US,Chesterfield,Missouri,38.663,-90.577,38.12,0,
2026-09-17,US,Princeton,New Jersey,40.349,-74.659,37.4,0,
2026-09-17,US,Cleveland,Ohio,41.5,-81.695,37.11,0,
2026-09-17,US,Metairie,Louisiana,29.984,-90.153,36.94,0,
2026-09-17,US,Providence,Rhode Island,41.824,-71.413,36.55,0,
2026-09-17,US,Bloomington,Indiana,39.165,-86.526,36.25,0,
2026-09-17,US,Downers Grove,Illinois,41.809,-88.011,35.730000000000004,0,
2026-09-17,US,Bentonville,Arkansas,36.373,-94.209,34.49,0,
2026-09-17,US,Fort Collins,Colorado,40.585,-105.084,34.410000000000004,0,
2026-09-17,US,Mesa,Arizona,33.422,-111.823,34.13,0,
2026-09-17,US,Norwalk,Connecticut,41.118,-73.408,33.72,0,
2026-09-17,US,Aurora,Colorado,39.729,-104.832,33.19,0,
2026-09-17,US,Gilbert,Arizona,33.353,-111.789,33.19,0,
2026-09-17,US,Eugene,Oregon,44.052,-123.087,31.77,0,
2026-09-17,US,Plymouth,Minnesota,45.011,-93.456,30.0,0,
2026-09-17,US,Beaverton,Oregon,45.487,-122.804,29.830000000000002,0,
2026-09-17,US,Madison,Alabama,34.699,-86.748,29.01,0,
2026-09-17,US,Kailua,Hawaii,21.402,-157.741,28.68,0,
2026-09-17,US,Olathe,Kansas,38.881,-94.819,28.67,0,
2026-09-17,US,Norman,Oklahoma,35.223,-97.439,28.240000000000002,0,
2026-09-17,US,Springfield,Missouri,37.215,-93.298,28.02,0,
2026-09-17,US,Saint Charles,Missouri,38.784,-90.481,27.69,0,
2026-09-17,US,Plymouth,Michigan,42.371,-83.47,26.77,0,
2026-09-17,US,Newark,Delaware,39.684,-75.75,26.52,0,
2026-09-17,US,Kaneohe,Hawaii,21.4,-157.799,26.22,0,
2026-09-17,US,Lincoln,Nebraska,40.8,-96.667,26.11,0,
2026-09-17,US,Salem,Oregon,44.943,-123.035,25.99,0,
2026-09-17,US,Berkley,Massachusetts,41.846,-71.083,25.87,0,
2026-09-17,US,Rogers,Arkansas,36.332,-94.119,25.35,0,
2026-09-17,US,Morgantown,West Virginia,39.63,-79.956,25.22,0,
2026-09-17,US,Santa Fe,New Mexico,35.687,-105.938,25.09,0,
2026-09-17,US,Cedar Rapids,Iowa,42.008,-91.644,24.61,0,
2026-09-17,US,New Castle,Delaware,39.659,-75.564,24.46,0,
2026-09-17,US,Meridian,Idaho,43.612,-116.392,24.34,0,
2026-09-17,US,Fairhope,Alabama,30.523,-87.903,24.240000000000002,0,
2026-09-17,US,Spokane,Washington,47.657,-117.425,23.98,0,
2026-09-17,US,Fayetteville,Arkansas,36.063,-94.157,23.32,0,
2026-09-17,US,Jonesboro,Arkansas,35.842,-90.704,23.32,0,
2026-09-17,US,Macomb,Michigan,42.701,-82.959,23.16,0,
2026-09-17,US,Lewes,Delaware,38.775,-75.139,22.75,0,
2026-09-17,US,West Lafayette,Indiana,40.426,-86.908,22.669999999999998,0,
2026-09-17,US,South Jordan,Utah,40.562,-111.93,22.56,0,
2026-09-17,US,Portland,Maine,43.657,-70.259,22.51,0,
2026-09-17,US,Mililani,Hawaii,21.45,-158.015,22.16,0,
2026-09-17,US,Broken Arrow,Oklahoma,36.053,-95.791,21.81,0,
2026-09-17,US,Nashua,New Hampshire,42.765,-71.468,21.21,0,
2026-09-17,US,Manchester,New Hampshire,42.996,-71.455,20.91,0,
2026-09-17,US,Paducah,Kentucky,37.083,-88.6,20.53,0,
2026-09-17,US,Eden Prairie,Minnesota,44.855,-93.471,20.21,0,
2026-09-17,US,Barrington,Rhode Island,41.741,-71.309,19.42,0,
2026-09-17,US,Anchorage,Alaska,61.218,-149.9,18.84,0,
2026-09-17,US,Kuna,Idaho,43.492,-116.42,18.73,0,
2026-09-17,US,Madison,Mississippi,32.462,-90.115,18.41,0,
2026-09-17,US,Iowa City,Iowa,41.661,-91.53,17.92,0,
2026-09-17,US,Park City,Utah,40.646,-111.498,17.92,0,
2026-09-17,US,Las Cruces,New Mexico,32.312,-106.778,17.64,0,
2026-09-17,US,Lawrence,Kansas,38.972,-95.235,17.27,0,
2026-09-17,US,Bowling Green,Kentucky,36.99,-86.444,16.87,0,
2026-09-17,US,Des Moines,Iowa,41.601,-93.609,16.77,0,
2026-09-17,US,Minnetonka,Minnesota,44.913,-93.503,16.67,0,
2026-09-17,US,Whitefish Bay,Wisconsin,43.113,-87.9,16.56,0,
2026-09-17,US,Waukesha,Wisconsin,43.012,-88.231,16.28,0,
2026-09-17,US,Fargo,North Dakota,46.877,-96.79,16.25,0,
2026-09-17,US,Gulfport,Mississippi,30.367,-89.093,16.12,0,
2026-09-17,US,Leawood,Kansas,38.967,-94.617,15.95,0,
2026-09-17,US,Billings,Montana,45.783,-108.501,15.73,0,
2026-09-17,US,Appleton,Wisconsin,44.262,-88.415,14.99,0,
2026-09-17,US,Sioux Falls,South Dakota,43.55,-96.7,14.99,0,
2026-09-17,US,Scarborough,Maine,43.578,-70.322,14.87,0,
2026-09-17,US,Sandy,Utah,40.592,-111.884,14.5,0,
2026-09-17,US,Elkhorn,Nebraska,41.345,-96.256,14.47,0,
2026-09-17,US,Hampton,New Hampshire,42.938,-70.839,14.42,0,
2026-09-17,US,Wheeling,West Virginia,40.064,-80.721,14.18,0,
2026-09-17,US,West Des Moines,Iowa,41.577,-93.711,13.59,0,
2026-09-17,US,Portsmouth,New Hampshire,43.077,-70.758,12.74,0,
2026-09-17,US,Cheyenne,Wyoming,41.14,-104.82,12.4,0,
2026-09-17,US,Huntington,West Virginia,38.419,-82.445,12.28,0,
2026-09-17,US,Bozeman,Montana,45.68,-111.039,12.16,0,
2026-09-17,US,Ames,Iowa,42.035,-93.62,11.8,0,
2026-09-17,US,Middletown,Delaware,39.45,-75.716,11.790000000000001,0,
2026-09-17,US,Warwick,Rhode Island,41.7,-71.416,11.57,0,
2026-09-17,US,South Burlington,Vermont,44.467,-73.171,11.49,0,
2026-09-17,US,Eagle,Idaho,43.695,-116.354,11.15,0,
2026-09-17,US,Charleston,West Virginia,38.35,-81.633,10.47,0,
2026-09-17,US,Southaven,Mississippi,34.989,-90.013,10.39,0,
2026-09-17,US,Cranston,Rhode Island,41.78,-71.437,10.3,0,
2026-09-17,US,Falmouth,Maine,43.73,-70.242,10.3,0,
2026-09-17,US,Sheridan,Wyoming,44.797,-106.956,10.16,0,
2026-09-17,US,Jackson,Mississippi,32.299,-90.185,9.86,0,
2026-09-17,US,West Fargo,North Dakota,46.875,-96.9,9.73,0,
2026-09-17,US,Exeter,New Hampshire,42.981,-70.948,9.19,0,
2026-09-17,US,Papillion,Nebraska,41.154,-96.042,9.18,0,
2026-09-17,US,East Greenwich,Rhode Island,41.66,-71.456,9.14,0,
2026-09-17,US,Burlington,Vermont,44.476,-73.212,9.02,0,
2026-09-17,US,Kalispell,Montana,48.196,-114.313,8.94,0,
2026-09-17,US,Hattiesburg,Mississippi,31.327,-89.29,8.89,0,
2026-09-17,US,Rock Springs,Wyoming,41.587,-109.203,8.07,0,
2026-09-17,US,Stowe,Vermont,44.465,-72.685,8.0,0,
2026-09-17,US,Los Alamos,New Mexico,35.888,-106.307,7.95,0,
2026-09-17,US,Rapid City,South Dakota,44.081,-103.231,7.87,0,
2026-09-17,US,Bangor,Maine,44.799,-68.773,7.36,0,
2026-09-17,US,Cordova,Alaska,60.543,-145.759,7.33,0,
2026-09-17,US,Great Falls,Montana,47.5,-111.301,7.260000000000001,0,
2026-09-17,US,Tijeras,New Mexico,35.081,-106.388,7.05,0,
2026-09-17,US,Missoula,Montana,46.872,-113.994,6.94,0,
2026-09-17,US,Bismarck,North Dakota,46.808,-100.784,6.75,0,
2026-09-17,US,Dickinson,North Dakota,46.879,-102.79,6.45,0,
2026-09-17,US,Hurricane,West Virginia,38.433,-82.02,6.41,0,
2026-09-17,US,Bellevue,Nebraska,41.137,-95.891,6.13,0,
2026-09-17,US,Essex Junction,Vermont,44.491,-73.111,5.98,0,
2026-09-17,US,Eliot,Maine,43.153,-70.8,5.7700000000000005,0,
2026-09-17,US,Middlesboro,Kentucky,36.608,-83.717,5.59,0,
2026-09-17,US,Fairbanks,Alaska,64.838,-147.716,5.47,0,
2026-09-17,US,Carson City,Nevada,39.164,-119.767,5.44,0,
2026-09-17,US,North Las Vegas,Nevada,36.199,-115.118,5.19,0,
2026-09-17,US,Hyde Park,Vermont,44.594,-72.617,5.12,0,
2026-09-17,US,Lennox,South Dakota,43.354,-96.892,4.58,0,
2026-09-17,US,Sitka,Alaska,57.053,-135.331,3.95,0,
2026-09-17,US,Cody,Wyoming,44.526,-109.057,3.45,0,
2026-09-17,US,Eagle Mountain,Utah,40.314,-111.985,3.3,0,
2026-09-17,US,Madison,South Dakota,44.006,-97.114,3.07,0,
2026-09-17,US,Casper,Wyoming,42.867,-106.313,2.56,0,
2026-09-17,US,Coeur D'Alene,Idaho,47.678,-116.78,2.49,0,
2026-09-17,US,Wasilla,Alaska,61.581,-149.442,2.45,0,
2026-09-17,US,Grand Forks,North Dakota,47.925,-97.033,2.2,0,
2026-09-17,US,Aberdeen,South Dakota,45.465,-98.486,2.08,0,
2026-09-18,UK,London,England,51.509,-0.126,23.54,1,
2026-09-18,UK,Bristol,England,51.455,-2.597,3.17,0,
2026-09-18,UK,Swindon,England,51.558,-1.781,1.66,0,
2026-09-18,UK,Sheffield,England,53.383,-1.466,1.36,0,
2026-09-18,UK,Glasgow,Scotland,55.865,-4.258,1.12,0,
2026-09-18,UK,Birmingham,England,52.481,-1.9,0.91,0,
2026-09-18,UK,Hove,England,50.831,-0.167,0.91,0,
2026-09-18,UK,Edinburgh,Scotland,55.952,-3.196,0.88,0,
2026-09-18,UK,Manchester,England,53.481,-2.237,0.87,0,
2026-09-18,UK,Brighton,England,50.828,-0.139,0.74,0,
2026-09-18,UK,Cardiff,Wales,51.48,-3.18,0.6,0,
2026-09-18,UK,Aberdeen,Scotland,57.144,-2.098,0.44,0,
2026-09-18,UK,Dunfermline,Scotland,56.072,-3.459,0.44,0,
2026-09-18,UK,Aberdare,Wales,51.714,-3.449,0.42,0,
2026-09-18,UK,Newry,Northern Ireland,54.178,-6.337,0.41,0,
2026-09-18,UK,Banchory,Scotland,57.052,-2.488,0.27,0,
2026-09-18,UK,Barrhead,Scotland,55.799,-4.393,0.23,0,
2026-09-18,UK,Port Talbot,Wales,51.592,-3.78,0.23,0,
2026-09-18,UK,Belfast,Northern Ireland,54.597,-5.925,0.22,0,
2026-09-18,UK,Merthyr Tydfil,Wales,51.748,-3.378,0.22,0,
2026-09-18,UK,Balerno,Scotland,55.884,-3.34,0.21,0,
2026-09-18,UK,Clarbeston Road,Wales,51.851,-4.881,0.2,0,
2026-09-18,UK,Craigavon,Northern Ireland,54.447,-6.387,0.2,0,
2026-09-18,UK,Cwmbran,Wales,51.654,-3.023,0.2,0,
2026-09-18,UK,Llanidloes,Wales,52.45,-3.54,0.19,0,
2026-09-18,UK,Swansea,Wales,51.621,-3.944,0.19,0,
2026-09-18,UK,Dromara,Northern Ireland,54.367,-6.017,0.18,0,
2026-09-18,UK,Aboyne,Scotland,57.075,-2.78,0.17,0,
2026-09-18,US,New York,New York,40.714,-74.006,1241.8700000000001,66,
2026-09-18,US,Brooklyn,New York,40.65,-73.95,622.07,37,
2026-09-18,US,Chicago,Illinois,41.85,-87.65,467.43,24,
2026-09-18,US,Houston,Texas,29.763,-95.363,440.43,10,
2026-09-18,US,Miami,Florida,25.774,-80.194,430.38,5,
2026-09-18,US,San Francisco,California,37.775,-122.419,396.54,13,
2026-09-18,US,Los Angeles,California,34.052,-118.244,384.99,20,
2026-09-18,US,Washington,District of Columbia,38.895,-77.036,279.99,4,
2026-09-18,US,Austin,Texas,30.267,-97.743,246.17,4,
2026-09-18,US,Seattle,Washington,47.606,-122.332,244.82,4,
2026-09-18,US,Dallas,Texas,32.783,-96.807,238.76,2,
2026-09-18,US,San Diego,California,32.716,-117.165,196.59,4,
2026-09-18,US,Atlanta,Georgia,33.749,-84.388,191.28,0,
2026-09-18,US,Philadelphia,Pennsylvania,39.952,-75.164,173.62,1,
2026-09-18,US,Charlotte,North Carolina,35.227,-80.843,167.88,0,
2026-09-18,US,Portland,Oregon,45.523,-122.676,162.55,0,
2026-09-18,US,Boston,Massachusetts,42.358,-71.06,157.93,0,
2026-09-18,US,San Jose,California,37.339,-121.895,155.76,0,
2026-09-18,US,Orlando,Florida,28.538,-81.379,155.19,0,
2026-09-18,US,Reading,Massachusetts,42.526,-71.095,151.06,6,
2026-09-18,US,Alexandria,Virginia,38.805,-77.047,134.73,0,
2026-09-18,US,Honolulu,Hawaii,21.307,-157.858,132.71,0,
2026-09-18,US,San Antonio,Texas,29.424,-98.494,121.81,0,
2026-09-18,US,Naples,Florida,26.142,-81.796,121.16,0,
2026-09-18,US,Cincinnati,Ohio,39.127,-84.514,118.11,0,
2026-09-18,US,Nashville,Tennessee,36.166,-86.784,112.75,0,
2026-09-18,US,Tampa,Florida,27.948,-82.458,110.64,0,
2026-09-18,US,Pittsburgh,Pennsylvania,40.441,-79.996,107.96000000000001,0,
2026-09-18,US,Raleigh,North Carolina,35.772,-78.639,106.97,0,
2026-09-18,US,Oakland,California,37.804,-122.271,106.32,0,
2026-09-18,US,Fort Worth,Texas,32.725,-97.321,99.41,0,
2026-09-18,US,Columbus,Ohio,39.961,-82.999,98.63,0,
2026-09-18,US,Arlington,Virginia,38.881,-77.104,96.76,0,
2026-09-18,US,Las Vegas,Nevada,36.175,-115.137,95.68,0,
2026-09-18,US,Boca Raton,Florida,26.359,-80.083,95.37,0,
2026-09-18,US,Jersey City,New Jersey,40.728,-74.078,93.2,0,
2026-09-18,US,Marietta,Georgia,33.953,-84.55,89.45,0,
2026-09-18,US,Denver,Colorado,39.739,-104.985,89.31,0,
2026-09-18,US,Louisville,Kentucky,38.254,-85.759,83.38,0,
2026-09-18,US,Minneapolis,Minnesota,44.98,-93.264,83.09,0,
2026-09-18,US,Saint Louis,Missouri,38.652,-90.205,80.05,0,
2026-09-18,US,Staten Island,New York,40.562,-74.14,79.06,0,
2026-09-18,US,Indianapolis,Indiana,39.768,-86.158,76.59,0,
2026-09-18,US,Virginia Beach,Virginia,36.853,-75.978,76.06,0,
2026-09-18,US,Richmond,Virginia,37.554,-77.46,74.86,0,
2026-09-18,US,Phoenix,Arizona,33.448,-112.074,73.02,0,
2026-09-18,US,Bronx,New York,40.85,-73.866,72.07,0,
2026-09-18,US,Tulsa,Oklahoma,36.154,-95.993,71.61,0,
2026-09-18,US,Greenwich,Connecticut,41.026,-73.628,67.03999999999999,0,
2026-09-18,US,Baton Rouge,Louisiana,30.443,-91.187,66.32,0,
2026-09-18,US,Knoxville,Tennessee,35.961,-83.921,65.58,0,
2026-09-18,US,Tucson,Arizona,32.222,-110.926,63.99,0,
2026-09-18,US,Bethesda,Maryland,38.981,-77.1,61.73,0,
2026-09-18,US,Edmond,Oklahoma,35.653,-97.478,60.46,0,
2026-09-18,US,Scottsdale,Arizona,33.509,-111.899,59.37,0,
2026-09-18,US,Baltimore,Maryland,39.29,-76.612,59.11,0,
2026-09-18,US,Birmingham,Alabama,33.521,-86.802,59.08,0,
2026-09-18,US,Lexington,Kentucky,37.989,-84.478,57.51,0,
2026-09-18,US,Greenville,South Carolina,34.853,-82.394,57.07,0,
2026-09-18,US,Cambridge,Massachusetts,42.375,-71.106,56.739999999999995,0,
2026-09-18,US,New Orleans,Louisiana,29.955,-90.075,51.26,0,
2026-09-18,US,Charleston,South Carolina,32.776,-79.933,51.13,0,
2026-09-18,US,Memphis,Tennessee,35.15,-90.049,50.95,0,
2026-09-18,US,Savannah,Georgia,32.084,-81.1,50.9,0,
2026-09-18,US,Wilmington,North Carolina,34.236,-77.946,49.96,0,
2026-09-18,US,Albuquerque,New Mexico,35.084,-106.651,49.47,0,
2026-09-18,US,Hoboken,New Jersey,40.744,-74.032,48.16,0,
2026-09-18,US,Naperville,Illinois,41.786,-88.147,48.13,0,
2026-09-18,US,Grand Rapids,Michigan,42.963,-85.668,48.04,0,
2026-09-18,US,Franklin,Tennessee,35.925,-86.869,47.9,0,
2026-09-18,US,Huntsville,Alabama,34.73,-86.586,47.24,0,
2026-09-18,US,Kansas City,Missouri,39.1,-94.579,46.91,0,
2026-09-18,US,Fairfax,Virginia,38.846,-77.306,46.66,0,
2026-09-18,US,Shreveport,Louisiana,32.525,-93.75,46.17,0,
2026-09-18,US,Colorado Springs,Colorado,38.834,-104.821,46.12,0,
2026-09-18,US,Wilmington,Delaware,39.746,-75.547,44.11,0,
2026-09-18,US,Ann Arbor,Michigan,42.278,-83.741,43.79,0,
2026-09-18,US,Astoria,New York,40.772,-73.93,43.39,0,
2026-09-18,US,Vancouver,Washington,45.639,-122.661,43.33,0,
2026-09-18,US,Bellevue,Washington,47.61,-122.201,43.22,0,
2026-09-18,US,Carmel,Indiana,39.978,-86.118,43.13,0,
2026-09-18,US,Alpharetta,Georgia,34.075,-84.294,42.06,0,
2026-09-18,US,Saint Paul,Minnesota,44.944,-93.093,41.85,0,
2026-09-18,US,Milwaukee,Wisconsin,43.039,-87.906,41.36,0,
2026-09-18,US,Little Rock,Arkansas,34.746,-92.29,40.62,0,
2026-09-18,US,Myrtle Beach,South Carolina,33.689,-78.887,39.12,0,
2026-09-18,US,Lafayette,Louisiana,30.224,-92.02,38.88,0,
2026-09-18,US,Dayton,Ohio,39.759,-84.192,37.64,0,
2026-09-18,US,Chapel Hill,North Carolina,35.913,-79.056,37.2,0,
2026-09-18,US,Wichita,Kansas,37.692,-97.338,36.97,0,
2026-09-18,US,Omaha,Nebraska,41.256,-95.94,36.88,0,
2026-09-18,US,Columbia,South Carolina,34.001,-81.035,36.61,0,
2026-09-18,US,Oklahoma City,Oklahoma,35.468,-97.516,36.58,0,
2026-09-18,US,Tacoma,Washington,47.253,-122.444,35.55,0,
2026-09-18,US,Durham,North Carolina,35.994,-78.899,35.49,0,
2026-09-18,US,Henderson,Nevada,36.04,-114.982,35.25,0,
2026-09-18,US,Silver Spring,Maryland,38.991,-77.026,35.0,0,
2026-09-18,US,Overland Park,Kansas,38.982,-94.671,34.47,0,
2026-09-18,US,Mount Pleasant,South Carolina,32.794,-79.863,33.53,0,
2026-09-18,US,Madison,Wisconsin,43.073,-89.401,32.86,0,
2026-09-18,US,Rockville,Maryland,39.084,-77.153,32.68,0,
2026-09-18,US,Fort Wayne,Indiana,41.131,-85.129,32.41,0,
2026-09-18,US,Morristown,New Jersey,40.797,-74.482,32.22,0,
2026-09-18,US,Decatur,Georgia,33.775,-84.296,31.73,0,
2026-09-18,US,Reno,Nevada,39.53,-119.814,31.42,0,
2026-09-18,US,Annapolis,Maryland,38.979,-76.492,30.76,0,
2026-09-18,US,Westfield,New Jersey,40.659,-74.347,29.490000000000002,0,
2026-09-18,US,Chattanooga,Tennessee,35.046,-85.31,29.22,0,
2026-09-18,US,Somerville,Massachusetts,42.388,-71.1,29.03,0,
2026-09-18,US,Bloomfield Hills,Michigan,42.584,-83.245,28.79,0,
2026-09-18,US,Lancaster,Pennsylvania,40.038,-76.306,28.73,0,
2026-09-18,US,Lake Oswego,Oregon,45.421,-122.671,28.71,0,
2026-09-18,US,Evanston,Illinois,42.041,-87.69,28.22,0,
2026-09-18,US,West Chester,Pennsylvania,39.961,-75.608,27.849999999999998,0,
2026-09-18,US,Salt Lake City,Utah,40.761,-111.891,26.900000000000002,0,
2026-09-18,US,New Canaan,Connecticut,41.147,-73.495,26.55,0,
2026-09-18,US,Boise,Idaho,43.614,-116.203,26.47,0,
2026-09-18,US,Ewa Beach,Hawaii,21.316,-158.007,26.26,0,
2026-09-18,US,Wilmette,Illinois,42.072,-87.723,26.13,0,
2026-09-18,US,Dublin,Ohio,40.099,-83.114,25.98,0,
2026-09-18,US,Littleton,Colorado,39.613,-105.017,25.97,0,
2026-09-18,US,Stamford,Connecticut,41.053,-73.539,25.81,0,
2026-09-18,US,Mobile,Alabama,30.694,-88.043,25.77,0,
2026-09-18,US,Doylestown,Pennsylvania,40.31,-75.13,25.75,0,
2026-09-18,US,Fairfield,Connecticut,41.141,-73.264,24.7,0,
2026-09-18,US,Chesterfield,Missouri,38.663,-90.577,24.54,0,
2026-09-18,US,Princeton,New Jersey,40.349,-74.659,24.01,0,
2026-09-18,US,Cleveland,Ohio,41.5,-81.695,23.82,0,
2026-09-18,US,Metairie,Louisiana,29.984,-90.153,23.75,0,
2026-09-18,US,Providence,Rhode Island,41.824,-71.413,23.509999999999998,0,
2026-09-18,US,Bloomington,Indiana,39.165,-86.526,23.35,0,
2026-09-18,US,Downers Grove,Illinois,41.809,-88.011,22.93,0,
2026-09-18,US,Bentonville,Arkansas,36.373,-94.209,22.22,0,
2026-09-18,US,Fort Collins,Colorado,40.585,-105.084,22.16,0,
2026-09-18,US,Mesa,Arizona,33.422,-111.823,21.89,0,
2026-09-18,US,Norwalk,Connecticut,41.118,-73.408,21.68,0,
2026-09-18,US,Aurora,Colorado,39.729,-104.832,21.330000000000002,0,
2026-09-18,US,Gilbert,Arizona,33.353,-111.789,21.32,0,
2026-09-18,US,Eugene,Oregon,44.052,-123.087,20.41,0,
2026-09-18,US,Plymouth,Minnesota,45.011,-93.456,19.29,0,
2026-09-18,US,Beaverton,Oregon,45.487,-122.804,19.19,0,
2026-09-18,US,Madison,Alabama,34.699,-86.748,18.65,0,
2026-09-18,US,Kailua,Hawaii,21.402,-157.741,18.41,0,
2026-09-18,US,Olathe,Kansas,38.881,-94.819,18.41,0,
2026-09-18,US,Norman,Oklahoma,35.223,-97.439,18.13,0,
2026-09-18,US,Springfield,Missouri,37.215,-93.298,17.99,0,
2026-09-18,US,Saint Charles,Missouri,38.784,-90.481,17.77,0,
2026-09-18,US,Plymouth,Michigan,42.371,-83.47,17.21,0,
2026-09-18,US,Newark,Delaware,39.684,-75.75,17.01,0,
2026-09-18,US,Kaneohe,Hawaii,21.4,-157.799,16.88,0,
2026-09-18,US,Lincoln,Nebraska,40.8,-96.667,16.84,0,
2026-09-18,US,Salem,Oregon,44.943,-123.035,16.77,0,
2026-09-18,US,Berkley,Massachusetts,41.846,-71.083,16.580000000000002,0,
2026-09-18,US,Rogers,Arkansas,36.332,-94.119,16.29,0,
2026-09-18,US,Morgantown,West Virginia,39.63,-79.956,16.22,0,
2026-09-18,US,Santa Fe,New Mexico,35.687,-105.938,16.18,0,
2026-09-18,US,Cedar Rapids,Iowa,42.008,-91.644,15.84,0,
2026-09-18,US,New Castle,Delaware,39.659,-75.564,15.73,0,
2026-09-18,US,Meridian,Idaho,43.612,-116.392,15.68,0,
2026-09-18,US,Fairhope,Alabama,30.523,-87.903,15.61,0,
2026-09-18,US,Spokane,Washington,47.657,-117.425,15.39,0,
2026-09-18,US,Fayetteville,Arkansas,36.063,-94.157,14.94,0,
2026-09-18,US,Jonesboro,Arkansas,35.842,-90.704,14.91,0,
2026-09-18,US,Macomb,Michigan,42.701,-82.959,14.83,0,
2026-09-18,US,Lewes,Delaware,38.775,-75.139,14.6,0,
2026-09-18,US,West Lafayette,Indiana,40.426,-86.908,14.59,0,
2026-09-18,US,South Jordan,Utah,40.562,-111.93,14.49,0,
2026-09-18,US,Portland,Maine,43.657,-70.259,14.459999999999999,0,
2026-09-18,US,Mililani,Hawaii,21.45,-158.015,14.22,0,
2026-09-18,US,Broken Arrow,Oklahoma,36.053,-95.791,14.08,0,
2026-09-18,US,Nashua,New Hampshire,42.765,-71.468,13.64,0,
2026-09-18,US,Manchester,New Hampshire,42.996,-71.455,13.4,0,
2026-09-18,US,Paducah,Kentucky,37.083,-88.6,13.17,0,
2026-09-18,US,Eden Prairie,Minnesota,44.855,-93.471,13.03,0,
2026-09-18,US,Barrington,Rhode Island,41.741,-71.309,12.5,0,
2026-09-18,US,Anchorage,Alaska,61.218,-149.9,12.11,0,
2026-09-18,US,Kuna,Idaho,43.492,-116.42,12.08,0,
2026-09-18,US,Madison,Mississippi,32.462,-90.115,11.85,0,
2026-09-18,US,Iowa City,Iowa,41.661,-91.53,11.56,0,
2026-09-18,US,Park City,Utah,40.646,-111.498,11.55,0,
2026-09-18,US,Las Cruces,New Mexico,32.312,-106.778,11.39,0,
2026-09-18,US,Lawrence,Kansas,38.972,-95.235,11.15,0,
2026-09-18,US,Bowling Green,Kentucky,36.99,-86.444,10.84,0,
2026-09-18,US,Des Moines,Iowa,41.601,-93.609,10.76,0,
2026-09-18,US,Minnetonka,Minnesota,44.913,-93.503,10.69,0,
2026-09-18,US,Whitefish Bay,Wisconsin,43.113,-87.9,10.63,0,
2026-09-18,US,Waukesha,Wisconsin,43.012,-88.231,10.51,0,
2026-09-18,US,Fargo,North Dakota,46.877,-96.79,10.5,0,
2026-09-18,US,Gulfport,Mississippi,30.367,-89.093,10.36,0,
2026-09-18,US,Leawood,Kansas,38.967,-94.617,10.25,0,
2026-09-18,US,Billings,Montana,45.783,-108.501,10.11,0,
2026-09-18,US,Appleton,Wisconsin,44.262,-88.415,9.67,0,
2026-09-18,US,Sioux Falls,South Dakota,43.55,-96.7,9.67,0,
2026-09-18,US,Scarborough,Maine,43.578,-70.322,9.59,0,
2026-09-18,US,Sandy,Utah,40.592,-111.884,9.32,0,
2026-09-18,US,Elkhorn,Nebraska,41.345,-96.256,9.3,0,
2026-09-18,US,Hampton,New Hampshire,42.938,-70.839,9.27,0,
2026-09-18,US,Wheeling,West Virginia,40.064,-80.721,9.120000000000001,0,
2026-09-18,US,West Des Moines,Iowa,41.577,-93.711,8.77,0,
2026-09-18,US,Portsmouth,New Hampshire,43.077,-70.758,8.200000000000001,0,
2026-09-18,US,Cheyenne,Wyoming,41.14,-104.82,8.03,0,
2026-09-18,US,Huntington,West Virginia,38.419,-82.445,7.92,0,
2026-09-18,US,Bozeman,Montana,45.68,-111.039,7.87,0,
2026-09-18,US,Middletown,Delaware,39.45,-75.716,7.640000000000001,0,
2026-09-18,US,Ames,Iowa,42.035,-93.62,7.6000000000000005,0,
2026-09-18,US,Warwick,Rhode Island,41.7,-71.416,7.5,0,
2026-09-18,US,South Burlington,Vermont,44.467,-73.171,7.41,0,
2026-09-18,US,Eagle,Idaho,43.695,-116.354,7.2,0,
2026-09-18,US,Charleston,West Virginia,38.35,-81.633,6.72,0,
2026-09-18,US,Southaven,Mississippi,34.989,-90.013,6.66,0,
2026-09-18,US,Cranston,Rhode Island,41.78,-71.437,6.61,0,
2026-09-18,US,Falmouth,Maine,43.73,-70.242,6.61,0,
2026-09-18,US,Sheridan,Wyoming,44.797,-106.956,6.54,0,
2026-09-18,US,Jackson,Mississippi,32.299,-90.185,6.36,0,
2026-09-18,US,West Fargo,North Dakota,46.875,-96.9,6.3,0,
2026-09-18,US,Exeter,New Hampshire,42.981,-70.948,5.92,0,
2026-09-18,US,Papillion,Nebraska,41.154,-96.042,5.89,0,
2026-09-18,US,East Greenwich,Rhode Island,41.66,-71.456,5.87,0,
2026-09-18,US,Burlington,Vermont,44.476,-73.212,5.76,0,
2026-09-18,US,Kalispell,Montana,48.196,-114.313,5.72,0,
2026-09-18,US,Hattiesburg,Mississippi,31.327,-89.29,5.65,0,
2026-09-18,US,Rock Springs,Wyoming,41.587,-109.203,5.17,0,
2026-09-18,US,Stowe,Vermont,44.465,-72.685,5.15,0,
2026-09-18,US,Los Alamos,New Mexico,35.888,-106.307,5.1,0,
2026-09-18,US,Rapid City,South Dakota,44.081,-103.231,5.04,0,
2026-09-18,US,Bangor,Maine,44.799,-68.773,4.69,0,
2026-09-18,US,Cordova,Alaska,60.543,-145.759,4.68,0,
2026-09-18,US,Great Falls,Montana,47.5,-111.301,4.67,0,
2026-09-18,US,Tijeras,New Mexico,35.081,-106.388,4.6,0,
2026-09-18,US,Missoula,Montana,46.872,-113.994,4.47,0,
2026-09-18,US,Bismarck,North Dakota,46.808,-100.784,4.32,0,
2026-09-18,US,Dickinson,North Dakota,46.879,-102.79,4.15,0,
2026-09-18,US,Hurricane,West Virginia,38.433,-82.02,4.11,0,
2026-09-18,US,Bellevue,Nebraska,41.137,-95.891,3.93,0,
2026-09-18,US,Essex Junction,Vermont,44.491,-73.111,3.86,0,
2026-09-18,US,Eliot,Maine,43.153,-70.8,3.72,0,
2026-09-18,US,Fairbanks,Alaska,64.838,-147.716,3.59,0,
2026-09-18,US,Middlesboro,Kentucky,36.608,-83.717,3.59,0,
2026-09-18,US,Carson City,Nevada,39.164,-119.767,3.5300000000000002,0,
2026-09-18,US,North Las Vegas,Nevada,36.199,-115.118,3.35,0,
2026-09-18,US,Hyde Park,Vermont,44.594,-72.617,3.3200000000000003,0,
2026-09-18,US,Lennox,South Dakota,43.354,-96.892,2.99,0,
2026-09-18,US,Sitka,Alaska,57.053,-135.331,2.52,0,
2026-09-18,US,Cody,Wyoming,44.526,-109.057,2.25,0,
2026-09-18,US,Eagle Mountain,Utah,40.314,-111.985,2.14,0,
2026-09-18,US,Madison,South Dakota,44.006,-97.114,1.9100000000000001,0,
2026-09-18,US,Casper,Wyoming,42.867,-106.313,1.61,0,
2026-09-18,US,Coeur D'Alene,Idaho,47.678,-116.78,1.59,0,
2026-09-18,US,Wasilla,Alaska,61.581,-149.442,1.54,0,
2026-09-18,US,Grand Forks,North Dakota,47.925,-97.033,1.44,0,
2026-09-18,US,Aberdeen,South Dakota,45.465,-98.486,1.38,0,
2026-09-19,US,New York,New York,40.714,-74.006,1620.85,85,
2026-09-19,US,Brooklyn,New York,40.65,-73.95,812.19,35,
2026-09-19,US,Chicago,Illinois,41.85,-87.65,610.26,26,
2026-09-19,US,Houston,Texas,29.763,-95.363,575.1,12,
2026-09-19,US,Miami,Florida,25.774,-80.194,561.88,7,
2026-09-19,US,San Francisco,California,37.775,-122.419,517.78,15,
2026-09-19,US,Los Angeles,California,34.052,-118.244,502.66,21,
2026-09-19,US,Washington,District of Columbia,38.895,-77.036,365.52,7,
2026-09-19,US,Austin,Texas,30.267,-97.743,321.5,5,
2026-09-19,US,Seattle,Washington,47.606,-122.332,319.65999999999997,6,
2026-09-19,US,Dallas,Texas,32.783,-96.807,311.77,4,
2026-09-19,US,San Diego,California,32.716,-117.165,256.69,4,
2026-09-19,US,Atlanta,Georgia,33.749,-84.388,249.74,2,
2026-09-19,US,Philadelphia,Pennsylvania,39.952,-75.164,226.67000000000002,4,
2026-09-19,US,Charlotte,North Carolina,35.227,-80.843,219.15,2,
2026-09-19,US,Portland,Oregon,45.523,-122.676,212.23,2,
2026-09-19,US,Boston,Massachusetts,42.358,-71.06,206.17,2,
2026-09-19,US,San Jose,California,37.339,-121.895,203.37,2,
2026-09-19,US,Orlando,Florida,28.538,-81.379,202.6,1,
2026-09-19,US,Reading,Massachusetts,42.526,-71.095,197.26,8,
2026-09-19,US,Alexandria,Virginia,38.805,-77.047,175.97,1,
2026-09-19,US,Honolulu,Hawaii,21.307,-157.858,173.26,0,
2026-09-19,US,San Antonio,Texas,29.424,-98.494,159.1,1,
2026-09-19,US,Naples,Florida,26.142,-81.796,158.21,0,
2026-09-19,US,Cincinnati,Ohio,39.127,-84.514,154.24,0,
2026-09-19,US,Nashville,Tennessee,36.166,-86.784,147.24,1,
2026-09-19,US,Tampa,Florida,27.948,-82.458,144.46,0,
2026-09-19,US,Pittsburgh,Pennsylvania,40.441,-79.996,141.0,1,
2026-09-19,US,Raleigh,North Carolina,35.772,-78.639,139.63,0,
2026-09-19,US,Oakland,California,37.804,-122.271,138.77,1,
2026-09-19,US,Fort Worth,Texas,32.725,-97.321,129.8,0,
2026-09-19,US,Columbus,Ohio,39.961,-82.999,128.74,0,
2026-09-19,US,Arlington,Virginia,38.881,-77.104,126.3,0,
2026-09-19,US,Las Vegas,Nevada,36.175,-115.137,124.98,0,
2026-09-19,US,Boca Raton,Florida,26.359,-80.083,124.48,0,
2026-09-19,US,Jersey City,New Jersey,40.728,-74.078,121.73,0,
2026-09-19,US,Marietta,Georgia,33.953,-84.55,116.82000000000001,0,
2026-09-19,US,Denver,Colorado,39.739,-104.985,116.6,0,
2026-09-19,US,Louisville,Kentucky,38.254,-85.759,108.93,0,
2026-09-19,US,Minneapolis,Minnesota,44.98,-93.264,108.47,0,
2026-09-19,US,Saint Louis,Missouri,38.652,-90.205,104.5,0,
2026-09-19,US,Staten Island,New York,40.562,-74.14,103.26,0,
2026-09-19,US,Indianapolis,Indiana,39.768,-86.158,100.0,0,
2026-09-19,US,Virginia Beach,Virginia,36.853,-75.978,99.26,0,
2026-09-19,US,Richmond,Virginia,37.554,-77.46,97.64,0,
2026-09-19,US,Phoenix,Arizona,33.448,-112.074,95.27,0,
2026-09-19,US,Bronx,New York,40.85,-73.866,94.06,0,
2026-09-19,US,Tulsa,Oklahoma,36.154,-95.993,93.44,0,
2026-09-19,US,Greenwich,Connecticut,41.026,-73.628,87.49,0,
2026-09-19,US,Baton Rouge,Louisiana,30.443,-91.187,86.61,0,
2026-09-19,US,Knoxville,Tennessee,35.961,-83.921,85.72,0,
2026-09-19,US,Tucson,Arizona,32.222,-110.926,83.51,0,
2026-09-19,US,Bethesda,Maryland,38.981,-77.1,80.56,0,
2026-09-19,US,Edmond,Oklahoma,35.653,-97.478,78.97,0,
2026-09-19,US,Scottsdale,Arizona,33.509,-111.899,77.54,0,
2026-09-19,US,Birmingham,Alabama,33.521,-86.802,77.19,0,
2026-09-19,US,Baltimore,Maryland,39.29,-76.612,77.13,0,
2026-09-19,US,Lexington,Kentucky,37.989,-84.478,75.11,0,
2026-09-19,US,Greenville,South Carolina,34.853,-82.394,74.52,0,
2026-09-19,US,Cambridge,Massachusetts,42.375,-71.106,74.09,0,
2026-09-19,US,New Orleans,Louisiana,29.955,-90.075,66.92,0,
2026-09-19,US,Charleston,South Carolina,32.776,-79.933,66.7,0,
2026-09-19,US,Memphis,Tennessee,35.15,-90.049,66.49000000000001,0,
2026-09-19,US,Savannah,Georgia,32.084,-81.1,66.41,0,
2026-09-19,US,Wilmington,North Carolina,34.236,-77.946,65.16,0,
2026-09-19,US,Albuquerque,New Mexico,35.084,-106.651,64.63,0,
2026-09-19,US,Hoboken,New Jersey,40.744,-74.032,62.88,0,
2026-09-19,US,Naperville,Illinois,41.786,-88.147,62.809999999999995,0,
2026-09-19,US,Grand Rapids,Michigan,42.963,-85.668,62.65,0,
2026-09-19,US,Franklin,Tennessee,35.925,-86.869,62.5,0,
2026-09-19,US,Huntsville,Alabama,34.73,-86.586,61.71,0,
2026-09-19,US,Kansas City,Missouri,39.1,-94.579,61.2,0,
2026-09-19,US,Fairfax,Virginia,38.846,-77.306,60.89,0,
2026-09-19,US,Colorado Springs,Colorado,38.834,-104.821,60.27,0,
2026-09-19,US,Shreveport,Louisiana,32.525,-93.75,60.27,0,
2026-09-19,US,Wilmington,Delaware,39.746,-75.547,57.55,0,
2026-09-19,US,Ann Arbor,Michigan,42.278,-83.741,57.14,0,
2026-09-19,US,Astoria,New York,40.772,-73.93,56.67,0,
2026-09-19,US,Vancouver,Washington,45.639,-122.661,56.56,0,
2026-09-19,US,Bellevue,Washington,47.61,-122.201,56.42,0,
2026-09-19,US,Carmel,Indiana,39.978,-86.118,56.31,0,
2026-09-19,US,Alpharetta,Georgia,34.075,-84.294,54.870000000000005,0,
2026-09-19,US,Saint Paul,Minnesota,44.944,-93.093,54.6,0,
2026-09-19,US,Milwaukee,Wisconsin,43.039,-87.906,53.980000000000004,0,
2026-09-19,US,Little Rock,Arkansas,34.746,-92.29,53.07,0,
2026-09-19,US,Myrtle Beach,South Carolina,33.689,-78.887,51.120000000000005,0,
2026-09-19,US,Lafayette,Louisiana,30.224,-92.02,50.77,0,
2026-09-19,US,Dayton,Ohio,39.759,-84.192,49.1,0,
2026-09-19,US,Chapel Hill,North Carolina,35.913,-79.056,48.6,0,
2026-09-19,US,Omaha,Nebraska,41.256,-95.94,48.2,0,
2026-09-19,US,Wichita,Kansas,37.692,-97.338,48.2,0,
2026-09-19,US,Columbia,South Carolina,34.001,-81.035,47.81,0,
2026-09-19,US,Oklahoma City,Oklahoma,35.468,-97.516,47.69,0,
2026-09-19,US,Tacoma,Washington,47.253,-122.444,46.38,0,
2026-09-19,US,Durham,North Carolina,35.994,-78.899,46.3,0,
2026-09-19,US,Henderson,Nevada,36.04,-114.982,46.019999999999996,1,
2026-09-19,US,Silver Spring,Maryland,38.991,-77.026,45.74,0,
2026-09-19,US,Overland Park,Kansas,38.982,-94.671,45.04,0,
2026-09-19,US,Mount Pleasant,South Carolina,32.794,-79.863,43.839999999999996,0,
2026-09-19,US,Madison,Wisconsin,43.073,-89.401,42.84,0,
2026-09-19,US,Rockville,Maryland,39.084,-77.153,42.76,0,
2026-09-19,US,Fort Wayne,Indiana,41.131,-85.129,42.37,0,
2026-09-19,US,Morristown,New Jersey,40.797,-74.482,42.09,0,
2026-09-19,US,Decatur,Georgia,33.775,-84.296,41.43,0,
2026-09-19,US,Reno,Nevada,39.53,-119.814,41.07,0,
2026-09-19,US,Annapolis,Maryland,38.979,-76.492,40.18,0,
2026-09-19,US,Westfield,New Jersey,40.659,-74.347,38.6,0,
2026-09-19,US,Chattanooga,Tennessee,35.046,-85.31,38.18,0,
2026-09-19,US,Somerville,Massachusetts,42.388,-71.1,37.89,0,
2026-09-19,US,Bloomfield Hills,Michigan,42.584,-83.245,37.58,0,
2026-09-19,US,Lancaster,Pennsylvania,40.038,-76.306,37.5,0,
2026-09-19,US,Lake Oswego,Oregon,45.421,-122.671,37.47,0,
2026-09-19,US,Evanston,Illinois,42.041,-87.69,36.87,0,
2026-09-19,US,West Chester,Pennsylvania,39.961,-75.608,36.29,0,
2026-09-19,US,Salt Lake City,Utah,40.761,-111.891,35.09,0,
2026-09-19,US,New Canaan,Connecticut,41.147,-73.495,34.62,0,
2026-09-19,US,Boise,Idaho,43.614,-116.203,34.54,0,
2026-09-19,US,Ewa Beach,Hawaii,21.316,-158.007,34.300000000000004,0,
2026-09-19,US,Wilmette,Illinois,42.072,-87.723,34.07,0,
2026-09-19,US,Littleton,Colorado,39.613,-105.017,33.89,0,
2026-09-19,US,Dublin,Ohio,40.099,-83.114,33.86,0,
2026-09-19,US,Stamford,Connecticut,41.053,-73.539,33.69,0,
2026-09-19,US,Mobile,Alabama,30.694,-88.043,33.67,0,
2026-09-19,US,Doylestown,Pennsylvania,40.31,-75.13,33.660000000000004,0,
2026-09-19,US,Fairfield,Connecticut,41.141,-73.264,32.3,0,
2026-09-19,US,Chesterfield,Missouri,38.663,-90.577,31.95,0,
2026-09-19,US,Princeton,New Jersey,40.349,-74.659,31.31,0,
2026-09-19,US,Cleveland,Ohio,41.5,-81.695,31.05,0,
2026-09-19,US,Metairie,Louisiana,29.984,-90.153,30.99,0,
2026-09-19,US,Providence,Rhode Island,41.824,-71.413,30.64,0,
2026-09-19,US,Bloomington,Indiana,39.165,-86.526,30.39,0,
2026-09-19,US,Downers Grove,Illinois,41.809,-88.011,29.97,0,
2026-09-19,US,Bentonville,Arkansas,36.373,-94.209,28.93,0,
2026-09-19,US,Fort Collins,Colorado,40.585,-105.084,28.87,0,
2026-09-19,US,Mesa,Arizona,33.422,-111.823,28.68,0,
2026-09-19,US,Norwalk,Connecticut,41.118,-73.408,28.28,0,
2026-09-19,US,Aurora,Colorado,39.729,-104.832,27.82,0,
2026-09-19,US,Gilbert,Arizona,33.353,-111.789,27.81,0,
2026-09-19,US,Eugene,Oregon,44.052,-123.087,26.66,0,
2026-09-19,US,Plymouth,Minnesota,45.011,-93.456,25.21,0,
2026-09-19,US,Beaverton,Oregon,45.487,-122.804,25.1,0,
2026-09-19,US,Madison,Alabama,34.699,-86.748,24.31,0,
2026-09-19,US,Kailua,Hawaii,21.402,-157.741,24.06,0,
2026-09-19,US,Olathe,Kansas,38.881,-94.819,24.01,0,
2026-09-19,US,Norman,Oklahoma,35.223,-97.439,23.68,0,
2026-09-19,US,Springfield,Missouri,37.215,-93.298,23.47,0,
2026-09-19,US,Saint Charles,Missouri,38.784,-90.481,23.22,0,
2026-09-19,US,Plymouth,Michigan,42.371,-83.47,22.47,0,
2026-09-19,US,Newark,Delaware,39.684,-75.75,22.24,0,
2026-09-19,US,Kaneohe,Hawaii,21.4,-157.799,22.05,0,
2026-09-19,US,Lincoln,Nebraska,40.8,-96.667,21.93,0,
2026-09-19,US,Salem,Oregon,44.943,-123.035,21.81,0,
2026-09-19,US,Berkley,Massachusetts,41.846,-71.083,21.65,0,
2026-09-19,US,Rogers,Arkansas,36.332,-94.119,21.27,0,
2026-09-19,US,Morgantown,West Virginia,39.63,-79.956,21.21,0,
2026-09-19,US,Santa Fe,New Mexico,35.687,-105.938,21.03,0,
2026-09-19,US,Cedar Rapids,Iowa,42.008,-91.644,20.56,0,
2026-09-19,US,New Castle,Delaware,39.659,-75.564,20.43,0,
2026-09-19,US,Meridian,Idaho,43.612,-116.392,20.41,0,
2026-09-19,US,Fairhope,Alabama,30.523,-87.903,20.330000000000002,0,
2026-09-19,US,Spokane,Washington,47.657,-117.425,20.04,0,
2026-09-19,US,Fayetteville,Arkansas,36.063,-94.157,19.5,0,
2026-09-19,US,Jonesboro,Arkansas,35.842,-90.704,19.46,0,
2026-09-19,US,Macomb,Michigan,42.701,-82.959,19.34,0,
2026-09-19,US,Lewes,Delaware,38.775,-75.139,19.07,0,
2026-09-19,US,West Lafayette,Indiana,40.426,-86.908,19.02,0,
2026-09-19,US,South Jordan,Utah,40.562,-111.93,18.94,0,
2026-09-19,US,Portland,Maine,43.657,-70.259,18.88,0,
2026-09-19,US,Mililani,Hawaii,21.45,-158.015,18.55,0,
2026-09-19,US,Broken Arrow,Oklahoma,36.053,-95.791,18.41,0,
2026-09-19,US,Nashua,New Hampshire,42.765,-71.468,17.85,0,
2026-09-19,US,Manchester,New Hampshire,42.996,-71.455,17.56,0,
2026-09-19,US,Paducah,Kentucky,37.083,-88.6,17.28,0,
2026-09-19,US,Eden Prairie,Minnesota,44.855,-93.471,16.990000000000002,0,
2026-09-19,US,Barrington,Rhode Island,41.741,-71.309,16.32,0,
2026-09-19,US,Anchorage,Alaska,61.218,-149.9,15.82,0,
2026-09-19,US,Kuna,Idaho,43.492,-116.42,15.77,0,
2026-09-19,US,Madison,Mississippi,32.462,-90.115,15.49,0,
2026-09-19,US,Iowa City,Iowa,41.661,-91.53,15.15,0,
2026-09-19,US,Park City,Utah,40.646,-111.498,15.11,0,
2026-09-19,US,Las Cruces,New Mexico,32.312,-106.778,14.86,0,
2026-09-19,US,Lawrence,Kansas,38.972,-95.235,14.57,0,
2026-09-19,US,Bowling Green,Kentucky,36.99,-86.444,14.15,0,
2026-09-19,US,Des Moines,Iowa,41.601,-93.609,14.09,0,
2026-09-19,US,Minnetonka,Minnesota,44.913,-93.503,13.96,0,
2026-09-19,US,Whitefish Bay,Wisconsin,43.113,-87.9,13.88,0,
2026-09-19,US,Waukesha,Wisconsin,43.012,-88.231,13.72,0,
2026-09-19,US,Fargo,North Dakota,46.877,-96.79,13.69,0,
2026-09-19,US,Gulfport,Mississippi,30.367,-89.093,13.58,0,
2026-09-19,US,Leawood,Kansas,38.967,-94.617,13.370000000000001,0,
2026-09-19,US,Billings,Montana,45.783,-108.501,13.19,0,
2026-09-19,US,Appleton,Wisconsin,44.262,-88.415,12.629999999999999,0,
2026-09-19,US,Sioux Falls,South Dakota,43.55,-96.7,12.62,0,
2026-09-19,US,Scarborough,Maine,43.578,-70.322,12.52,0,
2026-09-19,US,Sandy,Utah,40.592,-111.884,12.15,0,
2026-09-19,US,Elkhorn,Nebraska,41.345,-96.256,12.12,0,
2026-09-19,US,Hampton,New Hampshire,42.938,-70.839,12.1,0,
2026-09-19,US,Wheeling,West Virginia,40.064,-80.721,11.89,0,
2026-09-19,US,West Des Moines,Iowa,41.577,-93.711,11.46,0,
2026-09-19,US,Portsmouth,New Hampshire,43.077,-70.758,10.73,0,
2026-09-19,US,Cheyenne,Wyoming,41.14,-104.82,10.44,0,
2026-09-19,US,Huntington,West Virginia,38.419,-82.445,10.32,0,
2026-09-19,US,Bozeman,Montana,45.68,-111.039,10.21,0,
2026-09-19,US,Ames,Iowa,42.035,-93.62,9.94,0,
2026-09-19,US,Middletown,Delaware,39.45,-75.716,9.94,0,
2026-09-19,US,Warwick,Rhode Island,41.7,-71.416,9.82,0,
2026-09-19,US,South Burlington,Vermont,44.467,-73.171,9.68,0,
2026-09-19,US,Eagle,Idaho,43.695,-116.354,9.37,0,
2026-09-19,US,Charleston,West Virginia,38.35,-81.633,8.77,0,
2026-09-19,US,Southaven,Mississippi,34.989,-90.013,8.71,0,
2026-09-19,US,Cranston,Rhode Island,41.78,-71.437,8.64,0,
2026-09-19,US,Falmouth,Maine,43.73,-70.242,8.64,0,
2026-09-19,US,Sheridan,Wyoming,44.797,-106.956,8.540000000000001,0,
2026-09-19,US,Jackson,Mississippi,32.299,-90.185,8.31,0,
2026-09-19,US,West Fargo,North Dakota,46.875,-96.9,8.23,0,
2026-09-19,US,Exeter,New Hampshire,42.981,-70.948,7.71,0,
2026-09-19,US,Papillion,Nebraska,41.154,-96.042,7.68,0,
2026-09-19,US,East Greenwich,Rhode Island,41.66,-71.456,7.640000000000001,0,
2026-09-19,US,Burlington,Vermont,44.476,-73.212,7.54,0,
2026-09-19,US,Kalispell,Montana,48.196,-114.313,7.49,0,
2026-09-19,US,Hattiesburg,Mississippi,31.327,-89.29,7.45,0,
2026-09-19,US,Rock Springs,Wyoming,41.587,-109.203,6.76,0,
2026-09-19,US,Stowe,Vermont,44.465,-72.685,6.72,0,
2026-09-19,US,Los Alamos,New Mexico,35.888,-106.307,6.67,0,
2026-09-19,US,Rapid City,South Dakota,44.081,-103.231,6.6,0,
2026-09-19,US,Bangor,Maine,44.799,-68.773,6.22,0,
2026-09-19,US,Cordova,Alaska,60.543,-145.759,6.17,0,
2026-09-19,US,Great Falls,Montana,47.5,-111.301,6.13,0,
2026-09-19,US,Tijeras,New Mexico,35.081,-106.388,6.01,0,
2026-09-19,US,Missoula,Montana,46.872,-113.994,5.85,0,
2026-09-19,US,Bismarck,North Dakota,46.808,-100.784,5.68,0,
2026-09-19,US,Dickinson,North Dakota,46.879,-102.79,5.43,0,
2026-09-19,US,Hurricane,West Virginia,38.433,-82.02,5.38,0,
2026-09-19,US,Bellevue,Nebraska,41.137,-95.891,5.11,0,
2026-09-19,US,Essex Junction,Vermont,44.491,-73.111,5.05,0,
2026-09-19,US,Eliot,Maine,43.153,-70.8,4.89,0,
2026-09-19,US,Middlesboro,Kentucky,36.608,-83.717,4.7,0,
2026-09-19,US,Fairbanks,Alaska,64.838,-147.716,4.66,0,
2026-09-19,US,Carson City,Nevada,39.164,-119.767,4.58,0,
2026-09-19,US,North Las Vegas,Nevada,36.199,-115.118,4.38,0,
2026-09-19,US,Hyde Park,Vermont,44.594,-72.617,4.28,0,
2026-09-19,US,Lennox,South Dakota,43.354,-96.892,3.89,0,
2026-09-19,US,Sitka,Alaska,57.053,-135.331,3.34,0,
2026-09-19,US,Cody,Wyoming,44.526,-109.057,2.94,0,
2026-09-19,US,Eagle Mountain,Utah,40.314,-111.985,2.77,0,
2026-09-19,US,Madison,South Dakota,44.006,-97.114,2.54,0,
2026-09-19,US,Casper,Wyoming,42.867,-106.313,2.17,0,
2026-09-19,US,Coeur D'Alene,Idaho,47.678,-116.78,2.15,0,
2026-09-19,US,Wasilla,Alaska,61.581,-149.442,2.11,0,
2026-09-19,US,Grand Forks,North Dakota,47.925,-97.033,1.85,0,
2026-09-19,US,Aberdeen,South Dakota,45.465,-98.486,1.81,0,
2026-09-20,US,New York,New York,40.714,-74.006,2297.16,100,
2026-09-20,US,Brooklyn,New York,40.65,-73.95,1151.31,52,
2026-09-20,US,Chicago,Illinois,41.85,-87.65,865.12,39,
2026-09-20,US,Houston,Texas,29.763,-95.363,815.18,17,
2026-09-20,US,Miami,Florida,25.774,-80.194,796.52,11,
2026-09-20,US,San Francisco,California,37.775,-122.419,733.86,18,
2026-09-20,US,Los Angeles,California,34.052,-118.244,712.51,26,
2026-09-20,US,Washington,District of Columbia,38.895,-77.036,518.21,10,
2026-09-20,US,Austin,Texas,30.267,-97.743,455.68,7,
2026-09-20,US,Seattle,Washington,47.606,-122.332,453.15999999999997,8,
2026-09-20,US,Dallas,Texas,32.783,-96.807,441.97,5,
2026-09-20,US,San Diego,California,32.716,-117.165,363.9,7,
2026-09-20,US,Atlanta,Georgia,33.749,-84.388,354.11,5,
2026-09-20,US,Philadelphia,Pennsylvania,39.952,-75.164,321.23,5,
2026-09-20,US,Charlotte,North Carolina,35.227,-80.843,310.72,4,
2026-09-20,US,Portland,Oregon,45.523,-122.676,300.83,5,
2026-09-20,US,Boston,Massachusetts,42.358,-71.06,292.32,4,
2026-09-20,US,San Jose,California,37.339,-121.895,288.34,5,
2026-09-20,US,Orlando,Florida,28.538,-81.379,287.16,3,
2026-09-20,US,Reading,Massachusetts,42.526,-71.095,279.6,14,
2026-09-20,US,Alexandria,Virginia,38.805,-77.047,249.35,3,
2026-09-20,US,Honolulu,Hawaii,21.307,-157.858,245.56,2,
2026-09-20,US,San Antonio,Texas,29.424,-98.494,225.54,3,
2026-09-20,US,Naples,Florida,26.142,-81.796,224.33,1,
2026-09-20,US,Cincinnati,Ohio,39.127,-84.514,218.57999999999998,1,
2026-09-20,US,Nashville,Tennessee,36.166,-86.784,208.6,2,
2026-09-20,US,Tampa,Florida,27.948,-82.458,204.69,1,
2026-09-20,US,Pittsburgh,Pennsylvania,40.441,-79.996,199.91,2,
2026-09-20,US,Raleigh,North Carolina,35.772,-78.639,197.87,1,
2026-09-20,US,Oakland,California,37.804,-122.271,196.73,3,
2026-09-20,US,Fort Worth,Texas,32.725,-97.321,184.01,0,
2026-09-20,US,Columbus,Ohio,39.961,-82.999,182.38,0,
2026-09-20,US,Arlington,Virginia,38.881,-77.104,178.98,2,
2026-09-20,US,Las Vegas,Nevada,36.175,-115.137,177.22,0,
2026-09-20,US,Boca Raton,Florida,26.359,-80.083,176.51,0,
2026-09-20,US,Jersey City,New Jersey,40.728,-74.078,172.53,1,
2026-09-20,US,Marietta,Georgia,33.953,-84.55,165.64,0,
2026-09-20,US,Denver,Colorado,39.739,-104.985,165.28,0,
2026-09-20,US,Louisville,Kentucky,38.254,-85.759,154.39,0,
2026-09-20,US,Minneapolis,Minnesota,44.98,-93.264,153.74,1,
2026-09-20,US,Saint Louis,Missouri,38.652,-90.205,148.16,0,
2026-09-20,US,Staten Island,New York,40.562,-74.14,146.32,0,
2026-09-20,US,Indianapolis,Indiana,39.768,-86.158,141.75,0,
2026-09-20,US,Virginia Beach,Virginia,36.853,-75.978,140.76,0,
2026-09-20,US,Richmond,Virginia,37.554,-77.46,138.46,0,
2026-09-20,US,Phoenix,Arizona,33.448,-112.074,135.18,0,
2026-09-20,US,Bronx,New York,40.85,-73.866,133.34,0,
2026-09-20,US,Tulsa,Oklahoma,36.154,-95.993,132.48,0,
2026-09-20,US,Greenwich,Connecticut,41.026,-73.628,124.13,0,
2026-09-20,US,Baton Rouge,Louisiana,30.443,-91.187,122.74,0,
2026-09-20,US,Knoxville,Tennessee,35.961,-83.921,121.43,0,
2026-09-20,US,Tucson,Arizona,32.222,-110.926,118.39,0,
2026-09-20,US,Bethesda,Maryland,38.981,-77.1,114.21,0,
2026-09-20,US,Edmond,Oklahoma,35.653,-97.478,111.85,0,
2026-09-20,US,Scottsdale,Arizona,33.509,-111.899,110.01,0,
2026-09-20,US,Birmingham,Alabama,33.521,-86.802,109.37,0,
2026-09-20,US,Baltimore,Maryland,39.29,-76.612,109.34,0,
2026-09-20,US,Lexington,Kentucky,37.989,-84.478,106.45,0,
2026-09-20,US,Greenville,South Carolina,34.853,-82.394,105.66,0,
2026-09-20,US,Cambridge,Massachusetts,42.375,-71.106,105.0,0,
2026-09-20,US,New Orleans,Louisiana,29.955,-90.075,94.78,0,
2026-09-20,US,Charleston,South Carolina,32.776,-79.933,94.57000000000001,0,
2026-09-20,US,Memphis,Tennessee,35.15,-90.049,94.26,0,
2026-09-20,US,Savannah,Georgia,32.084,-81.1,94.15,0,
2026-09-20,US,Wilmington,North Carolina,34.236,-77.946,92.35,0,
2026-09-20,US,Albuquerque,New Mexico,35.084,-106.651,91.62,0,
2026-09-20,US,Hoboken,New Jersey,40.744,-74.032,89.08,0,
2026-09-20,US,Naperville,Illinois,41.786,-88.147,89.0,0,
2026-09-20,US,Grand Rapids,Michigan,42.963,-85.668,88.87,0,
2026-09-20,US,Franklin,Tennessee,35.925,-86.869,88.61,0,
2026-09-20,US,Huntsville,Alabama,34.73,-86.586,87.32,0,
2026-09-20,US,Kansas City,Missouri,39.1,-94.579,86.75999999999999,0,
2026-09-20,US,Fairfax,Virginia,38.846,-77.306,86.41,0,
2026-09-20,US,Shreveport,Louisiana,32.525,-93.75,85.44,0,
2026-09-20,US,Colorado Springs,Colorado,38.834,-104.821,85.42,0,
2026-09-20,US,Wilmington,Delaware,39.746,-75.547,81.57000000000001,0,
2026-09-20,US,Ann Arbor,Michigan,42.278,-83.741,80.96000000000001,0,
2026-09-20,US,Astoria,New York,40.772,-73.93,80.33,0,
2026-09-20,US,Vancouver,Washington,45.639,-122.661,80.07,0,
2026-09-20,US,Bellevue,Washington,47.61,-122.201,79.92,0,
2026-09-20,US,Carmel,Indiana,39.978,-86.118,79.79,0,
2026-09-20,US,Alpharetta,Georgia,34.075,-84.294,77.85,0,
2026-09-20,US,Saint Paul,Minnesota,44.944,-93.093,77.43,0,
2026-09-20,US,Milwaukee,Wisconsin,43.039,-87.906,76.58,0,
2026-09-20,US,Little Rock,Arkansas,34.746,-92.29,75.28,0,
2026-09-20,US,Myrtle Beach,South Carolina,33.689,-78.887,72.48,0,
2026-09-20,US,Lafayette,Louisiana,30.224,-92.02,71.96,0,
2026-09-20,US,Dayton,Ohio,39.759,-84.192,69.58,0,
2026-09-20,US,Chapel Hill,North Carolina,35.913,-79.056,68.9,0,
2026-09-20,US,Wichita,Kansas,37.692,-97.338,68.42,0,
2026-09-20,US,Omaha,Nebraska,41.256,-95.94,68.35,0,
2026-09-20,US,Columbia,South Carolina,34.001,-81.035,67.82,0,
2026-09-20,US,Oklahoma City,Oklahoma,35.468,-97.516,67.63,0,
2026-09-20,US,Tacoma,Washington,47.253,-122.444,65.8,0,
2026-09-20,US,Durham,North Carolina,35.994,-78.899,65.64,0,
2026-09-20,US,Henderson,Nevada,36.04,-114.982,65.17999999999999,2,
2026-09-20,US,Silver Spring,Maryland,38.991,-77.026,64.84,0,
2026-09-20,US,Overland Park,Kansas,38.982,-94.671,63.839999999999996,0,
2026-09-20,US,Mount Pleasant,South Carolina,32.794,-79.863,62.14,0,
2026-09-20,US,Madison,Wisconsin,43.073,-89.401,60.75,0,
2026-09-20,US,Rockville,Maryland,39.084,-77.153,60.47,0,
2026-09-20,US,Fort Wayne,Indiana,41.131,-85.129,60.11,0,
2026-09-20,US,Morristown,New Jersey,40.797,-74.482,59.71,0,
2026-09-20,US,Decatur,Georgia,33.775,-84.296,58.75,0,
2026-09-20,US,Reno,Nevada,39.53,-119.814,58.14,0,
2026-09-20,US,Annapolis,Maryland,38.979,-76.492,56.9,0,
2026-09-20,US,Westfield,New Jersey,40.659,-74.347,54.71,0,
2026-09-20,US,Chattanooga,Tennessee,35.046,-85.31,54.06,0,
2026-09-20,US,Somerville,Massachusetts,42.388,-71.1,53.71,0,
2026-09-20,US,Bloomfield Hills,Michigan,42.584,-83.245,53.28,0,
2026-09-20,US,Lancaster,Pennsylvania,40.038,-76.306,53.18,0,
2026-09-20,US,Lake Oswego,Oregon,45.421,-122.671,53.14,0,
2026-09-20,US,Evanston,Illinois,42.041,-87.69,52.24,0,
2026-09-20,US,West Chester,Pennsylvania,39.961,-75.608,51.58,0,
2026-09-20,US,Salt Lake City,Utah,40.761,-111.891,49.71,0,
2026-09-20,US,New Canaan,Connecticut,41.147,-73.495,49.1,0,
2026-09-20,US,Boise,Idaho,43.614,-116.203,48.86,0,
2026-09-20,US,Ewa Beach,Hawaii,21.316,-158.007,48.58,0,
2026-09-20,US,Wilmette,Illinois,42.072,-87.723,48.39,0,
2026-09-20,US,Dublin,Ohio,40.099,-83.114,48.0,0,
2026-09-20,US,Littleton,Colorado,39.613,-105.017,47.96,0,
2026-09-20,US,Stamford,Connecticut,41.053,-73.539,47.71,0,
2026-09-20,US,Mobile,Alabama,30.694,-88.043,47.69,0,
2026-09-20,US,Doylestown,Pennsylvania,40.31,-75.13,47.66,0,
2026-09-20,US,Fairfield,Connecticut,41.141,-73.264,45.78,0,
2026-09-20,US,Chesterfield,Missouri,38.663,-90.577,45.4,0,
2026-09-20,US,Princeton,New Jersey,40.349,-74.659,44.48,0,
2026-09-20,US,Cleveland,Ohio,41.5,-81.695,44.07,0,
2026-09-20,US,Metairie,Louisiana,29.984,-90.153,43.96,0,
2026-09-20,US,Providence,Rhode Island,41.824,-71.413,43.45,0,
2026-09-20,US,Bloomington,Indiana,39.165,-86.526,43.14,0,
2026-09-20,US,Downers Grove,Illinois,41.809,-88.011,42.53,0,
2026-09-20,US,Bentonville,Arkansas,36.373,-94.209,41.08,0,
2026-09-20,US,Fort Collins,Colorado,40.585,-105.084,40.95,0,
2026-09-20,US,Mesa,Arizona,33.422,-111.823,40.58,0,
2026-09-20,US,Norwalk,Connecticut,41.118,-73.408,40.1,0,
2026-09-20,US,Aurora,Colorado,39.729,-104.832,39.49,0,
2026-09-20,US,Gilbert,Arizona,33.353,-111.789,39.48,0,
2026-09-20,US,Eugene,Oregon,44.052,-123.087,37.77,0,
2026-09-20,US,Plymouth,Minnesota,45.011,-93.456,35.69,0,
2026-09-20,US,Beaverton,Oregon,45.487,-122.804,35.54,0,
2026-09-20,US,Madison,Alabama,34.699,-86.748,34.5,0,
2026-09-20,US,Kailua,Hawaii,21.402,-157.741,34.06,0,
2026-09-20,US,Olathe,Kansas,38.881,-94.819,34.03,0,
2026-09-20,US,Norman,Oklahoma,35.223,-97.439,33.55,0,
2026-09-20,US,Springfield,Missouri,37.215,-93.298,33.32,0,
2026-09-20,US,Saint Charles,Missouri,38.784,-90.481,32.88,0,
2026-09-20,US,Plymouth,Michigan,42.371,-83.47,31.87,0,
2026-09-20,US,Newark,Delaware,39.684,-75.75,31.51,0,
2026-09-20,US,Kaneohe,Hawaii,21.4,-157.799,31.16,0,
2026-09-20,US,Lincoln,Nebraska,40.8,-96.667,31.06,0,
2026-09-20,US,Salem,Oregon,44.943,-123.035,31.0,0,
2026-09-20,US,Berkley,Massachusetts,41.846,-71.083,30.65,0,
2026-09-20,US,Rogers,Arkansas,36.332,-94.119,30.16,0,
2026-09-20,US,Morgantown,West Virginia,39.63,-79.956,29.98,0,
2026-09-20,US,Santa Fe,New Mexico,35.687,-105.938,29.89,0,
2026-09-20,US,Cedar Rapids,Iowa,42.008,-91.644,29.23,0,
2026-09-20,US,New Castle,Delaware,39.659,-75.564,29.07,0,
2026-09-20,US,Meridian,Idaho,43.612,-116.392,29.01,0,
2026-09-20,US,Fairhope,Alabama,30.523,-87.903,28.88,0,
2026-09-20,US,Spokane,Washington,47.657,-117.425,28.43,0,
2026-09-20,US,Fayetteville,Arkansas,36.063,-94.157,27.71,0,
2026-09-20,US,Jonesboro,Arkansas,35.842,-90.704,27.68,0,
2026-09-20,US,Macomb,Michigan,42.701,-82.959,27.44,0,
2026-09-20,US,Lewes,Delaware,38.775,-75.139,27.08,0,
2026-09-20,US,West Lafayette,Indiana,40.426,-86.908,26.96,0,
2026-09-20,US,South Jordan,Utah,40.562,-111.93,26.830000000000002,0,
2026-09-20,US,Portland,Maine,43.657,-70.259,26.75,0,
2026-09-20,US,Mililani,Hawaii,21.45,-158.015,26.29,0,
2026-09-20,US,Broken Arrow,Oklahoma,36.053,-95.791,26.0,0,
2026-09-20,US,Nashua,New Hampshire,42.765,-71.468,25.26,0,
2026-09-20,US,Manchester,New Hampshire,42.996,-71.455,24.88,0,
2026-09-20,US,Paducah,Kentucky,37.083,-88.6,24.48,0,
2026-09-20,US,Eden Prairie,Minnesota,44.855,-93.471,24.12,0,
2026-09-20,US,Barrington,Rhode Island,41.741,-71.309,23.18,0,
2026-09-20,US,Anchorage,Alaska,61.218,-149.9,22.46,0,
2026-09-20,US,Kuna,Idaho,43.492,-116.42,22.36,0,
2026-09-20,US,Madison,Mississippi,32.462,-90.115,21.98,0,
2026-09-20,US,Iowa City,Iowa,41.661,-91.53,21.46,0,
2026-09-20,US,Park City,Utah,40.646,-111.498,21.42,0,
2026-09-20,US,Las Cruces,New Mexico,32.312,-106.778,21.05,0,
2026-09-20,US,Lawrence,Kansas,38.972,-95.235,20.64,0,
2026-09-20,US,Bowling Green,Kentucky,36.99,-86.444,20.1,0,
2026-09-20,US,Des Moines,Iowa,41.601,-93.609,20.01,0,
2026-09-20,US,Minnetonka,Minnesota,44.913,-93.503,19.8,0,
2026-09-20,US,Whitefish Bay,Wisconsin,43.113,-87.9,19.74,0,
2026-09-20,US,Waukesha,Wisconsin,43.012,-88.231,19.44,0,
2026-09-20,US,Fargo,North Dakota,46.877,-96.79,19.37,0,
2026-09-20,US,Gulfport,Mississippi,30.367,-89.093,19.19,0,
2026-09-20,US,Leawood,Kansas,38.967,-94.617,18.97,0,
2026-09-20,US,Billings,Montana,45.783,-108.501,18.74,0,
2026-09-20,US,Appleton,Wisconsin,44.262,-88.415,17.91,0,
2026-09-20,US,Sioux Falls,South Dakota,43.55,-96.7,17.9,0,
2026-09-20,US,Scarborough,Maine,43.578,-70.322,17.72,0,
2026-09-20,US,Sandy,Utah,40.592,-111.884,17.27,0,
2026-09-20,US,Elkhorn,Nebraska,41.345,-96.256,17.23,0,
2026-09-20,US,Hampton,New Hampshire,42.938,-70.839,17.18,0,
2026-09-20,US,Wheeling,West Virginia,40.064,-80.721,16.92,0,
2026-09-20,US,West Des Moines,Iowa,41.577,-93.711,16.26,0,
2026-09-20,US,Portsmouth,New Hampshire,43.077,-70.758,15.23,0,
2026-09-20,US,Cheyenne,Wyoming,41.14,-104.82,14.83,0,
2026-09-20,US,Huntington,West Virginia,38.419,-82.445,14.62,0,
2026-09-20,US,Bozeman,Montana,45.68,-111.039,14.46,0,
2026-09-20,US,Ames,Iowa,42.035,-93.62,14.12,0,
2026-09-20,US,Middletown,Delaware,39.45,-75.716,14.08,0,
2026-09-20,US,Warwick,Rhode Island,41.7,-71.416,13.799999999999999,0,
2026-09-20,US,South Burlington,Vermont,44.467,-73.171,13.68,0,
2026-09-20,US,Eagle,Idaho,43.695,-116.354,13.24,0,
2026-09-20,US,Charleston,West Virginia,38.35,-81.633,12.530000000000001,0,
2026-09-20,US,Southaven,Mississippi,34.989,-90.013,12.4,0,
2026-09-20,US,Cranston,Rhode Island,41.78,-71.437,12.27,0,
2026-09-20,US,Falmouth,Maine,43.73,-70.242,12.27,0,
2026-09-20,US,Sheridan,Wyoming,44.797,-106.956,12.15,0,
2026-09-20,US,Jackson,Mississippi,32.299,-90.185,11.79,0,
2026-09-20,US,West Fargo,North Dakota,46.875,-96.9,11.62,0,
2026-09-20,US,Exeter,New Hampshire,42.981,-70.948,11.04,0,
2026-09-20,US,Papillion,Nebraska,41.154,-96.042,10.98,0,
2026-09-20,US,East Greenwich,Rhode Island,41.66,-71.456,10.94,0,
2026-09-20,US,Burlington,Vermont,44.476,-73.212,10.75,0,
2026-09-20,US,Kalispell,Montana,48.196,-114.313,10.67,0,
2026-09-20,US,Hattiesburg,Mississippi,31.327,-89.29,10.549999999999999,0,
2026-09-20,US,Rock Springs,Wyoming,41.587,-109.203,9.64,0,
2026-09-20,US,Stowe,Vermont,44.465,-72.685,9.58,0,
2026-09-20,US,Los Alamos,New Mexico,35.888,-106.307,9.530000000000001,0,
2026-09-20,US,Rapid City,South Dakota,44.081,-103.231,9.44,0,
2026-09-20,US,Bangor,Maine,44.799,-68.773,8.78,0,
2026-09-20,US,Cordova,Alaska,60.543,-145.759,8.69,0,
2026-09-20,US,Great Falls,Montana,47.5,-111.301,8.66,0,
2026-09-20,US,Tijeras,New Mexico,35.081,-106.388,8.450000000000001,0,
2026-09-20,US,Missoula,Montana,46.872,-113.994,8.27,0,
2026-09-20,US,Bismarck,North Dakota,46.808,-100.784,8.13,0,
2026-09-20,US,Dickinson,North Dakota,46.879,-102.79,7.7,0,
2026-09-20,US,Hurricane,West Virginia,38.433,-82.02,7.65,0,
2026-09-20,US,Bellevue,Nebraska,41.137,-95.891,7.28,0,
2026-09-20,US,Essex Junction,Vermont,44.491,-73.111,7.11,0,
2026-09-20,US,Eliot,Maine,43.153,-70.8,6.92,0,
2026-09-20,US,Middlesboro,Kentucky,36.608,-83.717,6.72,0,
2026-09-20,US,Carson City,Nevada,39.164,-119.767,6.54,0,
2026-09-20,US,Fairbanks,Alaska,64.838,-147.716,6.5200000000000005,0,
2026-09-20,US,North Las Vegas,Nevada,36.199,-115.118,6.140000000000001,0,
2026-09-20,US,Hyde Park,Vermont,44.594,-72.617,6.05,0,
2026-09-20,US,Lennox,South Dakota,43.354,-96.892,5.42,0,
2026-09-20,US,Sitka,Alaska,57.053,-135.331,4.73,0,
2026-09-20,US,Cody,Wyoming,44.526,-109.057,4.08,0,
2026-09-20,US,Eagle Mountain,Utah,40.314,-111.985,3.95,0,
2026-09-20,US,Madison,South Dakota,44.006,-97.114,3.63,0,
2026-09-20,US,Casper,Wyoming,42.867,-106.313,3.09,0,
2026-09-20,US,Coeur D'Alene,Idaho,47.678,-116.78,3.0,0,
2026-09-20,US,Wasilla,Alaska,61.581,-149.442,2.96,0,
2026-09-20,US,Grand Forks,North Dakota,47.925,-97.033,2.63,0,
2026-09-20,US,Aberdeen,South Dakota,45.465,-98.486,2.53,0,
2026-09-21,UK,London,England,51.509,-0.126,2.96,1,
2026-09-21,UK,Bristol,England,51.455,-2.597,0.39,0,
2026-09-21,UK,Swindon,England,51.558,-1.781,0.21,0,
2026-09-21,UK,Sheffield,England,53.383,-1.466,0.17,0,
2026-09-21,UK,Glasgow,Scotland,55.865,-4.258,0.14,0,
2026-09-21,UK,Birmingham,England,52.481,-1.9,0.11,0,
2026-09-21,UK,Edinburgh,Scotland,55.952,-3.196,0.11,0,
2026-09-21,UK,Hove,England,50.831,-0.167,0.11,0,
2026-09-21,UK,Manchester,England,53.481,-2.237,0.11,0,
2026-09-21,UK,Brighton,England,50.828,-0.139,0.09,0,
2026-09-21,UK,Cardiff,Wales,51.48,-3.18,0.07,0,
2026-09-21,UK,Dunfermline,Scotland,56.072,-3.459,0.06,0,
2026-09-21,UK,Aberdare,Wales,51.714,-3.449,0.05,0,
2026-09-21,UK,Aberdeen,Scotland,57.144,-2.098,0.05,0,
2026-09-21,UK,Newry,Northern Ireland,54.178,-6.337,0.05,0,
2026-09-21,UK,Balerno,Scotland,55.884,-3.34,0.03,0,
2026-09-21,UK,Banchory,Scotland,57.052,-2.488,0.03,0,
2026-09-21,UK,Barrhead,Scotland,55.799,-4.393,0.03,0,
2026-09-21,UK,Belfast,Northern Ireland,54.597,-5.925,0.03,0,
2026-09-21,UK,Merthyr Tydfil,Wales,51.748,-3.378,0.03,0,
2026-09-21,UK,Port Talbot,Wales,51.592,-3.78,0.03,0,
2026-09-21,UK,Aboyne,Scotland,57.075,-2.78,0.02,0,
2026-09-21,UK,Clarbeston Road,Wales,51.851,-4.881,0.02,0,
2026-09-21,UK,Craigavon,Northern Ireland,54.447,-6.387,0.02,0,
2026-09-21,UK,Cwmbran,Wales,51.654,-3.023,0.02,0,
2026-09-21,UK,Dromara,Northern Ireland,54.367,-6.017,0.02,0,
2026-09-21,UK,Llanidloes,Wales,52.45,-3.54,0.02,0,
2026-09-21,UK,Swansea,Wales,51.621,-3.944,0.02,0,
2026-09-21,US,New York,New York,40.714,-74.006,1653.15,79,
2026-09-21,US,Brooklyn,New York,40.65,-73.95,828.79,48,
2026-09-21,US,Chicago,Illinois,41.85,-87.65,622.8100000000001,31,
2026-09-21,US,Houston,Texas,29.763,-95.363,586.91,12,
2026-09-21,US,Miami,Florida,25.774,-80.194,573.39,8,
2026-09-21,US,San Francisco,California,37.775,-122.419,528.37,15,
2026-09-21,US,Los Angeles,California,34.052,-118.244,512.98,20,
2026-09-21,US,Washington,District of Columbia,38.895,-77.036,373.03,7,
2026-09-21,US,Austin,Texas,30.267,-97.743,328.02,4,
2026-09-21,US,Seattle,Washington,47.606,-122.332,326.24,5,
2026-09-21,US,Dallas,Texas,32.783,-96.807,318.18,2,
2026-09-21,US,San Diego,California,32.716,-117.165,261.91,4,
2026-09-21,US,Atlanta,Georgia,33.749,-84.388,254.89,2,
2026-09-21,US,Philadelphia,Pennsylvania,39.952,-75.164,231.25,2,
2026-09-21,US,Charlotte,North Carolina,35.227,-80.843,223.67,2,
2026-09-21,US,Portland,Oregon,45.523,-122.676,216.64,2,
2026-09-21,US,Boston,Massachusetts,42.358,-71.06,210.43,2,
2026-09-21,US,San Jose,California,37.339,-121.895,207.6,2,
2026-09-21,US,Orlando,Florida,28.538,-81.379,206.73,2,
2026-09-21,US,Reading,Massachusetts,42.526,-71.095,201.3,8,
2026-09-21,US,Alexandria,Virginia,38.805,-77.047,179.54,2,
2026-09-21,US,Honolulu,Hawaii,21.307,-157.858,176.75,1,
2026-09-21,US,San Antonio,Texas,29.424,-98.494,162.32999999999998,1,
2026-09-21,US,Naples,Florida,26.142,-81.796,161.55,1,
2026-09-21,US,Cincinnati,Ohio,39.127,-84.514,157.38,1,
2026-09-21,US,Nashville,Tennessee,36.166,-86.784,150.11,1,
2026-09-21,US,Tampa,Florida,27.948,-82.458,147.32999999999998,1,
2026-09-21,US,Pittsburgh,Pennsylvania,40.441,-79.996,143.92000000000002,1,
2026-09-21,US,Raleigh,North Carolina,35.772,-78.639,142.51,1,
2026-09-21,US,Oakland,California,37.804,-122.271,141.65,2,
2026-09-21,US,Fort Worth,Texas,32.725,-97.321,132.44,0,
2026-09-21,US,Columbus,Ohio,39.961,-82.999,131.34,0,
2026-09-21,US,Arlington,Virginia,38.881,-77.104,128.89000000000001,1,
2026-09-21,US,Las Vegas,Nevada,36.175,-115.137,127.53999999999999,0,
2026-09-21,US,Boca Raton,Florida,26.359,-80.083,127.06,0,
2026-09-21,US,Jersey City,New Jersey,40.728,-74.078,124.19,1,
2026-09-21,US,Marietta,Georgia,33.953,-84.55,119.23,0,
2026-09-21,US,Denver,Colorado,39.739,-104.985,119.05,0,
2026-09-21,US,Louisville,Kentucky,38.254,-85.759,111.16,0,
2026-09-21,US,Minneapolis,Minnesota,44.98,-93.264,110.77,1,
2026-09-21,US,Saint Louis,Missouri,38.652,-90.205,106.63,0,
2026-09-21,US,Staten Island,New York,40.562,-74.14,105.29,0,
2026-09-21,US,Indianapolis,Indiana,39.768,-86.158,101.99,0,
2026-09-21,US,Virginia Beach,Virginia,36.853,-75.978,101.31,0,
2026-09-21,US,Richmond,Virginia,37.554,-77.46,99.74,0,
2026-09-21,US,Phoenix,Arizona,33.448,-112.074,97.27,0,
2026-09-21,US,Bronx,New York,40.85,-73.866,96.02,0,
2026-09-21,US,Tulsa,Oklahoma,36.154,-95.993,95.36,0,
2026-09-21,US,Greenwich,Connecticut,41.026,-73.628,89.34,0,
2026-09-21,US,Baton Rouge,Louisiana,30.443,-91.187,88.36,0,
2026-09-21,US,Knoxville,Tennessee,35.961,-83.921,87.43,0,
2026-09-21,US,Tucson,Arizona,32.222,-110.926,85.32,0,
2026-09-21,US,Bethesda,Maryland,38.981,-77.1,82.23,0,
2026-09-21,US,Edmond,Oklahoma,35.653,-97.478,80.55,0,
2026-09-21,US,Scottsdale,Arizona,33.509,-111.899,79.17,0,
2026-09-21,US,Baltimore,Maryland,39.29,-76.612,78.73,0,
2026-09-21,US,Birmingham,Alabama,33.521,-86.802,78.71,0,
2026-09-21,US,Lexington,Kentucky,37.989,-84.478,76.61,0,
2026-09-21,US,Greenville,South Carolina,34.853,-82.394,76.0,0,
2026-09-21,US,Cambridge,Massachusetts,42.375,-71.106,75.63,0,
2026-09-21,US,New Orleans,Louisiana,29.955,-90.075,68.27,0,
2026-09-21,US,Charleston,South Carolina,32.776,-79.933,68.16,0,
2026-09-21,US,Memphis,Tennessee,35.15,-90.049,67.86,0,
2026-09-21,US,Savannah,Georgia,32.084,-81.1,67.81,0,
2026-09-21,US,Wilmington,North Carolina,34.236,-77.946,66.5,0,
2026-09-21,US,Albuquerque,New Mexico,35.084,-106.651,65.94,0,
2026-09-21,US,Hoboken,New Jersey,40.744,-74.032,64.19,0,
2026-09-21,US,Naperville,Illinois,41.786,-88.147,64.17,0,
2026-09-21,US,Grand Rapids,Michigan,42.963,-85.668,64.02,0,
2026-09-21,US,Franklin,Tennessee,35.925,-86.869,63.82,0,
2026-09-21,US,Huntsville,Alabama,34.73,-86.586,62.910000000000004,0,
2026-09-21,US,Kansas City,Missouri,39.1,-94.579,62.5,0,
2026-09-21,US,Fairfax,Virginia,38.846,-77.306,62.17,0,
2026-09-21,US,Shreveport,Louisiana,32.525,-93.75,61.55,0,
2026-09-21,US,Colorado Springs,Colorado,38.834,-104.821,61.51,0,
2026-09-21,US,Wilmington,Delaware,39.746,-75.547,58.77,0,
2026-09-21,US,Ann Arbor,Michigan,42.278,-83.741,58.38,0,
2026-09-21,US,Astoria,New York,40.772,-73.93,57.8,0,
2026-09-21,US,Vancouver,Washington,45.639,-122.661,57.67,0,
2026-09-21,US,Bellevue,Washington,47.61,-122.201,57.6,0,
2026-09-21,US,Carmel,Indiana,39.978,-86.118,57.44,0,
2026-09-21,US,Alpharetta,Georgia,34.075,-84.294,56.11,0,
2026-09-21,US,Saint Paul,Minnesota,44.944,-93.093,55.769999999999996,0,
2026-09-21,US,Milwaukee,Wisconsin,43.039,-87.906,55.03,0,
2026-09-21,US,Little Rock,Arkansas,34.746,-92.29,54.17,0,
2026-09-21,US,Myrtle Beach,South Carolina,33.689,-78.887,52.14,0,
2026-09-21,US,Lafayette,Louisiana,30.224,-92.02,51.83,0,
2026-09-21,US,Dayton,Ohio,39.759,-84.192,50.1,0,
2026-09-21,US,Chapel Hill,North Carolina,35.913,-79.056,49.58,0,
2026-09-21,US,Wichita,Kansas,37.692,-97.338,49.27,0,
2026-09-21,US,Omaha,Nebraska,41.256,-95.94,49.22,0,
2026-09-21,US,Columbia,South Carolina,34.001,-81.035,48.81,0,
2026-09-21,US,Oklahoma City,Oklahoma,35.468,-97.516,48.76,0,
2026-09-21,US,Tacoma,Washington,47.253,-122.444,47.36,0,
2026-09-21,US,Durham,North Carolina,35.994,-78.899,47.23,0,
2026-09-21,US,Henderson,Nevada,36.04,-114.982,46.98,1,
2026-09-21,US,Silver Spring,Maryland,38.991,-77.026,46.660000000000004,0,
2026-09-21,US,Overland Park,Kansas,38.982,-94.671,45.99,0,
2026-09-21,US,Mount Pleasant,South Carolina,32.794,-79.863,44.72,0,
2026-09-21,US,Madison,Wisconsin,43.073,-89.401,43.72,0,
2026-09-21,US,Rockville,Maryland,39.084,-77.153,43.53,0,
2026-09-21,US,Fort Wayne,Indiana,41.131,-85.129,43.22,0,
2026-09-21,US,Morristown,New Jersey,40.797,-74.482,42.97,0,
2026-09-21,US,Decatur,Georgia,33.775,-84.296,42.28,0,
2026-09-21,US,Reno,Nevada,39.53,-119.814,41.86,0,
2026-09-21,US,Annapolis,Maryland,38.979,-76.492,40.980000000000004,0,
2026-09-21,US,Westfield,New Jersey,40.659,-74.347,39.38,0,
2026-09-21,US,Chattanooga,Tennessee,35.046,-85.31,38.92,0,
2026-09-21,US,Somerville,Massachusetts,42.388,-71.1,38.75,0,
2026-09-21,US,Bloomfield Hills,Michigan,42.584,-83.245,38.31,0,
2026-09-21,US,Lake Oswego,Oregon,45.421,-122.671,38.29,0,
2026-09-21,US,Lancaster,Pennsylvania,40.038,-76.306,38.25,0,
2026-09-21,US,Evanston,Illinois,42.041,-87.69,37.6,0,
2026-09-21,US,West Chester,Pennsylvania,39.961,-75.608,37.15,0,
2026-09-21,US,Salt Lake City,Utah,40.761,-111.891,35.800000000000004,0,
2026-09-21,US,New Canaan,Connecticut,41.147,-73.495,35.36,0,
2026-09-21,US,Boise,Idaho,43.614,-116.203,35.27,0,
2026-09-21,US,Ewa Beach,Hawaii,21.316,-158.007,35.02,0,
2026-09-21,US,Wilmette,Illinois,42.072,-87.723,34.839999999999996,0,
2026-09-21,US,Dublin,Ohio,40.099,-83.114,34.58,0,
2026-09-21,US,Littleton,Colorado,39.613,-105.017,34.55,0,
2026-09-21,US,Mobile,Alabama,30.694,-88.043,34.36,0,
2026-09-21,US,Stamford,Connecticut,41.053,-73.539,34.35,0,
2026-09-21,US,Doylestown,Pennsylvania,40.31,-75.13,34.31,0,
2026-09-21,US,Fairfield,Connecticut,41.141,-73.264,32.96,0,
2026-09-21,US,Chesterfield,Missouri,38.663,-90.577,32.64,0,
2026-09-21,US,Princeton,New Jersey,40.349,-74.659,32.0,0,
2026-09-21,US,Cleveland,Ohio,41.5,-81.695,31.78,0,
2026-09-21,US,Metairie,Louisiana,29.984,-90.153,31.67,0,
2026-09-21,US,Providence,Rhode Island,41.824,-71.413,31.259999999999998,0,
2026-09-21,US,Bloomington,Indiana,39.165,-86.526,31.06,0,
2026-09-21,US,Downers Grove,Illinois,41.809,-88.011,30.59,0,
2026-09-21,US,Bentonville,Arkansas,36.373,-94.209,29.56,0,
2026-09-21,US,Fort Collins,Colorado,40.585,-105.084,29.47,0,
2026-09-21,US,Mesa,Arizona,33.422,-111.823,29.21,0,
2026-09-21,US,Norwalk,Connecticut,41.118,-73.408,28.88,0,
2026-09-21,US,Aurora,Colorado,39.729,-104.832,28.42,0,
2026-09-21,US,Gilbert,Arizona,33.353,-111.789,28.41,0,
2026-09-21,US,Eugene,Oregon,44.052,-123.087,27.19,0,
2026-09-21,US,Plymouth,Minnesota,45.011,-93.456,25.71,0,
2026-09-21,US,Beaverton,Oregon,45.487,-122.804,25.56,0,
2026-09-21,US,Madison,Alabama,34.699,-86.748,24.86,0,
2026-09-21,US,Olathe,Kansas,38.881,-94.819,24.54,0,
2026-09-21,US,Kailua,Hawaii,21.402,-157.741,24.52,0,
2026-09-21,US,Norman,Oklahoma,35.223,-97.439,24.14,0,
2026-09-21,US,Springfield,Missouri,37.215,-93.298,23.96,0,
2026-09-21,US,Saint Charles,Missouri,38.784,-90.481,23.71,0,
2026-09-21,US,Plymouth,Michigan,42.371,-83.47,22.91,0,
2026-09-21,US,Newark,Delaware,39.684,-75.75,22.74,0,
2026-09-21,US,Kaneohe,Hawaii,21.4,-157.799,22.45,0,
2026-09-21,US,Lincoln,Nebraska,40.8,-96.667,22.35,0,
2026-09-21,US,Salem,Oregon,44.943,-123.035,22.34,0,
2026-09-21,US,Berkley,Massachusetts,41.846,-71.083,22.13,0,
2026-09-21,US,Rogers,Arkansas,36.332,-94.119,21.73,0,
2026-09-21,US,Morgantown,West Virginia,39.63,-79.956,21.6,0,
2026-09-21,US,Santa Fe,New Mexico,35.687,-105.938,21.580000000000002,0,
2026-09-21,US,Cedar Rapids,Iowa,42.008,-91.644,21.12,0,
2026-09-21,US,New Castle,Delaware,39.659,-75.564,20.95,0,
2026-09-21,US,Meridian,Idaho,43.612,-116.392,20.91,0,
2026-09-21,US,Fairhope,Alabama,30.523,-87.903,20.81,0,
2026-09-21,US,Spokane,Washington,47.657,-117.425,20.5,0,
2026-09-21,US,Fayetteville,Arkansas,36.063,-94.157,20.01,0,
2026-09-21,US,Jonesboro,Arkansas,35.842,-90.704,19.95,0,
2026-09-21,US,Macomb,Michigan,42.701,-82.959,19.830000000000002,0,
2026-09-21,US,Lewes,Delaware,38.775,-75.139,19.47,0,
2026-09-21,US,West Lafayette,Indiana,40.426,-86.908,19.39,0,
2026-09-21,US,South Jordan,Utah,40.562,-111.93,19.31,0,
2026-09-21,US,Portland,Maine,43.657,-70.259,19.24,0,
2026-09-21,US,Mililani,Hawaii,21.45,-158.015,18.92,0,
2026-09-21,US,Broken Arrow,Oklahoma,36.053,-95.791,18.78,0,
2026-09-21,US,Nashua,New Hampshire,42.765,-71.468,18.22,0,
2026-09-21,US,Manchester,New Hampshire,42.996,-71.455,17.86,0,
2026-09-21,US,Paducah,Kentucky,37.083,-88.6,17.580000000000002,0,
2026-09-21,US,Eden Prairie,Minnesota,44.855,-93.471,17.35,0,
2026-09-21,US,Barrington,Rhode Island,41.741,-71.309,16.71,0,
2026-09-21,US,Anchorage,Alaska,61.218,-149.9,16.23,0,
2026-09-21,US,Kuna,Idaho,43.492,-116.42,16.13,0,
2026-09-21,US,Madison,Mississippi,32.462,-90.115,15.82,0,
2026-09-21,US,Iowa City,Iowa,41.661,-91.53,15.43,0,
2026-09-21,US,Park City,Utah,40.646,-111.498,15.41,0,
2026-09-21,US,Las Cruces,New Mexico,32.312,-106.778,15.13,0,
2026-09-21,US,Lawrence,Kansas,38.972,-95.235,14.82,0,
2026-09-21,US,Bowling Green,Kentucky,36.99,-86.444,14.44,0,
2026-09-21,US,Des Moines,Iowa,41.601,-93.609,14.41,0,
2026-09-21,US,Minnetonka,Minnesota,44.913,-93.503,14.32,0,
2026-09-21,US,Whitefish Bay,Wisconsin,43.113,-87.9,14.19,0,
2026-09-21,US,Waukesha,Wisconsin,43.012,-88.231,13.97,0,
2026-09-21,US,Fargo,North Dakota,46.877,-96.79,13.95,0,
2026-09-21,US,Gulfport,Mississippi,30.367,-89.093,13.86,0,
2026-09-21,US,Leawood,Kansas,38.967,-94.617,13.7,0,
2026-09-21,US,Billings,Montana,45.783,-108.501,13.53,0,
2026-09-21,US,Appleton,Wisconsin,44.262,-88.415,12.86,0,
2026-09-21,US,Sioux Falls,South Dakota,43.55,-96.7,12.86,0,
2026-09-21,US,Scarborough,Maine,43.578,-70.322,12.74,0,
2026-09-21,US,Elkhorn,Nebraska,41.345,-96.256,12.41,0,
2026-09-21,US,Sandy,Utah,40.592,-111.884,12.41,0,
2026-09-21,US,Hampton,New Hampshire,42.938,-70.839,12.4,0,
2026-09-21,US,Wheeling,West Virginia,40.064,-80.721,12.129999999999999,0,
2026-09-21,US,West Des Moines,Iowa,41.577,-93.711,11.71,0,
2026-09-21,US,Portsmouth,New Hampshire,43.077,-70.758,10.94,0,
2026-09-21,US,Cheyenne,Wyoming,41.14,-104.82,10.73,0,
2026-09-21,US,Huntington,West Virginia,38.419,-82.445,10.57,0,
2026-09-21,US,Bozeman,Montana,45.68,-111.039,10.47,0,
2026-09-21,US,Middletown,Delaware,39.45,-75.716,10.19,0,
2026-09-21,US,Ames,Iowa,42.035,-93.62,10.12,0,
2026-09-21,US,Warwick,Rhode Island,41.7,-71.416,10.0,0,
2026-09-21,US,South Burlington,Vermont,44.467,-73.171,9.84,0,
2026-09-21,US,Eagle,Idaho,43.695,-116.354,9.57,0,
2026-09-21,US,Charleston,West Virginia,38.35,-81.633,9.02,0,
2026-09-21,US,Southaven,Mississippi,34.989,-90.013,8.91,0,
2026-09-21,US,Cranston,Rhode Island,41.78,-71.437,8.85,0,
2026-09-21,US,Falmouth,Maine,43.73,-70.242,8.85,0,
2026-09-21,US,Sheridan,Wyoming,44.797,-106.956,8.74,0,
2026-09-21,US,Jackson,Mississippi,32.299,-90.185,8.48,0,
2026-09-21,US,West Fargo,North Dakota,46.875,-96.9,8.38,0,
2026-09-21,US,Exeter,New Hampshire,42.981,-70.948,7.9,0,
2026-09-21,US,Papillion,Nebraska,41.154,-96.042,7.88,0,
2026-09-21,US,East Greenwich,Rhode Island,41.66,-71.456,7.86,0,
2026-09-21,US,Burlington,Vermont,44.476,-73.212,7.69,0,
2026-09-21,US,Kalispell,Montana,48.196,-114.313,7.65,0,
2026-09-21,US,Hattiesburg,Mississippi,31.327,-89.29,7.61,0,
2026-09-21,US,Rock Springs,Wyoming,41.587,-109.203,6.88,0,
2026-09-21,US,Stowe,Vermont,44.465,-72.685,6.84,0,
2026-09-21,US,Los Alamos,New Mexico,35.888,-106.307,6.82,0,
2026-09-21,US,Rapid City,South Dakota,44.081,-103.231,6.74,0,
2026-09-21,US,Bangor,Maine,44.799,-68.773,6.3,0,
2026-09-21,US,Cordova,Alaska,60.543,-145.759,6.21,0,
2026-09-21,US,Great Falls,Montana,47.5,-111.301,6.19,0,
2026-09-21,US,Tijeras,New Mexico,35.081,-106.388,6.07,0,
2026-09-21,US,Missoula,Montana,46.872,-113.994,5.99,0,
2026-09-21,US,Bismarck,North Dakota,46.808,-100.784,5.7700000000000005,0,
2026-09-21,US,Dickinson,North Dakota,46.879,-102.79,5.5600000000000005,0,
2026-09-21,US,Hurricane,West Virginia,38.433,-82.02,5.46,0,
2026-09-21,US,Bellevue,Nebraska,41.137,-95.891,5.23,0,
2026-09-21,US,Essex Junction,Vermont,44.491,-73.111,5.13,0,
2026-09-21,US,Eliot,Maine,43.153,-70.8,4.97,0,
2026-09-21,US,Middlesboro,Kentucky,36.608,-83.717,4.8,0,
2026-09-21,US,Carson City,Nevada,39.164,-119.767,4.69,0,
2026-09-21,US,Fairbanks,Alaska,64.838,-147.716,4.65,0,
2026-09-21,US,North Las Vegas,Nevada,36.199,-115.118,4.41,0,
2026-09-21,US,Hyde Park,Vermont,44.594,-72.617,4.35,0,
2026-09-21,US,Lennox,South Dakota,43.354,-96.892,3.86,0,
2026-09-21,US,Sitka,Alaska,57.053,-135.331,3.38,0,
2026-09-21,US,Cody,Wyoming,44.526,-109.057,2.95,0,
2026-09-21,US,Eagle Mountain,Utah,40.314,-111.985,2.82,0,
2026-09-21,US,Madison,South Dakota,44.006,-97.114,2.6,0,
2026-09-21,US,Casper,Wyoming,42.867,-106.313,2.21,0,
2026-09-21,US,Coeur D'Alene,Idaho,47.678,-116.78,2.14,0,
2026-09-21,US,Wasilla,Alaska,61.581,-149.442,2.1,0,
2026-09-21,US,Grand Forks,North Dakota,47.925,-97.033,1.9000000000000001,0,
2026-09-21,US,Aberdeen,South Dakota,45.465,-98.486,1.83,0,
2026-09-22,UK,London,England,51.509,-0.126,58.74,1,
2026-09-22,UK,Bristol,England,51.455,-2.597,7.92,0,
2026-09-22,UK,Swindon,England,51.558,-1.781,4.15,0,
2026-09-22,UK,Sheffield,England,53.383,-1.466,3.41,0,
2026-09-22,UK,Glasgow,Scotland,55.865,-4.258,2.79,0,
2026-09-22,UK,Hove,England,50.831,-0.167,2.28,0,
2026-09-22,UK,Birmingham,England,52.481,-1.9,2.27,0,
2026-09-22,UK,Edinburgh,Scotland,55.952,-3.196,2.2,0,
2026-09-22,UK,Manchester,England,53.481,-2.237,2.17,0,
2026-09-22,UK,Brighton,England,50.828,-0.139,1.85,0,
2026-09-22,UK,Cardiff,Wales,51.48,-3.18,1.49,0,
2026-09-22,UK,Dunfermline,Scotland,56.072,-3.459,1.11,0,
2026-09-22,UK,Aberdeen,Scotland,57.144,-2.098,1.1,0,
2026-09-22,UK,Aberdare,Wales,51.714,-3.449,1.04,0,
2026-09-22,UK,Newry,Northern Ireland,54.178,-6.337,1.03,0,
2026-09-22,UK,Banchory,Scotland,57.052,-2.488,0.67,0,
2026-09-22,UK,Port Talbot,Wales,51.592,-3.78,0.57,0,
2026-09-22,UK,Barrhead,Scotland,55.799,-4.393,0.56,0,
2026-09-22,UK,Merthyr Tydfil,Wales,51.748,-3.378,0.55,0,
2026-09-22,UK,Belfast,Northern Ireland,54.597,-5.925,0.54,0,
2026-09-22,UK,Balerno,Scotland,55.884,-3.34,0.52,0,
2026-09-22,UK,Clarbeston Road,Wales,51.851,-4.881,0.5,0,
2026-09-22,UK,Craigavon,Northern Ireland,54.447,-6.387,0.5,0,
2026-09-22,UK,Cwmbran,Wales,51.654,-3.023,0.49,0,
2026-09-22,UK,Llanidloes,Wales,52.45,-3.54,0.47,0,
2026-09-22,UK,Swansea,Wales,51.621,-3.944,0.47,0,
2026-09-22,UK,Dromara,Northern Ireland,54.367,-6.017,0.46,0,
2026-09-22,UK,Aboyne,Scotland,57.075,-2.78,0.43,0,
2026-09-22,US,New York,New York,40.714,-74.006,949.5,58,
2026-09-22,US,Brooklyn,New York,40.65,-73.95,475.81,36,
2026-09-22,US,Chicago,Illinois,41.85,-87.65,357.51,21,
2026-09-22,US,Houston,Texas,29.763,-95.363,336.86,6,
2026-09-22,US,Miami,Florida,25.774,-80.194,329.13,5,
2026-09-22,US,San Francisco,California,37.775,-122.419,303.27,8,
2026-09-22,US,Los Angeles,California,34.052,-118.244,294.44,17,
2026-09-22,US,Washington,District of Columbia,38.895,-77.036,214.16,2,
2026-09-22,US,Austin,Texas,30.267,-97.743,188.28,2,
2026-09-22,US,Seattle,Washington,47.606,-122.332,187.32,2,
2026-09-22,US,Dallas,Texas,32.783,-96.807,182.6,0,
2026-09-22,US,San Diego,California,32.716,-117.165,150.35999999999999,0,
2026-09-22,US,Atlanta,Georgia,33.749,-84.388,146.34,0,
2026-09-22,US,Philadelphia,Pennsylvania,39.952,-75.164,132.74,0,
2026-09-22,US,Charlotte,North Carolina,35.227,-80.843,128.45,0,
2026-09-22,US,Portland,Oregon,45.523,-122.676,124.29,0,
2026-09-22,US,Boston,Massachusetts,42.358,-71.06,120.81,0,
2026-09-22,US,San Jose,California,37.339,-121.895,119.24,0,
2026-09-22,US,Orlando,Florida,28.538,-81.379,118.67999999999999,0,
2026-09-22,US,Reading,Massachusetts,42.526,-71.095,115.52,5,
2026-09-22,US,Alexandria,Virginia,38.805,-77.047,103.06,0,
2026-09-22,US,Honolulu,Hawaii,21.307,-157.858,101.51,0,
2026-09-22,US,San Antonio,Texas,29.424,-98.494,93.15,0,
2026-09-22,US,Naples,Florida,26.142,-81.796,92.72,0,
2026-09-22,US,Cincinnati,Ohio,39.127,-84.514,90.3,0,
2026-09-22,US,Nashville,Tennessee,36.166,-86.784,86.17,0,
2026-09-22,US,Tampa,Florida,27.948,-82.458,84.62,0,
2026-09-22,US,Pittsburgh,Pennsylvania,40.441,-79.996,82.58,0,
2026-09-22,US,Raleigh,North Carolina,35.772,-78.639,81.75,0,
2026-09-22,US,Oakland,California,37.804,-122.271,81.27,0,
2026-09-22,US,Fort Worth,Texas,32.725,-97.321,76.08,0,
2026-09-22,US,Columbus,Ohio,39.961,-82.999,75.37,0,
2026-09-22,US,Arlington,Virginia,38.881,-77.104,73.97,0,
2026-09-22,US,Las Vegas,Nevada,36.175,-115.137,73.25,0,
2026-09-22,US,Boca Raton,Florida,26.359,-80.083,72.97,0,
2026-09-22,US,Jersey City,New Jersey,40.728,-74.078,71.29,0,
2026-09-22,US,Marietta,Georgia,33.953,-84.55,68.38,0,
2026-09-22,US,Denver,Colorado,39.739,-104.985,68.28,0,
2026-09-22,US,Louisville,Kentucky,38.254,-85.759,63.83,0,
2026-09-22,US,Minneapolis,Minnesota,44.98,-93.264,63.519999999999996,0,
2026-09-22,US,Saint Louis,Missouri,38.652,-90.205,61.2,0,
2026-09-22,US,Staten Island,New York,40.562,-74.14,60.44,0,
2026-09-22,US,Indianapolis,Indiana,39.768,-86.158,58.589999999999996,0,
2026-09-22,US,Virginia Beach,Virginia,36.853,-75.978,58.15,0,
2026-09-22,US,Richmond,Virginia,37.554,-77.46,57.21,0,
2026-09-22,US,Phoenix,Arizona,33.448,-112.074,55.9,0,
2026-09-22,US,Bronx,New York,40.85,-73.866,55.15,0,
2026-09-22,US,Tulsa,Oklahoma,36.154,-95.993,54.75,0,
2026-09-22,US,Greenwich,Connecticut,41.026,-73.628,51.26,0,
2026-09-22,US,Baton Rouge,Louisiana,30.443,-91.187,50.72,0,
2026-09-22,US,Knoxville,Tennessee,35.961,-83.921,50.18,0,
2026-09-22,US,Tucson,Arizona,32.222,-110.926,48.9,0,
2026-09-22,US,Bethesda,Maryland,38.981,-77.1,47.17,0,
2026-09-22,US,Edmond,Oklahoma,35.653,-97.478,46.26,0,
2026-09-22,US,Scottsdale,Arizona,33.509,-111.899,45.43,0,
2026-09-22,US,Birmingham,Alabama,33.521,-86.802,45.2,0,
2026-09-22,US,Baltimore,Maryland,39.29,-76.612,45.15,0,
2026-09-22,US,Lexington,Kentucky,37.989,-84.478,43.96,0,
2026-09-22,US,Greenville,South Carolina,34.853,-82.394,43.67,0,
2026-09-22,US,Cambridge,Massachusetts,42.375,-71.106,43.39,0,
2026-09-22,US,New Orleans,Louisiana,29.955,-90.075,39.19,0,
2026-09-22,US,Charleston,South Carolina,32.776,-79.933,39.13,0,
2026-09-22,US,Memphis,Tennessee,35.15,-90.049,38.96,0,
2026-09-22,US,Savannah,Georgia,32.084,-81.1,38.94,0,
2026-09-22,US,Wilmington,North Carolina,34.236,-77.946,38.15,0,
2026-09-22,US,Albuquerque,New Mexico,35.084,-106.651,37.9,0,
2026-09-22,US,Hoboken,New Jersey,40.744,-74.032,36.79,0,
2026-09-22,US,Naperville,Illinois,41.786,-88.147,36.77,0,
2026-09-22,US,Grand Rapids,Michigan,42.963,-85.668,36.74,0,
2026-09-22,US,Franklin,Tennessee,35.925,-86.869,36.62,0,
2026-09-22,US,Huntsville,Alabama,34.73,-86.586,36.11,0,
2026-09-22,US,Kansas City,Missouri,39.1,-94.579,35.83,0,
2026-09-22,US,Fairfax,Virginia,38.846,-77.306,35.74,0,
2026-09-22,US,Shreveport,Louisiana,32.525,-93.75,35.26,0,
2026-09-22,US,Colorado Springs,Colorado,38.834,-104.821,35.25,0,
2026-09-22,US,Wilmington,Delaware,39.746,-75.547,33.71,0,
2026-09-22,US,Ann Arbor,Michigan,42.278,-83.741,33.46,0,
2026-09-22,US,Astoria,New York,40.772,-73.93,33.19,0,
2026-09-22,US,Vancouver,Washington,45.639,-122.661,33.07,0,
2026-09-22,US,Bellevue,Washington,47.61,-122.201,33.06,0,
2026-09-22,US,Carmel,Indiana,39.978,-86.118,32.96,0,
2026-09-22,US,Alpharetta,Georgia,34.075,-84.294,32.2,0,
2026-09-22,US,Saint Paul,Minnesota,44.944,-93.093,32.01,0,
2026-09-22,US,Milwaukee,Wisconsin,43.039,-87.906,31.65,0,
2026-09-22,US,Little Rock,Arkansas,34.746,-92.29,31.13,0,
2026-09-22,US,Myrtle Beach,South Carolina,33.689,-78.887,29.96,0,
2026-09-22,US,Lafayette,Louisiana,30.224,-92.02,29.76,0,
2026-09-22,US,Dayton,Ohio,39.759,-84.192,28.71,0,
2026-09-22,US,Chapel Hill,North Carolina,35.913,-79.056,28.47,0,
2026-09-22,US,Wichita,Kansas,37.692,-97.338,28.330000000000002,0,
2026-09-22,US,Omaha,Nebraska,41.256,-95.94,28.24,0,
2026-09-22,US,Columbia,South Carolina,34.001,-81.035,27.98,0,
2026-09-22,US,Oklahoma City,Oklahoma,35.468,-97.516,27.98,0,
2026-09-22,US,Tacoma,Washington,47.253,-122.444,27.15,0,
2026-09-22,US,Durham,North Carolina,35.994,-78.899,27.12,0,
2026-09-22,US,Henderson,Nevada,36.04,-114.982,26.87,0,
2026-09-22,US,Silver Spring,Maryland,38.991,-77.026,26.79,0,
2026-09-22,US,Overland Park,Kansas,38.982,-94.671,26.400000000000002,0,
2026-09-22,US,Mount Pleasant,South Carolina,32.794,-79.863,25.65,0,
2026-09-22,US,Madison,Wisconsin,43.073,-89.401,25.07,0,
2026-09-22,US,Rockville,Maryland,39.084,-77.153,25.02,0,
2026-09-22,US,Fort Wayne,Indiana,41.131,-85.129,24.8,0,
2026-09-22,US,Morristown,New Jersey,40.797,-74.482,24.66,0,
2026-09-22,US,Decatur,Georgia,33.775,-84.296,24.27,0,
2026-09-22,US,Reno,Nevada,39.53,-119.814,24.01,0,
2026-09-22,US,Annapolis,Maryland,38.979,-76.492,23.56,0,
2026-09-22,US,Westfield,New Jersey,40.659,-74.347,22.59,0,
2026-09-22,US,Chattanooga,Tennessee,35.046,-85.31,22.35,0,
2026-09-22,US,Somerville,Massachusetts,42.388,-71.1,22.2,0,
2026-09-22,US,Bloomfield Hills,Michigan,42.584,-83.245,21.99,0,
2026-09-22,US,Lancaster,Pennsylvania,40.038,-76.306,21.97,0,
2026-09-22,US,Lake Oswego,Oregon,45.421,-122.671,21.96,0,
2026-09-22,US,Evanston,Illinois,42.041,-87.69,21.61,0,
2026-09-22,US,West Chester,Pennsylvania,39.961,-75.608,21.34,0,
2026-09-22,US,Salt Lake City,Utah,40.761,-111.891,20.53,0,
2026-09-22,US,New Canaan,Connecticut,41.147,-73.495,20.26,0,
2026-09-22,US,Boise,Idaho,43.614,-116.203,20.19,0,
2026-09-22,US,Ewa Beach,Hawaii,21.316,-158.007,20.06,0,
2026-09-22,US,Wilmette,Illinois,42.072,-87.723,19.97,0,
2026-09-22,US,Dublin,Ohio,40.099,-83.114,19.83,0,
2026-09-22,US,Littleton,Colorado,39.613,-105.017,19.83,0,
2026-09-22,US,Mobile,Alabama,30.694,-88.043,19.69,0,
2026-09-22,US,Stamford,Connecticut,41.053,-73.539,19.69,0,
2026-09-22,US,Doylestown,Pennsylvania,40.31,-75.13,19.68,0,
2026-09-22,US,Fairfield,Connecticut,41.141,-73.264,18.9,0,
2026-09-22,US,Chesterfield,Missouri,38.663,-90.577,18.740000000000002,0,
2026-09-22,US,Princeton,New Jersey,40.349,-74.659,18.39,0,
2026-09-22,US,Cleveland,Ohio,41.5,-81.695,18.26,0,
2026-09-22,US,Metairie,Louisiana,29.984,-90.153,18.2,0,
2026-09-22,US,Providence,Rhode Island,41.824,-71.413,17.95,0,
2026-09-22,US,Bloomington,Indiana,39.165,-86.526,17.88,0,
2026-09-22,US,Downers Grove,Illinois,41.809,-88.011,17.62,0,
2026-09-22,US,Bentonville,Arkansas,36.373,-94.209,17.01,0,
2026-09-22,US,Fort Collins,Colorado,40.585,-105.084,16.92,0,
2026-09-22,US,Mesa,Arizona,33.422,-111.823,16.84,0,
2026-09-22,US,Norwalk,Connecticut,41.118,-73.408,16.57,0,
2026-09-22,US,Aurora,Colorado,39.729,-104.832,16.32,0,
2026-09-22,US,Gilbert,Arizona,33.353,-111.789,16.32,0,
2026-09-22,US,Eugene,Oregon,44.052,-123.087,15.64,0,
2026-09-22,US,Plymouth,Minnesota,45.011,-93.456,14.71,0,
2026-09-22,US,Beaverton,Oregon,45.487,-122.804,14.66,0,
2026-09-22,US,Madison,Alabama,34.699,-86.748,14.25,0,
2026-09-22,US,Olathe,Kansas,38.881,-94.819,14.05,0,
2026-09-22,US,Kailua,Hawaii,21.402,-157.741,14.03,0,
2026-09-22,US,Norman,Oklahoma,35.223,-97.439,13.86,0,
2026-09-22,US,Springfield,Missouri,37.215,-93.298,13.77,0,
2026-09-22,US,Saint Charles,Missouri,38.784,-90.481,13.59,0,
2026-09-22,US,Plymouth,Michigan,42.371,-83.47,13.17,0,
2026-09-22,US,Newark,Delaware,39.684,-75.75,13.040000000000001,0,
2026-09-22,US,Kaneohe,Hawaii,21.4,-157.799,12.9,0,
2026-09-22,US,Salem,Oregon,44.943,-123.035,12.85,0,
2026-09-22,US,Lincoln,Nebraska,40.8,-96.667,12.78,0,
2026-09-22,US,Berkley,Massachusetts,41.846,-71.083,12.67,0,
2026-09-22,US,Rogers,Arkansas,36.332,-94.119,12.45,0,
2026-09-22,US,Morgantown,West Virginia,39.63,-79.956,12.41,0,
2026-09-22,US,Santa Fe,New Mexico,35.687,-105.938,12.34,0,
2026-09-22,US,Cedar Rapids,Iowa,42.008,-91.644,12.13,0,
2026-09-22,US,New Castle,Delaware,39.659,-75.564,12.040000000000001,0,
2026-09-22,US,Meridian,Idaho,43.612,-116.392,11.98,0,
2026-09-22,US,Fairhope,Alabama,30.523,-87.903,11.91,0,
2026-09-22,US,Spokane,Washington,47.657,-117.425,11.75,0,
2026-09-22,US,Fayetteville,Arkansas,36.063,-94.157,11.49,0,
2026-09-22,US,Jonesboro,Arkansas,35.842,-90.704,11.48,0,
2026-09-22,US,Macomb,Michigan,42.701,-82.959,11.37,0,
2026-09-22,US,Lewes,Delaware,38.775,-75.139,11.15,0,
2026-09-22,US,West Lafayette,Indiana,40.426,-86.908,11.1,0,
2026-09-22,US,South Jordan,Utah,40.562,-111.93,11.08,0,
2026-09-22,US,Portland,Maine,43.657,-70.259,11.05,0,
2026-09-22,US,Mililani,Hawaii,21.45,-158.015,10.92,0,
2026-09-22,US,Broken Arrow,Oklahoma,36.053,-95.791,10.72,0,
2026-09-22,US,Nashua,New Hampshire,42.765,-71.468,10.42,0,
2026-09-22,US,Manchester,New Hampshire,42.996,-71.455,10.290000000000001,0,
2026-09-22,US,Paducah,Kentucky,37.083,-88.6,10.11,0,
2026-09-22,US,Eden Prairie,Minnesota,44.855,-93.471,10.0,0,
2026-09-22,US,Barrington,Rhode Island,41.741,-71.309,9.56,0,
2026-09-22,US,Anchorage,Alaska,61.218,-149.9,9.32,0,
2026-09-22,US,Kuna,Idaho,43.492,-116.42,9.26,0,
2026-09-22,US,Madison,Mississippi,32.462,-90.115,9.04,0,
2026-09-22,US,Park City,Utah,40.646,-111.498,8.83,0,
2026-09-22,US,Iowa City,Iowa,41.661,-91.53,8.82,0,
2026-09-22,US,Las Cruces,New Mexico,32.312,-106.778,8.72,0,
2026-09-22,US,Lawrence,Kansas,38.972,-95.235,8.5,0,
2026-09-22,US,Des Moines,Iowa,41.601,-93.609,8.35,0,
2026-09-22,US,Bowling Green,Kentucky,36.99,-86.444,8.31,0,
2026-09-22,US,Minnetonka,Minnesota,44.913,-93.503,8.18,0,
2026-09-22,US,Whitefish Bay,Wisconsin,43.113,-87.9,8.15,0,
2026-09-22,US,Waukesha,Wisconsin,43.012,-88.231,7.99,0,
2026-09-22,US,Fargo,North Dakota,46.877,-96.79,7.98,0,
2026-09-22,US,Gulfport,Mississippi,30.367,-89.093,7.890000000000001,0,
2026-09-22,US,Leawood,Kansas,38.967,-94.617,7.8100000000000005,0,
2026-09-22,US,Billings,Montana,45.783,-108.501,7.7700000000000005,0,
2026-09-22,US,Appleton,Wisconsin,44.262,-88.415,7.41,0,
2026-09-22,US,Sioux Falls,South Dakota,43.55,-96.7,7.41,0,
2026-09-22,US,Scarborough,Maine,43.578,-70.322,7.32,0,
2026-09-22,US,Sandy,Utah,40.592,-111.884,7.15,0,
2026-09-22,US,Elkhorn,Nebraska,41.345,-96.256,7.14,0,
2026-09-22,US,Hampton,New Hampshire,42.938,-70.839,7.11,0,
2026-09-22,US,Wheeling,West Virginia,40.064,-80.721,6.95,0,
2026-09-22,US,West Des Moines,Iowa,41.577,-93.711,6.68,0,
2026-09-22,US,Portsmouth,New Hampshire,43.077,-70.758,6.28,0,
2026-09-22,US,Cheyenne,Wyoming,41.14,-104.82,6.13,0,
2026-09-22,US,Huntington,West Virginia,38.419,-82.445,6.03,0,
2026-09-22,US,Bozeman,Montana,45.68,-111.039,5.97,0,
2026-09-22,US,Ames,Iowa,42.035,-93.62,5.85,0,
2026-09-22,US,Middletown,Delaware,39.45,-75.716,5.81,0,
2026-09-22,US,South Burlington,Vermont,44.467,-73.171,5.66,0,
2026-09-22,US,Warwick,Rhode Island,41.7,-71.416,5.66,0,
2026-09-22,US,Eagle,Idaho,43.695,-116.354,5.5,0,
2026-09-22,US,Charleston,West Virginia,38.35,-81.633,5.2,0,
2026-09-22,US,Southaven,Mississippi,34.989,-90.013,5.11,0,
2026-09-22,US,Cranston,Rhode Island,41.78,-71.437,5.1,0,
2026-09-22,US,Falmouth,Maine,43.73,-70.242,5.1,0,
2026-09-22,US,Sheridan,Wyoming,44.797,-106.956,5.0,0,
2026-09-22,US,Jackson,Mississippi,32.299,-90.185,4.8500000000000005,0,
2026-09-22,US,West Fargo,North Dakota,46.875,-96.9,4.78,0,
2026-09-22,US,Exeter,New Hampshire,42.981,-70.948,4.57,0,
2026-09-22,US,Papillion,Nebraska,41.154,-96.042,4.5200000000000005,0,
2026-09-22,US,East Greenwich,Rhode Island,41.66,-71.456,4.47,0,
2026-09-22,US,Burlington,Vermont,44.476,-73.212,4.4,0,
2026-09-22,US,Kalispell,Montana,48.196,-114.313,4.4,0,
2026-09-22,US,Hattiesburg,Mississippi,31.327,-89.29,4.36,0,
2026-09-22,US,Rock Springs,Wyoming,41.587,-109.203,3.99,0,
2026-09-22,US,Stowe,Vermont,44.465,-72.685,3.98,0,
2026-09-22,US,Los Alamos,New Mexico,35.888,-106.307,3.96,0,
2026-09-22,US,Rapid City,South Dakota,44.081,-103.231,3.88,0,
2026-09-22,US,Bangor,Maine,44.799,-68.773,3.65,0,
2026-09-22,US,Cordova,Alaska,60.543,-145.759,3.6,0,
2026-09-22,US,Great Falls,Montana,47.5,-111.301,3.57,0,
2026-09-22,US,Tijeras,New Mexico,35.081,-106.388,3.49,0,
2026-09-22,US,Bismarck,North Dakota,46.808,-100.784,3.37,0,
2026-09-22,US,Missoula,Montana,46.872,-113.994,3.35,0,
2026-09-22,US,Dickinson,North Dakota,46.879,-102.79,3.15,0,
2026-09-22,US,Hurricane,West Virginia,38.433,-82.02,3.12,0,
2026-09-22,US,Bellevue,Nebraska,41.137,-95.891,3.02,0,
2026-09-22,US,Essex Junction,Vermont,44.491,-73.111,2.92,0,
2026-09-22,US,Eliot,Maine,43.153,-70.8,2.83,0,
2026-09-22,US,Middlesboro,Kentucky,36.608,-83.717,2.81,0,
2026-09-22,US,Carson City,Nevada,39.164,-119.767,2.74,0,
2026-09-22,US,Fairbanks,Alaska,64.838,-147.716,2.65,0,
2026-09-22,US,North Las Vegas,Nevada,36.199,-115.118,2.56,0,
2026-09-22,US,Hyde Park,Vermont,44.594,-72.617,2.5,0,
2026-09-22,US,Lennox,South Dakota,43.354,-96.892,2.24,0,
2026-09-22,US,Sitka,Alaska,57.053,-135.331,1.94,0,
2026-09-22,US,Cody,Wyoming,44.526,-109.057,1.67,0,
2026-09-22,US,Eagle Mountain,Utah,40.314,-111.985,1.61,0,
2026-09-22,US,Madison,South Dakota,44.006,-97.114,1.51,0,
2026-09-22,US,Casper,Wyoming,42.867,-106.313,1.3,0,
2026-09-22,US,Coeur D'Alene,Idaho,47.678,-116.78,1.27,0,
2026-09-22,US,Wasilla,Alaska,61.581,-149.442,1.23,0,
2026-09-22,US,Grand Forks,North Dakota,47.925,-97.033,1.09,0,
2026-09-22,US,Aberdeen,South Dakota,45.465,-98.486,1.03,0,
